,train,val,test
0,covid_1.png,sub-S09420_ses-E16988_run-1_bp-chest_vp-ap_dx.png,sub-S09376_ses-E21514_run-1_bp-chest_cr.png
1,covid_100.png,sub-S09934_ses-E17062_run-1_bp-chest_vp-ap_dx.png,sub-S09495_ses-E17458_acq-2_run-1_bp-chest_vp-ap_dx.png
2,covid_1000.png,sub-S09376_ses-E21843_run-1_bp-chest_cr.png,sub-S09426_ses-E16596_run-1_bp-chest_vp-ap_dx.png
3,covid_1001.png,sub-S09361_ses-E16787_run-1_bp-chest_vp-ap_dx.png,sub-S09361_ses-E20256_run-1_bp-chest_vp-ap_dx.png
4,covid_1002.png,sub-S09345_ses-E16570_run-1_bp-chest_vp-ap_dx.png,sub-S09375_ses-E20663_run-1_bp-chest_vp-ap_cr.png
5,covid_1007.png,sub-S09492_ses-E23563_run-1_bp-chest_vp-pa_cr.png,sub-S09319_ses-E26763_run-1_bp-chest_vp-ap_dx.png
6,covid_1008.png,sub-S09505_ses-E17698_run-1_bp-chest_cr.png,sub-S10005_ses-E19504_run-1_bp-chest_vp-ap_dx.png
7,covid_1009.png,sub-S09692_ses-E18439_run-1_bp-chest_cr.png,sub-S09336_ses-E26268_run-1_bp-chest_vp-pa_cr.png
8,covid_101.png,sub-S09919_ses-E19455_run-1_bp-chest_vp-ap_cr.png,sub-S09603_ses-E18961_run-1_bp-chest_vp-pa_dx.png
9,covid_1010.png,sub-S09766_ses-E17297_run-1_bp-chest_vp-ap_dx.png,sub-S09689_ses-E23102_run-1_bp-chest_vp-ap_dx.png
10,covid_1011.png,sub-S09555_ses-E18291_run-1_bp-chest_cr.png,sub-S09692_ses-E20201_run-1_bp-chest_cr.png
11,covid_1014.png,sub-S09549_ses-E22083_run-1_bp-chest_vp-ap_dx.png,sub-S09767_ses-E25909_run-1_bp-chest_vp-ap_dx.png
12,covid_1015.png,sub-S09778_ses-E22719_run-1_bp-chest_vp-ap_dx.png,sub-S09465_ses-E25868_run-1_bp-chest_vp-ap_dx.png
13,covid_1016.png,sub-S09745_ses-E19438_run-1_bp-chest_vp-ap_dx.png,sub-S09678_ses-E16587_run-1_bp-chest_vp-ap_dx.png
14,covid_1018.png,sub-S09989_ses-E18086_run-1_bp-chest_vp-ap_dx.png,sub-S09356_ses-E21463_run-1_bp-chest_vp-ap_dx.png
15,covid_1020.png,sub-S09317_ses-E19170_run-1_bp-chest_vp-ap_cr.png,sub-S09698_ses-E16616_run-1_bp-chest_vp-pa_dx.png
16,covid_1023.png,sub-S09810_ses-E17475_acq-1_run-1_bp-chest_vp-pa_dx.png,sub-S09520_ses-E24107_run-1_bp-chest_vp-pa_cr.png
17,covid_1024.png,sub-S09642_ses-E19110_run-1_bp-chest_vp-ap_dx.png,sub-S09762_ses-E16733_run-1_bp-chest_vp-pa_cr.png
18,covid_1025.png,sub-S09827_ses-E25861_run-1_bp-chest_vp-ap_dx.png,sub-S09689_ses-E19201_run-1_bp-chest_vp-ap_dx.png
19,covid_1026.png,sub-S10023_ses-E22543_run-1_bp-chest_vp-ap_dx.png,sub-S09371_ses-E21840_run-1_bp-chest_vp-ap_dx.png
20,covid_1028.png,sub-S09678_ses-E22133_run-1_bp-chest_vp-ap_dx.png,sub-S09366_ses-E21900_run-1_bp-chest_vp-ap_cr.png
21,covid_1030.png,sub-S09683_ses-E20797_run-1_bp-chest_vp-ap_cr.png,sub-S09673_ses-E16581_run-1_bp-chest_vp-ap_dx.png
22,covid_1032.png,sub-S09366_ses-E17172_run-1_bp-chest_vp-ap_cr.png,sub-S09885_ses-E23841_run-2_bp-chest_vp-pa_dx.png
23,covid_1033.png,sub-S09689_ses-E23273_run-1_bp-chest_vp-ap_dx.png,sub-S09520_ses-E18447_run-1_bp-chest_vp-ap_dx.png
24,covid_1035.png,sub-S09346_ses-E20846_run-1_bp-chest_vp-ap_cr.png,sub-S09484_ses-E21303_run-1_bp-chest_vp-pa_cr.png
25,covid_1036.png,sub-S09571_ses-E16890_run-1_bp-chest_vp-ap_dx.png,sub-S09662_ses-E23871_run-1_bp-chest_vp-ap_cr.png
26,covid_1037.png,sub-S09689_ses-E19645_acq-1_run-1_bp-chest_vp-ap_dx.png,sub-S09366_ses-E19984_run-1_bp-chest_vp-ap_cr.png
27,covid_1039.png,sub-S09871_ses-E24085_run-1_bp-chest_cr.png,sub-S09778_ses-E17641_run-1_bp-chest_vp-ap_dx.png
28,covid_104.png,sub-S09788_ses-E24791_run-1_bp-chest_vp-ap_dx.png,sub-S08097_ses-E17492_run-1_bp-chest_vp-ap_dx.png
29,covid_1040.png,sub-S09790_ses-E18586_acq-2_run-1_bp-chest_vp-ap_dx.png,sub-S09517_ses-E18424_run-1_bp-chest_vp-ap_dx.png
30,covid_1041.png,sub-S09683_ses-E25533_run-1_bp-chest_vp-ap_cr.png,sub-S09340_ses-E21921_run-1_bp-chest_vp-ap_cr.png
31,covid_1043.png,sub-S09492_ses-E19961_run-1_bp-chest_vp-ap_dx.png,sub-S09356_ses-E17160_run-1_bp-chest_vp-ap_dx.png
32,covid_1044.png,sub-S09376_ses-E16481_run-1_bp-chest_vp-ap_dx.png,sub-S09678_ses-E20363_run-1_bp-chest_vp-ap_cr.png
33,covid_1045.png,sub-S09352_ses-E16757_run-1_bp-chest_vp-ap_dx.png,sub-S09723_ses-E25934_run-1_bp-chest_vp-ap_dx.png
34,covid_1046.png,sub-S09712_ses-E26390_run-1_bp-chest_vp-ap_dx.png,sub-S09517_ses-E20646_run-1_bp-chest_vp-ap_dx.png
35,covid_1047.png,sub-S09426_ses-E24799_run-2_bp-chest_vp-ap_dx.png,sub-S09353_ses-E22089_run-1_bp-chest_vp-ap_dx.png
36,covid_1049.png,sub-S09512_ses-E21506_run-1_bp-chest_vp-pa_dx.png,sub-S09502_ses-E21334_run-1_bp-chest_vp-ap_dx.png
37,covid_1051.png,sub-S09382_ses-E17280_run-1_bp-chest_vp-ap_cr.png,sub-S09338_ses-E20659_run-1_bp-chest_vp-ap_cr.png
38,covid_1052.png,sub-S09403_ses-E18508_run-1_bp-chest_vp-ap_dx.png,sub-S09365_ses-E17903_run-1_bp-chest_vp-ap_dx.png
39,covid_1053.png,sub-S09939_ses-E26785_run-1_bp-chest_vp-ap_dx.png,sub-S09776_ses-E19765_run-1_bp-chest_vp-pa_cr.png
40,covid_1054.png,sub-S09348_ses-E21857_run-1_bp-chest_vp-ap_dx.png,sub-S09679_ses-E22304_run-1_bp-chest_vp-ap_cr.png
41,covid_1055.png,sub-S09864_ses-E19388_run-2_bp-chest_vp-ap_dx.png,sub-S09673_ses-E23052_run-1_bp-chest_vp-ap_dx.png
42,covid_1058.png,sub-S09768_ses-E16745_run-1_bp-chest_vp-ap_dx.png,sub-S09408_ses-E16213_run-1_bp-chest_cr.png
43,covid_1059.png,sub-S09361_ses-E16908_run-1_bp-chest_vp-ap_dx.png,sub-S09338_ses-E24068_run-1_bp-chest_vp-ap_dx.png
44,covid_106.png,sub-S09382_ses-E16291_run-1_bp-chest_vp-ap_cr.png,sub-S09867_ses-E23304_run-1_bp-chest_vp-ap_dx.png
45,covid_1060.png,sub-S09414_ses-E16220_run-1_bp-chest_vp-ap_dx.png,sub-S09391_ses-E21185_run-1_bp-chest_vp-ap_dx.png
46,covid_1061.png,sub-S09397_ses-E22055_run-1_bp-chest_vp-ap_cr.png,sub-S09348_ses-E16831_run-1_bp-chest_vp-ap_dx.png
47,covid_1062.png,sub-S09629_ses-E22281_run-1_bp-chest_vp-ap_dx.png,sub-S09465_ses-E25441_run-1_bp-chest_vp-ap_cr.png
48,covid_1063.png,sub-S09632_ses-E22469_run-1_bp-chest_vp-ap_dx.png,sub-S09866_ses-E18408_run-1_bp-chest_vp-ap_cr.png
49,covid_1065.png,sub-S09356_ses-E26012_run-2_bp-chest_vp-ap_dx.png,sub-S09366_ses-E18600_run-1_bp-chest_vp-ap_cr.png
50,covid_1066.png,sub-S09308_ses-E20733_acq-2_run-1_bp-chest_vp-ap_dx.png,sub-S09681_ses-E20761_run-1_bp-chest_vp-ap_dx.png
51,covid_1068.png,sub-S09651_ses-E20193_run-1_bp-chest_vp-ap_dx.png,sub-S09689_ses-E20626_run-1_bp-chest_vp-ap_dx.png
52,covid_1069.png,sub-S09358_ses-E16150_run-1_bp-chest_dx.png,sub-S09458_ses-E23122_run-1_bp-chest_vp-ap_dx.png
53,covid_107.png,sub-S09343_ses-E19885_run-1_bp-chest_vp-ap_dx.png,sub-S09504_ses-E16338_run-1_bp-chest_vp-ap_dx.png
54,covid_1070.png,sub-S09766_ses-E17443_run-1_bp-chest_vp-ap_dx.png,sub-S09343_ses-E25885_run-1_bp-chest_vp-ap_dx.png
55,covid_1071.png,sub-S09348_ses-E20223_run-1_bp-chest_vp-ap_dx.png,sub-S09408_ses-E21947_run-1_bp-chest_cr.png
56,covid_1072.png,sub-S09762_ses-E23042_run-1_bp-chest_vp-pa_cr.png,sub-S09532_ses-E16373_run-1_bp-chest_vp-pa_cr.png
57,covid_1074.png,sub-S09469_ses-E19886_run-1_bp-chest_vp-ap_dx.png,sub-S09382_ses-E22396_run-1_bp-chest_vp-ap_cr.png
58,covid_1075.png,sub-S09765_ses-E18242_run-1_bp-chest_vp-ap_dx.png,sub-S09673_ses-E22080_run-1_bp-chest_vp-ap_dx.png
59,covid_1078.png,sub-S09799_ses-E24670_run-1_bp-chest_vp-ap_dx.png,sub-S09685_ses-E16598_run-1_bp-chest_vp-ap_dx.png
60,covid_108.png,sub-S09680_ses-E16590_run-1_bp-chest_vp-ap_cr.png,sub-S09905_ses-E21788_run-1_bp-chest_cr.png
61,covid_1081.png,sub-S09767_ses-E24344_run-1_bp-chest_vp-ap_dx.png,sub-S08047_ses-E17130_run-1_bp-chest_cr.png
62,covid_1087.png,sub-S09498_ses-E22712_run-2_bp-chest_vp-ap_dx.png,sub-S09670_ses-E20338_run-1_bp-chest_vp-ap_cr.png
63,covid_1088.png,sub-S09974_ses-E19369_run-1_bp-chest_vp-ap_dx.png,sub-S09379_ses-E20285_run-1_bp-chest_vp-ap_cr.png
64,covid_109.png,sub-S09510_ses-E23748_run-1_bp-chest_vp-pa_dx.png,sub-S08047_ses-E17539_run-1_bp-chest_vp-ap_dx.png
65,covid_1090.png,sub-S09315_ses-E21849_run-1_bp-chest_vp-ap_cr.png,sub-S09704_ses-E19852_acq-2_run-1_bp-chest_vp-ap_dx.png
66,covid_1091.png,sub-S09334_ses-E22097_run-1_bp-chest_vp-ap_dx.png,sub-S09398_ses-E17923_run-1_bp-chest_vp-ap_cr.png
67,covid_1092.png,sub-S09397_ses-E23382_acq-1_run-1_bp-chest_vp-pa_dx.png,sub-S09348_ses-E18478_run-1_bp-chest_vp-ap_dx.png
68,covid_1094.png,sub-S09552_ses-E19540_run-1_bp-chest_vp-pa_cr.png,sub-S09576_ses-E19386_run-1_bp-chest_vp-pa_dx.png
69,covid_1095.png,sub-S09313_ses-E24544_run-1_bp-chest_vp-ap_dx.png,sub-S09397_ses-E18638_acq-1_run-1_bp-chest_vp-pa_dx.png
70,covid_1098.png,sub-S09687_ses-E16601_run-1_bp-chest_cr.png,sub-S09348_ses-E23148_run-1_bp-chest_vp-ap_dx.png
71,covid_11.png,sub-S09780_ses-E18304_run-1_bp-chest_vp-ap_cr.png,sub-S09517_ses-E19659_run-1_bp-chest_vp-ap_dx.png
72,covid_1100.png,sub-S09420_ses-E25968_run-1_bp-chest_vp-ap_cr.png,sub-S09692_ses-E21356_run-1_bp-chest_cr.png
73,covid_1101.png,sub-S09867_ses-E22582_run-1_bp-chest_vp-ap_dx.png,sub-S09676_ses-E19188_run-1_bp-chest_vp-ap_cr.png
74,covid_1102.png,sub-S09918_ses-E17032_run-1_bp-chest_vp-ap_cr.png,sub-S09848_ses-E17529_run-1_bp-chest_vp-ap_cr.png
75,covid_1103.png,sub-S09361_ses-E21624_run-1_bp-chest_vp-ap_dx.png,sub-S09502_ses-E21131_run-1_bp-chest_vp-ap_dx.png
76,covid_1106.png,sub-S10036_ses-E25397_run-1_bp-chest_vp-ap_cr.png,sub-S09732_ses-E20780_run-1_bp-chest_vp-ap_dx.png
77,covid_1107.png,sub-S09348_ses-E19460_run-1_bp-chest_cr.png,sub-S09909_ses-E25133_run-1_bp-chest_vp-ap_dx.png
78,covid_1109.png,sub-S09371_ses-E19129_run-1_bp-chest_vp-ap_dx.png,sub-S09356_ses-E26447_acq-1_run-1_bp-chest_dx.png
79,covid_111.png,sub-S09815_ses-E16963_run-1_bp-chest_vp-ap_dx.png,sub-S09440_ses-E24069_run-1_bp-chest_vp-ap_cr.png
80,covid_1110.png,sub-S09362_ses-E17797_run-1_bp-chest_vp-ap_dx.png,sub-S09721_ses-E20524_run-1_bp-chest_vp-ap_dx.png
81,covid_1112.png,sub-S09879_ses-E16957_run-1_bp-chest_vp-ap_cr.png,sub-S09363_ses-E18000_acq-2_run-1_bp-chest_vp-ap_dx.png
82,covid_1113.png,sub-S09552_ses-E25924_run-1_bp-chest_vp-pa_cr.png,sub-S09452_ses-E22824_run-1_bp-chest_vp-ap_dx.png
83,covid_1114.png,sub-S09382_ses-E19160_run-1_bp-chest_vp-ap_cr.png,sub-S09836_ses-E23196_acq-1_run-1_bp-chest_vp-pa_cr.png
84,covid_1115.png,sub-S09501_ses-E16335_acq-1_run-1_bp-chest_vp-pa_dx.png,sub-S09376_ses-E22030_acq-1_run-1_bp-chest_cr.png
85,covid_1118.png,sub-S09426_ses-E16330_run-1_bp-chest_vp-ap_dx.png,sub-S09419_ses-E19070_run-1_bp-chest_vp-ap_dx.png
86,covid_112.png,sub-S09331_ses-E21867_run-1_bp-chest_vp-ap_dx.png,sub-S10013_ses-E26372_run-1_bp-chest_vp-ap_cr.png
87,covid_1120.png,sub-S09811_ses-E20421_run-1_bp-chest_vp-ap_dx.png,sub-S09426_ses-E19600_run-1_bp-chest_vp-ap_dx.png
88,covid_1121.png,sub-S09676_ses-E25670_run-1_bp-chest_vp-ap_dx.png,sub-S09905_ses-E17532_run-1_bp-chest_vp-ap_dx.png
89,covid_1127.png,sub-S09350_ses-E20736_run-1_bp-chest_vp-ap_dx.png,sub-S09864_ses-E18393_run-1_bp-chest_vp-ap_cr.png
90,covid_1128.png,sub-S09361_ses-E20765_run-1_bp-chest_vp-ap_dx.png,sub-S09348_ses-E17822_run-1_bp-chest_vp-ap_dx.png
91,covid_1130.png,sub-S09867_ses-E20935_run-1_bp-chest_vp-ap_dx.png,sub-S09747_ses-E18456_run-1_bp-chest_vp-ap_dx.png
92,covid_1133.png,sub-S09694_ses-E16609_run-1_bp-chest_vp-ap_dx.png,sub-S09689_ses-E22308_run-1_bp-chest_vp-ap_dx.png
93,covid_1136.png,sub-S09333_ses-E24256_run-1_bp-chest_vp-ap_cr.png,sub-S09687_ses-E22782_run-1_bp-chest_cr.png
94,covid_1137.png,sub-S09729_ses-E18550_run-1_bp-chest_vp-ap_cr.png,sub-S09315_ses-E17116_run-1_bp-chest_vp-ap_cr.png
95,covid_1138.png,sub-S09795_ses-E19792_acq-1_run-1_bp-chest_vp-ap_cr.png,sub-S09308_ses-E18798_run-1_bp-chest_vp-ap_cr.png
96,covid_114.png,sub-S09522_ses-E20023_run-1_bp-chest_vp-ap_dx.png,sub-S09340_ses-E16129_run-1_bp-chest_vp-ap_cr.png
97,covid_1140.png,sub-S09331_ses-E18504_acq-2_run-1_bp-chest_vp-ap_dx.png,sub-S09395_ses-E19850_run-1_bp-chest_vp-ap_cr.png
98,covid_1142.png,sub-S09662_ses-E19169_run-1_bp-chest_vp-ap_dx.png,sub-S09498_ses-E18844_run-1_bp-chest_vp-ap_cr.png
99,covid_1143.png,sub-S09790_ses-E23097_run-1_bp-chest_vp-ap_dx.png,sub-S09662_ses-E20481_run-1_bp-chest_vp-ap_cr.png
100,covid_1145.png,sub-S09673_ses-E22232_run-1_bp-chest_vp-ap_dx.png,sub-S09318_ses-E26199_run-1_bp-chest_vp-ap_cr.png
101,covid_1147.png,sub-S09841_ses-E23070_run-1_bp-chest_vp-ap_dx.png,sub-S09866_ses-E16930_run-1_bp-chest_vp-ap_dx.png
102,covid_1148.png,sub-S09408_ses-E17145_run-1_bp-chest_cr.png,sub-S09830_ses-E19889_run-1_bp-chest_vp-ap_cr.png
103,covid_1149.png,sub-S09594_ses-E17025_acq-1_run-1_bp-chest_vp-ap_dx.png,sub-S09632_ses-E21267_run-1_bp-chest_vp-ap_dx.png
104,covid_115.png,sub-S10024_ses-E20587_run-1_bp-chest_vp-ap_dx.png,sub-S09919_ses-E19698_run-1_bp-chest_vp-ap_dx.png
105,covid_1150.png,sub-S09953_ses-E22182_run-1_bp-chest_vp-ap_dx.png,sub-S09933_ses-E18817_run-1_bp-chest_vp-pa_dx.png
106,covid_1153.png,sub-S09382_ses-E16569_run-1_bp-chest_vp-ap_cr.png,sub-S09703_ses-E23854_run-1_bp-chest_vp-ap_cr.png
107,covid_1154.png,sub-S09376_ses-E21166_run-1_bp-chest_cr.png,sub-S09905_ses-E17164_run-1_bp-chest_cr.png
108,covid_1155.png,sub-S09955_ses-E19985_run-1_bp-chest_vp-ap_cr.png,sub-S09371_ses-E17519_run-1_bp-chest_vp-ap_dx.png
109,covid_1156.png,sub-S09920_ses-E17037_acq-1_run-1_bp-chest_vp-ll_dx.png,sub-S09818_ses-E25581_run-1_bp-chest_vp-ap_dx.png
110,covid_1157.png,sub-S09587_ses-E19990_run-1_bp-chest_vp-ap_cr.png,sub-S09921_ses-E19853_run-1_bp-chest_vp-ap_cr.png
111,covid_1158.png,sub-S09325_ses-E16110_run-1_bp-chest_vp-ap_dx.png,sub-S09559_ses-E17065_run-1_bp-chest_vp-ap_cr.png
112,covid_116.png,sub-S09662_ses-E25888_run-1_bp-chest_vp-pa_dx.png,sub-S09559_ses-E17781_run-1_bp-chest_vp-ap_cr.png
113,covid_1160.png,sub-S09526_ses-E22193_run-1_bp-chest_vp-ap_cr.png,sub-S09678_ses-E21065_run-1_bp-chest_vp-ap_dx.png
114,covid_1162.png,sub-S09560_ses-E16408_run-1_bp-chest_vp-pa_cr.png,sub-S09694_ses-E17185_run-1_bp-chest_vp-ap_dx.png
115,covid_1163.png,sub-S09524_ses-E22176_run-1_bp-chest_vp-ap_cr.png,sub-S09634_ses-E16518_run-1_bp-chest_vp-pa_cr.png
116,covid_1164.png,sub-S09550_ses-E16654_run-1_bp-chest_vp-ap_dx.png,sub-S09440_ses-E26490_run-1_bp-chest_vp-ap_dx.png
117,covid_1166.png,sub-S09692_ses-E22025_run-1_bp-chest_vp-ap_dx.png,sub-S09371_ses-E18434_run-1_bp-chest_cr.png
118,covid_1167.png,sub-S09721_ses-E25059_run-1_bp-chest_vp-ap_dx.png,sub-S09318_ses-E16124_run-1_bp-chest_vp-ap_cr.png
119,covid_1168.png,sub-S09314_ses-E18479_run-1_bp-chest_vp-ap_cr.png,sub-S09308_ses-E20237_run-1_bp-chest_vp-ap_dx.png
120,covid_1169.png,sub-S09673_ses-E23879_run-1_bp-chest_vp-pa_cr.png,sub-S09932_ses-E19757_run-1_bp-chest_vp-ap_dx.png
121,covid_1170.png,sub-S09919_ses-E25231_acq-1_run-1_bp-chest_vp-pa_dx.png,sub-S09387_ses-E22956_run-1_bp-chest_cr.png
122,covid_1171.png,sub-S09662_ses-E20072_run-1_bp-chest_vp-ap_dx.png,sub-S09955_ses-E18418_run-1_bp-chest_vp-ap_cr.png
123,covid_1172.png,sub-S10032_ses-E25750_run-1_bp-chest_vp-pa_cr.png,sub-S09314_ses-E18183_run-1_bp-chest_vp-ap_cr.png
124,covid_1175.png,sub-S09399_ses-E17281_run-1_bp-chest_vp-ap_cr.png,sub-S09429_ses-E25351_run-1_bp-chest_vp-ap_dx.png
125,covid_1176.png,sub-S09603_ses-E19210_run-1_bp-chest_vp-ap_dx.png,sub-S09361_ses-E22748_run-1_bp-chest_vp-ap_dx.png
126,covid_1177.png,sub-S09534_ses-E22374_run-1_bp-chest_vp-pa_cr.png,sub-S09459_ses-E22841_run-1_bp-chest_vp-pa_dx.png
127,covid_1178.png,sub-S09681_ses-E18333_run-1_bp-chest_vp-ap_dx.png,sub-S09426_ses-E20741_run-1_bp-chest_vp-ap_dx.png
128,covid_118.png,sub-S09452_ses-E17957_run-1_bp-chest_cr.png,sub-S08047_ses-E17934_run-1_bp-chest_vp-ap_dx.png
129,covid_1180.png,sub-S09610_ses-E19688_run-1_bp-chest_vp-pa_cr.png,sub-S09495_ses-E26654_acq-3_run-1_bp-chest_vp-ap_dx.png
130,covid_1181.png,sub-S09918_ses-E22984_run-1_bp-chest_vp-ap_cr.png,sub-S09569_ses-E17159_run-1_bp-chest_vp-ap_dx.png
131,covid_1182.png,sub-S09377_ses-E16266_run-1_bp-chest_vp-ap_cr.png,sub-S09366_ses-E22977_run-1_bp-chest_vp-ap_cr.png
132,covid_1183.png,sub-S09673_ses-E26368_run-1_bp-chest_vp-ap_dx.png,sub-S09313_ses-E16120_run-1_bp-chest_vp-ap_dx.png
133,covid_1184.png,sub-S09711_ses-E20994_run-1_bp-chest_vp-pa_cr.png,sub-S09765_ses-E25038_run-1_bp-chest_dx.png
134,covid_1185.png,sub-S09773_ses-E25613_run-1_bp-chest_vp-ap_dx.png,sub-S09328_ses-E16113_run-1_bp-chest_vp-ap_dx.png
135,covid_1187.png,sub-S09678_ses-E18547_run-1_bp-chest_vp-ap_dx.png,sub-S09368_ses-E22594_run-1_bp-chest_vp-ap_dx.png
136,covid_1188.png,sub-S09683_ses-E20627_run-1_bp-chest_vp-ap_cr.png,sub-S09585_ses-E16444_run-1_bp-chest_vp-ap_dx.png
137,covid_1189.png,sub-S09605_ses-E16943_acq-2_run-1_bp-chest_vp-pa_dx.png,sub-S09348_ses-E21916_run-1_bp-chest_vp-ap_dx.png
138,covid_1190.png,sub-S09382_ses-E17142_run-1_bp-chest_vp-pa_cr.png,sub-S09346_ses-E23030_run-1_bp-chest_vp-ap_cr.png
139,covid_1192.png,sub-S09577_ses-E25722_run-1_bp-chest_vp-pa_cr.png,sub-S09613_ses-E17619_run-1_bp-chest_vp-ap_dx.png
140,covid_1194.png,sub-S09688_ses-E23740_run-1_bp-chest_vp-ap_dx.png,sub-S09680_ses-E22528_run-1_bp-chest_vp-pa_cr.png
141,covid_1196.png,sub-S09620_ses-E23680_run-1_bp-chest_vp-ap_dx.png,sub-S09867_ses-E20934_run-1_bp-chest_vp-ap_dx.png
142,covid_1197.png,sub-S09391_ses-E20436_run-1_bp-chest_vp-ap_dx.png,sub-S09493_ses-E16325_run-1_bp-chest_vp-pa_dx.png
143,covid_1198.png,sub-S09376_ses-E26132_run-1_bp-chest_vp-ap_cr.png,sub-S09599_ses-E17261_run-1_bp-chest_vp-ap_cr.png
144,covid_12.png,sub-S09315_ses-E23347_run-1_bp-chest_vp-ap_cr.png,sub-S09723_ses-E16657_run-1_bp-chest_vp-pa_cr.png
145,covid_120.png,sub-S09371_ses-E20202_run-1_bp-chest_vp-ap_dx.png,sub-S09662_ses-E21005_run-1_bp-chest_vp-ap_dx.png
146,covid_1200.png,sub-S09768_ses-E20084_run-1_bp-chest_vp-ap_dx.png,sub-S09831_ses-E20856_run-1_bp-chest_vp-ap_dx.png
147,covid_1201.png,sub-S09886_ses-E22216_run-1_bp-chest_vp-ap_cr.png,sub-S09845_ses-E21976_run-1_bp-chest_vp-ap_cr.png
148,covid_1203.png,sub-S09385_ses-E20875_run-1_bp-chest_vp-ap_dx.png,sub-S09387_ses-E21902_run-1_bp-chest_cr.png
149,covid_1204.png,sub-S09447_ses-E16262_run-1_bp-chest_vp-pa_cr.png,sub-S09348_ses-E19717_run-1_bp-chest_cr.png
150,covid_1205.png,sub-S09409_ses-E16392_run-1_bp-chest_vp-ap_cr.png,sub-S09434_ses-E26278_run-1_bp-chest_vp-pa_dx.png
151,covid_1207.png,sub-S09669_ses-E19549_run-1_bp-chest_vp-ap_dx.png,sub-S09768_ses-E20876_run-1_bp-chest_vp-ap_dx.png
152,covid_1208.png,sub-S09348_ses-E24559_run-1_bp-chest_vp-ap_dx.png,sub-S09391_ses-E23123_run-1_bp-chest_vp-ap_dx.png
153,covid_121.png,sub-S09905_ses-E18575_run-1_bp-chest_cr.png,sub-S09768_ses-E20876_run-2_bp-chest_vp-ap_dx.png
154,covid_1210.png,sub-S09425_ses-E21769_run-1_bp-chest_vp-ap_dx.png,sub-S09420_ses-E21970_run-1_bp-chest_vp-ap_dx.png
155,covid_1211.png,sub-S09448_ses-E21381_run-1_bp-chest_vp-ap_dx.png,sub-S09687_ses-E17093_run-1_bp-chest_cr.png
156,covid_1212.png,sub-S09679_ses-E25345_run-1_bp-chest_vp-ap_cr.png,sub-S09581_ses-E26029_run-1_bp-chest_vp-pa_cr.png
157,covid_1213.png,sub-S09499_ses-E19184_run-2_bp-chest_vp-ap_dx.png,sub-S09687_ses-E20276_run-1_bp-chest_cr.png
158,covid_1214.png,sub-S09837_ses-E16871_run-1_bp-chest_vp-ap_cr.png,sub-S09314_ses-E21527_run-1_bp-chest_vp-ap_cr.png
159,covid_1215.png,sub-S09458_ses-E19468_acq-1_run-1_bp-chest_vp-ap_dx.png,sub-S09681_ses-E21457_run-1_bp-chest_vp-ap_dx.png
160,covid_1216.png,sub-S09348_ses-E22658_run-1_bp-chest_vp-ap_dx.png,sub-S09320_ses-E22690_run-1_bp-chest_vp-ap_cr.png
161,covid_1217.png,sub-S09905_ses-E20588_acq-1_run-1_bp-chest_vp-ap_dx.png,sub-S09443_ses-E21660_run-1_bp-chest_vp-ap_dx.png
162,covid_1218.png,sub-S09382_ses-E16381_run-1_bp-chest_vp-ap_cr.png,sub-S09825_ses-E23401_run-1_bp-chest_vp-ap_dx.png
163,covid_1221.png,sub-S09873_ses-E16940_run-1_bp-chest_vp-ap_dx.png,sub-S09357_ses-E20339_run-1_bp-chest_vp-pa_cr.png
164,covid_1222.png,sub-S09577_ses-E18351_run-1_bp-chest_vp-pa_cr.png,sub-S09662_ses-E17946_run-1_bp-chest_vp-ap_cr.png
165,covid_1223.png,sub-S09365_ses-E20937_run-1_bp-chest_vp-ap_dx.png,sub-S09371_ses-E16936_run-1_bp-chest_vp-ap_dx.png
166,covid_1224.png,sub-S09768_ses-E21742_run-1_bp-chest_vp-ap_dx.png,sub-S09689_ses-E20397_run-1_bp-chest_vp-ap_cr.png
167,covid_1225.png,sub-S09848_ses-E23733_run-1_bp-chest_vp-ap_cr.png,sub-S09673_ses-E21409_run-1_bp-chest_cr.png
168,covid_1226.png,sub-S09856_ses-E23543_run-1_bp-chest_vp-ap_dx.png,sub-S09504_ses-E16450_acq-1_run-1_bp-chest_vp-ap_dx.png
169,covid_1229.png,sub-S09346_ses-E22383_run-1_bp-chest_vp-ap_dx.png,sub-S09651_ses-E27113_run-1_bp-chest_vp-ap_dx.png
170,covid_123.png,sub-S09348_ses-E22051_run-1_bp-chest_vp-ap_dx.png,sub-S09708_ses-E24162_run-1_bp-chest_vp-pa_dx.png
171,covid_1231.png,sub-S09334_ses-E21425_run-1_bp-chest_vp-ap_dx.png,sub-S09331_ses-E20337_run-1_bp-chest_vp-ap_dx.png
172,covid_1234.png,sub-S09382_ses-E19016_run-1_bp-chest_vp-ap_cr.png,sub-S09312_ses-E24163_run-1_bp-chest_vp-ap_dx.png
173,covid_1235.png,sub-S09760_ses-E23185_run-1_bp-chest_vp-ap_dx.png,sub-S09334_ses-E21582_run-1_bp-chest_vp-ap_dx.png
174,covid_1236.png,sub-S09371_ses-E21497_run-1_bp-chest_vp-ap_dx.png,sub-S09345_ses-E18501_run-1_bp-chest_vp-ap_dx.png
175,covid_1238.png,sub-S09603_ses-E22342_run-1_bp-chest_vp-ap_dx.png,sub-S09314_ses-E16099_run-1_bp-chest_vp-ap_cr.png
176,covid_1239.png,sub-S09683_ses-E20396_run-1_bp-chest_vp-ap_cr.png,sub-S09398_ses-E17446_run-1_bp-chest_vp-ap_cr.png
177,covid_124.png,sub-S09368_ses-E24685_run-1_bp-chest_vp-pa_dx.png,sub-S09315_ses-E23004_run-1_bp-chest_vp-ap_cr.png
178,covid_1240.png,sub-S09376_ses-E18732_run-1_bp-chest_cr.png,sub-S09689_ses-E21326_run-1_bp-chest_vp-ap_dx.png
179,covid_1241.png,sub-S09314_ses-E26336_acq-1_run-1_bp-chest_vp-ap_cr.png,sub-S09789_ses-E16780_run-1_bp-chest_vp-ap_cr.png
180,covid_1243.png,sub-S09679_ses-E18686_run-1_bp-chest_vp-ap_cr.png,sub-S09343_ses-E19736_run-1_bp-chest_vp-ap_dx.png
181,covid_1247.png,sub-S09383_ses-E16184_acq-1_run-1_bp-chest_vp-ap_dx.png,sub-S09338_ses-E19413_run-1_bp-chest_vp-ap_dx.png
182,covid_1248.png,sub-S09426_ses-E26194_run-1_bp-chest_vp-ap_cr.png,sub-S09517_ses-E19816_run-1_bp-chest_vp-ap_dx.png
183,covid_1249.png,sub-S09629_ses-E16505_run-1_bp-chest_vp-ap_dx.png,sub-S09495_ses-E16416_acq-2_run-1_bp-chest_vp-ap_dx.png
184,covid_125.png,sub-S09759_ses-E22410_run-1_bp-chest_vp-pa_cr.png,sub-S09337_ses-E20401_run-1_bp-chest_vp-ap_cr.png
185,covid_1250.png,sub-S09361_ses-E20568_run-1_bp-chest_cr.png,sub-S09318_ses-E23820_run-1_bp-chest_vp-ap_cr.png
186,covid_1252.png,sub-S09518_ses-E16354_run-1_bp-chest_vp-ap_dx.png,sub-S09766_ses-E16979_run-1_bp-chest_vp-ap_dx.png
187,covid_1253.png,sub-S09780_ses-E21044_run-1_bp-chest_vp-ap_cr.png,sub-S10023_ses-E25707_run-1_bp-chest_vp-pa_dx.png
188,covid_1254.png,sub-S09426_ses-E16891_run-1_bp-chest_vp-ap_dx.png,sub-S09397_ses-E16200_acq-1_run-1_bp-chest_vp-ll_dx.png
189,covid_1255.png,sub-S09755_ses-E16724_run-1_bp-chest_vp-pa_cr.png,sub-S09815_ses-E18744_run-1_bp-chest_vp-ap_cr.png
190,covid_1258.png,sub-S09679_ses-E21081_run-2_bp-chest_vp-ap_cr.png,sub-S09551_ses-E16398_acq-2_run-2_bp-chest_vp-ap_dx.png
191,covid_1259.png,sub-S09687_ses-E17027_run-1_bp-chest_cr.png,sub-S09340_ses-E19710_run-1_bp-chest_vp-ap_cr.png
192,covid_126.png,sub-S09619_ses-E16489_run-1_bp-chest_vp-ap_cr.png,sub-S09348_ses-E26335_run-1_bp-chest_vp-ap_dx.png
193,covid_1260.png,sub-S09411_ses-E17301_run-1_bp-chest_vp-pa_dx.png,sub-S09377_ses-E22803_run-1_bp-chest_vp-ap_cr.png
194,covid_1261.png,sub-S09455_ses-E16273_run-1_bp-chest_vp-ap_cr.png,sub-S09670_ses-E19746_run-1_bp-chest_vp-ap_cr.png
195,covid_1262.png,sub-S09549_ses-E22235_run-1_bp-chest_vp-ap_dx.png,sub-S09509_ses-E16343_run-1_bp-chest_vp-pa_cr.png
196,covid_1264.png,sub-S09391_ses-E20036_run-1_bp-chest_vp-ap_dx.png,sub-S09767_ses-E19890_run-1_bp-chest_vp-ap_dx.png
197,covid_1265.png,sub-S09751_ses-E20961_run-1_bp-chest_vp-ap_cr.png,sub-S09323_ses-E22350_run-1_bp-chest_vp-ap_dx.png
198,covid_1266.png,sub-S09474_ses-E20874_run-1_bp-chest_vp-ap_cr.png,sub-S09495_ses-E27044_run-1_bp-chest_vp-ap_dx.png
199,covid_1267.png,sub-S09426_ses-E17865_run-1_bp-chest_vp-ap_dx.png,sub-S09468_ses-E21230_run-1_bp-chest_vp-ap_dx.png
200,covid_1269.png,sub-S09747_ses-E26509_run-1_bp-chest_vp-ap_dx.png,sub-S09681_ses-E17859_run-1_bp-chest_vp-ap_dx.png
201,covid_127.png,sub-S09662_ses-E16562_run-1_bp-chest_vp-ap_dx.png,sub-S09325_ses-E22792_run-1_bp-chest_vp-ap_dx.png
202,covid_1274.png,sub-S09817_ses-E22215_run-1_bp-chest_vp-ap_cr.png,sub-S09377_ses-E17133_run-1_bp-chest_vp-ap_cr.png
203,covid_1276.png,sub-S09968_ses-E17118_run-1_bp-chest_vp-ap_dx.png,sub-S09317_ses-E24206_run-1_bp-chest_vp-ap_cr.png
204,covid_1277.png,sub-S09323_ses-E20955_run-1_bp-chest_vp-ap_dx.png,sub-S09906_ses-E20591_run-1_bp-chest_vp-ap_dx.png
205,covid_1279.png,sub-S10008_ses-E19470_run-1_bp-chest_vp-ap_dx.png,sub-S09676_ses-E25985_run-1_bp-chest_vp-ap_cr.png
206,covid_128.png,sub-S09839_ses-E16873_run-1_bp-chest_vp-ap_cr.png,sub-S09773_ses-E23910_run-1_bp-chest_vp-ap_dx.png
207,covid_1281.png,sub-S09831_ses-E21556_run-1_bp-chest_vp-ap_dx.png,sub-S09662_ses-E20718_run-1_bp-chest_vp-ap_dx.png
208,covid_1284.png,sub-S09343_ses-E21221_run-1_bp-chest_vp-ap_dx.png,sub-S09520_ses-E24702_run-1_bp-chest_vp-ap_dx.png
209,covid_1285.png,sub-S09871_ses-E24509_acq-1_run-1_bp-chest_vp-ap_dx.png,sub-S09864_ses-E21338_run-1_bp-chest_vp-ap_cr.png
210,covid_1288.png,sub-S09678_ses-E23520_run-1_bp-chest_vp-ap_dx.png,sub-S09845_ses-E21278_run-1_bp-chest_vp-ap_dx.png
211,covid_1289.png,sub-S09522_ses-E21498_run-1_bp-chest_vp-ap_dx.png,sub-S09824_ses-E16848_run-1_bp-chest_vp-ap_cr.png
212,covid_129.png,sub-S09538_ses-E22210_run-2_bp-chest_vp-ap_cr.png,sub-S09475_ses-E25949_run-1_bp-chest_vp-ap_dx.png
213,covid_1290.png,sub-S09603_ses-E16688_run-1_bp-chest_vp-ap_dx.png,sub-S09551_ses-E17451_run-1_bp-chest_vp-ap_dx.png
214,covid_1291.png,sub-S09867_ses-E21485_run-1_bp-chest_vp-ap_dx.png,sub-S09371_ses-E26504_run-1_bp-chest_cr.png
215,covid_1295.png,sub-S09873_ses-E22180_run-1_bp-chest_vp-ap_dx.png,sub-S09348_ses-E20693_run-1_bp-chest_vp-ap_dx.png
216,covid_1297.png,sub-S09831_ses-E20334_run-1_bp-chest_vp-ap_dx.png,sub-S09768_ses-E20510_run-1_bp-chest_vp-ap_dx.png
217,covid_1298.png,sub-S09669_ses-E22091_run-1_bp-chest_vp-ap_dx.png,sub-S09356_ses-E20575_run-1_bp-chest_vp-ap_dx.png
218,covid_130.png,sub-S09768_ses-E22887_run-1_bp-chest_vp-ap_dx.png,sub-S09676_ses-E17392_run-1_bp-chest_vp-ap_cr.png
219,covid_1302.png,sub-S09346_ses-E20318_run-1_bp-chest_vp-ap_cr.png,sub-S09332_ses-E24659_run-1_bp-chest_vp-pa_cr.png
220,covid_1303.png,sub-S09408_ses-E20235_run-1_bp-chest_vp-ap_dx.png,sub-S09817_ses-E21940_run-1_bp-chest_vp-ap_cr.png
221,covid_1304.png,sub-S09818_ses-E25880_run-1_bp-chest_vp-ap_dx.png,sub-S09450_ses-E24850_run-1_bp-chest_vp-pa_dx.png
222,covid_1305.png,sub-S09377_ses-E22343_run-1_bp-chest_vp-ap_cr.png,sub-S09349_ses-E16548_acq-1_run-1_bp-chest_vp-ap_cr.png
223,covid_1307.png,sub-S09549_ses-E17493_run-1_bp-chest_vp-ap_dx.png,sub-S09753_ses-E16720_run-1_bp-chest_vp-ap_dx.png
224,covid_1308.png,sub-S09799_ses-E24463_run-1_bp-chest_vp-ap_dx.png,sub-S10029_ses-E17802_run-1_bp-chest_vp-pa_dx.png
225,covid_1309.png,sub-S09420_ses-E22717_run-1_bp-chest_vp-ap_cr.png,sub-S09323_ses-E16108_run-1_bp-chest_vp-ap_cr.png
226,covid_131.png,sub-S09700_ses-E22825_run-1_bp-chest_vp-ap_dx.png,sub-S09309_ses-E24760_acq-1_run-1_bp-chest_vp-pa_dx.png
227,covid_1310.png,sub-S09490_ses-E18365_run-1_bp-chest_vp-ap_dx.png,sub-S09760_ses-E21226_run-1_bp-chest_vp-ap_dx.png
228,covid_1312.png,sub-S09492_ses-E20611_run-1_bp-chest_vp-ap_dx.png,sub-S09845_ses-E16888_run-1_bp-chest_vp-ap_dx.png
229,covid_1314.png,sub-S09348_ses-E16138_run-1_bp-chest_vp-ap_dx.png,sub-S09377_ses-E23332_run-1_bp-chest_vp-ap_cr.png
230,covid_1316.png,sub-S09337_ses-E23294_run-1_bp-chest_vp-ap_cr.png,sub-S09458_ses-E27160_run-1_bp-chest_vp-ap_dx.png
231,covid_1318.png,sub-S09603_ses-E17094_run-1_bp-chest_vp-ap_dx.png,sub-S09681_ses-E21622_run-1_bp-chest_vp-ap_dx.png
232,covid_1319.png,sub-S09324_ses-E20634_run-1_bp-chest_vp-pa_cr.png,sub-S09848_ses-E21072_run-1_bp-chest_vp-ap_cr.png
233,covid_132.png,sub-S09603_ses-E20411_run-1_bp-chest_vp-pa_cr.png,sub-S08047_ses-E16280_run-1_bp-chest_vp-ap_dx.png
234,covid_1320.png,sub-S09371_ses-E16169_run-1_bp-chest_vp-ap_dx.png,sub-S09708_ses-E16636_run-1_bp-chest_vp-ap_dx.png
235,covid_1321.png,sub-S09378_ses-E18629_run-1_bp-chest_vp-pa_dx.png,sub-S09601_ses-E25407_run-1_bp-chest_vp-ap_cr.png
236,covid_1324.png,sub-S09379_ses-E17431_run-1_bp-chest_vp-ap_cr.png,sub-S09603_ses-E17471_run-1_bp-chest_vp-ap_dx.png
237,covid_1325.png,sub-S09451_ses-E16269_acq-2_run-1_bp-chest_vp-ap_cr.png,sub-S09678_ses-E26437_acq-2_run-1_bp-chest_vp-ap_dx.png
238,covid_1328.png,sub-S09837_ses-E17455_run-1_bp-chest_vp-ap_cr.png,sub-S09318_ses-E24890_run-1_bp-chest_vp-ap_cr.png
239,covid_1329.png,sub-S09960_ses-E22323_run-1_bp-chest_vp-ap_dx.png,sub-S09683_ses-E24267_run-1_bp-chest_vp-ap_cr.png
240,covid_133.png,sub-S09678_ses-E25686_run-1_bp-chest_vp-ap_dx.png,sub-S09452_ses-E16359_run-1_bp-chest_cr.png
241,covid_1330.png,sub-S09689_ses-E18381_run-1_bp-chest_vp-ap_cr.png,sub-S09751_ses-E25837_run-1_bp-chest_vp-pa_cr.png
242,covid_1331.png,sub-S09689_ses-E21327_run-1_bp-chest_vp-ap_dx.png,sub-S09567_ses-E19587_run-1_bp-chest_vp-pa_cr.png
243,covid_1332.png,sub-S09681_ses-E17943_run-1_bp-chest_vp-ap_dx.png,sub-S09478_ses-E23491_run-1_bp-chest_vp-pa_cr.png
244,covid_1333.png,sub-S08433_ses-E16090_run-1_bp-chest_vp-ap_dx.png,sub-S09678_ses-E20745_run-1_bp-chest_vp-ap_dx.png
245,covid_1334.png,sub-S09416_ses-E21963_run-1_bp-chest_vp-ap_cr.png,sub-S09683_ses-E20643_run-1_bp-chest_vp-ap_cr.png
246,covid_1335.png,sub-S09461_ses-E20709_run-1_bp-chest_vp-ap_cr.png,sub-S09811_ses-E19699_run-1_bp-chest_vp-ap_dx.png
247,covid_1338.png,sub-S09409_ses-E18124_run-1_bp-chest_vp-ap_cr.png,sub-S09816_ses-E16839_run-1_bp-chest_vp-pa_cr.png
248,covid_1343.png,sub-S09356_ses-E16147_run-1_bp-chest_vp-ap_dx.png,sub-S09375_ses-E22333_run-1_bp-chest_vp-ap_cr.png
249,covid_1344.png,sub-S09653_ses-E16948_run-2_bp-chest_vp-ap_dx.png,sub-S09867_ses-E20649_run-1_bp-chest_vp-ap_dx.png
250,covid_1345.png,sub-S09680_ses-E16777_run-1_bp-chest_vp-ap_cr.png,sub-S09687_ses-E17602_run-1_bp-chest_cr.png
251,covid_1346.png,sub-S09673_ses-E21873_run-1_bp-chest_vp-ap_dx.png,sub-S09759_ses-E24342_run-1_bp-chest_vp-pa_cr.png
252,covid_135.png,sub-S09680_ses-E20909_run-1_bp-chest_vp-ap_cr.png,sub-S09326_ses-E23374_run-1_bp-chest_vp-pa_cr.png
253,covid_1350.png,sub-S09687_ses-E19821_run-1_bp-chest_cr.png,sub-S09452_ses-E19207_run-1_bp-chest_cr.png
254,covid_1351.png,sub-S09371_ses-E23322_run-1_bp-chest_vp-ap_dx.png,sub-S09887_ses-E25027_run-1_bp-chest_vp-ap_dx.png
255,covid_1352.png,sub-S09605_ses-E16817_run-1_bp-chest_vp-pa_dx.png,sub-S09499_ses-E21985_run-1_bp-chest_vp-ap_dx.png
256,covid_1354.png,sub-S09368_ses-E19120_run-1_bp-chest_vp-ap_dx.png,sub-S09665_ses-E25263_run-1_bp-chest_vp-pa_dx.png
257,covid_1355.png,sub-S09848_ses-E19323_run-1_bp-chest_vp-pa_dx.png,sub-S09314_ses-E22839_run-1_bp-chest_vp-ap_cr.png
258,covid_1356.png,sub-S09711_ses-E18225_run-1_bp-chest_vp-pa_cr.png,sub-S09676_ses-E20258_run-1_bp-chest_vp-ap_cr.png
259,covid_1357.png,sub-S09678_ses-E21613_run-1_bp-chest_vp-ap_dx.png,sub-S09505_ses-E17029_run-1_bp-chest_cr.png
260,covid_1358.png,sub-S09679_ses-E24004_run-1_bp-chest_vp-ap_cr.png,sub-S09953_ses-E17096_run-1_bp-chest_vp-ap_dx.png
261,covid_1359.png,sub-S09680_ses-E16899_run-1_bp-chest_vp-ap_cr.png,sub-S09670_ses-E21871_run-1_bp-chest_vp-ap_cr.png
262,covid_136.png,sub-S09842_ses-E22102_run-1_bp-chest_vp-ap_dx.png,sub-S09348_ses-E16712_run-1_bp-chest_vp-ap_dx.png
263,covid_1361.png,sub-S09534_ses-E26347_run-1_bp-chest_vp-pa_cr.png,sub-S09340_ses-E16136_run-1_bp-chest_vp-ap_cr.png
264,covid_1363.png,sub-S09974_ses-E22933_run-1_bp-chest_vp-ap_dx.png,sub-S09594_ses-E16809_run-1_bp-chest_vp-ap_dx.png
265,covid_1364.png,sub-S09689_ses-E21646_run-1_bp-chest_vp-ap_dx.png,sub-S09371_ses-E21357_run-1_bp-chest_vp-ap_dx.png
266,covid_1365.png,sub-S09529_ses-E17353_run-1_bp-chest_vp-ap_dx.png,sub-S09734_ses-E18704_run-1_bp-chest_vp-ap_dx.png
267,covid_1366.png,sub-S09550_ses-E16752_run-1_bp-chest_vp-ap_dx.png,sub-S09612_ses-E16477_run-1_bp-chest_vp-ap_cr.png
268,covid_1368.png,sub-S09684_ses-E25099_run-1_bp-chest_dx.png,sub-S09949_ses-E18909_run-1_bp-chest_vp-ap_cr.png
269,covid_137.png,sub-S09867_ses-E26100_run-1_bp-chest_vp-ap_dx.png,sub-S10029_ses-E17250_run-1_bp-chest_vp-pa_dx.png
270,covid_1371.png,sub-S09864_ses-E25753_run-1_bp-chest_vp-ap_dx.png,sub-S09673_ses-E18802_run-1_bp-chest_cr.png
271,covid_1372.png,sub-S09680_ses-E18564_run-1_bp-chest_vp-ap_cr.png,sub-S09670_ses-E22700_run-1_bp-chest_vp-ap_cr.png
272,covid_1373.png,sub-S09570_ses-E18546_run-1_bp-chest_vp-ap_dx.png,sub-S09816_ses-E19865_run-1_bp-chest_vp-pa_cr.png
273,covid_1374.png,sub-S09333_ses-E24648_run-1_bp-chest_vp-ap_dx.png,sub-S09681_ses-E24806_run-1_bp-chest_vp-ap_dx.png
274,covid_1378.png,sub-S09366_ses-E21487_run-1_bp-chest_vp-ap_cr.png,sub-S08047_ses-E26555_run-1_bp-chest_vp-ap_dx.png
275,covid_1379.png,sub-S09676_ses-E22286_run-1_bp-chest_vp-ap_cr.png,sub-S09377_ses-E26807_run-1_bp-chest_vp-ap_cr.png
276,covid_1380.png,sub-S09361_ses-E23269_run-1_bp-chest_vp-ap_dx.png,sub-S09458_ses-E19855_run-1_bp-chest_vp-ap_dx.png
277,covid_1381.png,sub-S09849_ses-E19075_run-1_bp-chest_vp-ap_dx.png,sub-S09352_ses-E17381_acq-1_run-1_bp-chest_vp-ap_dx.png
278,covid_1383.png,sub-S09879_ses-E22363_run-1_bp-chest_vp-ap_cr.png,sub-S09516_ses-E16351_run-1_bp-chest_vp-pa_cr.png
279,covid_1384.png,sub-S09791_ses-E16782_run-1_bp-chest_vp-ap_cr.png,sub-S09372_ses-E16170_run-1_bp-chest_vp-ap_dx.png
280,covid_1385.png,sub-S09332_ses-E22940_run-1_bp-chest_vp-pa_cr.png,sub-S09688_ses-E22143_run-1_bp-chest_vp-ap_dx.png
281,covid_1388.png,sub-S09472_ses-E22444_run-1_bp-chest_vp-ap_dx.png,sub-S09518_ses-E17537_run-1_bp-chest_vp-ap_dx.png
282,covid_1389.png,sub-S09855_ses-E26448_run-1_bp-chest_vp-ap_dx.png,sub-S09522_ses-E20281_run-1_bp-chest_vp-ap_cr.png
283,covid_139.png,sub-S09603_ses-E16466_run-1_bp-chest_vp-ap_dx.png,sub-S09862_ses-E23580_run-1_bp-chest_vp-pa_cr.png
284,covid_1390.png,sub-S09844_ses-E21984_run-1_bp-chest_cr.png,sub-S09687_ses-E17521_run-1_bp-chest_cr.png
285,covid_1391.png,sub-S09376_ses-E16617_run-1_bp-chest_vp-ap_dx.png,sub-S09379_ses-E17912_run-1_bp-chest_vp-ap_cr.png
286,covid_1392.png,sub-S09526_ses-E26557_acq-1_run-1_bp-chest_dx.png,sub-S09681_ses-E26032_run-1_bp-chest_vp-ap_dx.png
287,covid_1394.png,sub-S10009_ses-E23383_run-1_bp-chest_vp-pa_dx.png,sub-S09858_ses-E16913_run-1_bp-chest_vp-pa_dx.png
288,covid_1395.png,sub-S09454_ses-E25547_run-1_bp-chest_vp-ap_dx.png,sub-S09628_ses-E16501_run-1_bp-chest_vp-pa_dx.png
289,covid_1397.png,sub-S09760_ses-E20482_run-1_bp-chest_cr.png,sub-S09542_ses-E18224_run-1_bp-chest_vp-ap_cr.png
290,covid_1398.png,sub-S09426_ses-E26547_run-1_bp-chest_vp-pa_dx.png,sub-S09382_ses-E22062_run-1_bp-chest_vp-ap_cr.png
291,covid_1399.png,sub-S09889_ses-E16972_run-1_bp-chest_vp-ap_dx.png,sub-S09469_ses-E18246_run-1_bp-chest_vp-ap_dx.png
292,covid_14.png,sub-S09570_ses-E16423_run-1_bp-chest_vp-ap_dx.png,sub-S09969_ses-E26947_acq-1_run-1_bp-chest_vp-ll_dx.png
293,covid_140.png,sub-S09516_ses-E19404_run-1_bp-chest_vp-ap_dx.png,sub-S09512_ses-E20933_run-1_bp-chest_vp-ap_dx.png
294,covid_1400.png,sub-S09692_ses-E22600_run-1_bp-chest_cr.png,sub-S09467_ses-E22682_run-1_bp-chest_vp-ap_dx.png
295,covid_1401.png,sub-S09921_ses-E21521_run-1_bp-chest_vp-ap_cr.png,sub-S09395_ses-E25833_run-1_bp-chest_vp-ap_cr.png
296,covid_1402.png,sub-S09568_ses-E16895_run-1_bp-chest_vp-pa_dx.png,sub-S09651_ses-E19665_run-1_bp-chest_vp-ap_dx.png
297,covid_1404.png,sub-S09520_ses-E23633_run-1_bp-chest_vp-ap_dx.png,sub-S09678_ses-E23254_run-1_bp-chest_vp-ap_dx.png
298,covid_1405.png,sub-S09363_ses-E26971_run-1_bp-chest_vp-ap_dx.png,sub-S09455_ses-E17339_run-1_bp-chest_vp-ap_cr.png
299,covid_1407.png,sub-S09391_ses-E16194_run-1_bp-chest_vp-pa_cr.png,sub-S09719_ses-E20451_run-1_bp-chest_vp-pa_dx.png
300,covid_1408.png,sub-S09904_ses-E26036_run-1_bp-chest_vp-pa_dx.png,sub-S09708_ses-E22670_run-1_bp-chest_vp-ap_dx.png
301,covid_1409.png,sub-S09436_ses-E22545_run-1_bp-chest_vp-ap_dx.png,sub-S09615_ses-E23637_run-1_bp-chest_vp-ap_dx.png
302,covid_1410.png,sub-S09452_ses-E16823_run-1_bp-chest_cr.png,sub-S09559_ses-E18542_run-1_bp-chest_vp-ap_cr.png
303,covid_1411.png,sub-S09814_ses-E16830_run-1_bp-chest_vp-ap_cr.png,sub-S09371_ses-E21160_run-1_bp-chest_cr.png
304,covid_1412.png,sub-S09711_ses-E23411_run-1_bp-chest_vp-pa_cr.png,sub-S09446_ses-E16261_run-1_bp-chest_vp-pa_cr.png
305,covid_1414.png,sub-S09815_ses-E21706_run-1_bp-chest_vp-ap_dx.png,sub-S09776_ses-E16762_run-1_bp-chest_vp-pa_cr.png
306,covid_1415.png,sub-S09884_ses-E23142_run-1_bp-chest_vp-ap_cr.png,sub-S09371_ses-E16689_run-1_bp-chest_vp-ap_dx.png
307,covid_1416.png,sub-S09555_ses-E26402_run-1_bp-chest_cr.png,sub-S09549_ses-E18113_run-1_bp-chest_vp-ap_dx.png
308,covid_1417.png,sub-S09819_ses-E25021_run-1_bp-chest_vp-ap_dx.png,sub-S09490_ses-E19975_run-1_bp-chest_vp-ap_dx.png
309,covid_1419.png,sub-S09609_ses-E19845_run-1_bp-chest_vp-pa_cr.png,sub-S09468_ses-E19891_run-1_bp-chest_vp-pa_cr.png
310,covid_142.png,sub-S09609_ses-E25797_run-1_bp-chest_vp-ap_cr.png,sub-S09679_ses-E21989_run-1_bp-chest_vp-ap_cr.png
311,covid_1420.png,sub-S09500_ses-E19082_run-1_bp-chest_vp-pa_dx.png,sub-S09562_ses-E16411_run-2_bp-chest_vp-ap_cr.png
312,covid_1421.png,sub-S09670_ses-E22086_run-1_bp-chest_vp-ap_cr.png,sub-S09549_ses-E19035_run-1_bp-chest_vp-ap_dx.png
313,covid_1422.png,sub-S09314_ses-E25542_run-1_bp-chest_vp-ap_cr.png,sub-S09775_ses-E24783_run-1_bp-chest_vp-pa_dx.png
314,covid_1423.png,sub-S09745_ses-E20677_run-1_bp-chest_vp-ap_dx.png,sub-S09766_ses-E18112_run-1_bp-chest_vp-ap_dx.png
315,covid_1425.png,sub-S09531_ses-E25557_run-1_bp-chest_vp-pa_dx.png,sub-S09891_ses-E25047_run-1_bp-chest_cr.png
316,covid_1427.png,sub-S09916_ses-E17024_run-1_bp-chest_vp-pa_dx.png,sub-S09775_ses-E16760_run-1_bp-chest_vp-pa_dx.png
317,covid_1428.png,sub-S09669_ses-E21584_run-1_bp-chest_vp-ap_dx.png,sub-S09678_ses-E20137_run-1_bp-chest_vp-ap_dx.png
318,covid_1429.png,sub-S09842_ses-E21264_run-1_bp-chest_vp-ap_dx.png,sub-S10024_ses-E19091_run-2_bp-chest_vp-ap_dx.png
319,covid_1431.png,sub-S09559_ses-E16876_run-1_bp-chest_vp-ap_dx.png,sub-S09847_ses-E27010_run-1_bp-chest_vp-pa_dx.png
320,covid_1432.png,sub-S09371_ses-E17422_run-1_bp-chest_vp-ap_dx.png,sub-S09855_ses-E24007_run-1_bp-chest_vp-ap_dx.png
321,covid_1435.png,sub-S09426_ses-E19083_run-2_bp-chest_vp-ap_dx.png,sub-S09669_ses-E22898_run-1_bp-chest_vp-ap_dx.png
322,covid_1436.png,sub-S09736_ses-E24647_run-1_bp-chest_vp-ap_dx.png,sub-S09875_ses-E22028_run-1_bp-chest_vp-ap_dx.png
323,covid_1437.png,sub-S09440_ses-E19667_run-1_bp-chest_vp-ap_cr.png,sub-S09865_ses-E16923_run-1_bp-chest_vp-ap_dx.png
324,covid_1438.png,sub-S09404_ses-E16209_run-1_bp-chest_vp-ap_dx.png,sub-S09662_ses-E25590_run-1_bp-chest_vp-pa_dx.png
325,covid_1439.png,sub-S09747_ses-E23655_run-1_bp-chest_cr.png,sub-S09516_ses-E18425_run-1_bp-chest_vp-ap_dx.png
326,covid_144.png,sub-S09420_ses-E17457_run-1_bp-chest_vp-ap_dx.png,sub-S09318_ses-E23744_run-1_bp-chest_vp-ap_cr.png
327,covid_1440.png,sub-S09382_ses-E23033_run-1_bp-chest_vp-ap_cr.png,sub-S09631_ses-E25079_run-1_bp-chest_vp-ap_cr.png
328,covid_1441.png,sub-S09308_ses-E17491_run-1_bp-chest_vp-ap_dx.png,sub-S09499_ses-E16585_run-1_bp-chest_vp-ap_dx.png
329,covid_1442.png,sub-S09555_ses-E22093_run-1_bp-chest_vp-ap_dx.png,sub-S09869_ses-E25395_acq-1_run-1_bp-chest_vp-ll_dx.png
330,covid_1444.png,sub-S09345_ses-E16721_run-1_bp-chest_vp-ap_dx.png,sub-S09449_ses-E16265_run-1_bp-chest_vp-ap_dx.png
331,covid_1445.png,sub-S09313_ses-E23360_run-1_bp-chest_vp-ap_dx.png,sub-S09778_ses-E21429_run-1_bp-chest_vp-ap_dx.png
332,covid_1446.png,sub-S09340_ses-E22201_run-1_bp-chest_vp-ap_cr.png,sub-S09314_ses-E18752_run-1_bp-chest_vp-ap_cr.png
333,covid_1447.png,sub-S09680_ses-E17403_run-1_bp-chest_vp-ap_cr.png,sub-S09337_ses-E21345_run-1_bp-chest_vp-ap_cr.png
334,covid_1448.png,sub-S09371_ses-E22991_run-1_bp-chest_vp-ap_dx.png,sub-S09610_ses-E23665_run-1_bp-chest_vp-pa_cr.png
335,covid_1449.png,sub-S09502_ses-E19402_run-1_bp-chest_vp-pa_cr.png,sub-S09524_ses-E22355_run-1_bp-chest_vp-ap_dx.png
336,covid_1450.png,sub-S09528_ses-E17036_run-1_bp-chest_vp-ap_cr.png,sub-S09880_ses-E23349_run-1_bp-chest_vp-pa_cr.png
337,covid_1451.png,sub-S09655_ses-E16547_run-1_bp-chest_vp-pa_cr.png,sub-S09499_ses-E20892_run-1_bp-chest_vp-ap_dx.png
338,covid_1453.png,sub-S09395_ses-E16198_run-1_bp-chest_vp-pa_cr.png,sub-S09725_ses-E16659_run-1_bp-chest_vp-pa_dx.png
339,covid_1454.png,sub-S09678_ses-E20356_run-1_bp-chest_vp-ap_cr.png,sub-S09654_ses-E24109_run-1_bp-chest_vp-ap_dx.png
340,covid_1455.png,sub-S09317_ses-E21228_run-1_bp-chest_vp-pa_cr.png,sub-S09382_ses-E22668_run-1_bp-chest_vp-ap_cr.png
341,covid_1456.png,sub-S09376_ses-E23127_run-1_bp-chest_cr.png,sub-S09905_ses-E17081_run-1_bp-chest_vp-ap_dx.png
342,covid_1460.png,sub-S09839_ses-E19177_run-1_bp-chest_vp-ap_dx.png,sub-S09368_ses-E21331_run-1_bp-chest_vp-ap_dx.png
343,covid_1461.png,sub-S09817_ses-E20853_run-1_bp-chest_vp-ap_cr.png,sub-S09371_ses-E24083_run-1_bp-chest_vp-ap_dx.png
344,covid_1462.png,sub-S09587_ses-E16446_run-1_bp-chest_vp-ap_cr.png,sub-S09559_ses-E16664_run-2_bp-chest_vp-ap_dx.png
345,covid_1465.png,sub-S09819_ses-E25878_run-1_bp-chest_vp-ap_dx.png,sub-S09681_ses-E20151_run-1_bp-chest_vp-ap_dx.png
346,covid_1468.png,sub-S09723_ses-E26396_run-1_bp-chest_vp-ap_dx.png,sub-S09516_ses-E26091_run-1_bp-chest_vp-ap_dx.png
347,covid_1470.png,sub-S09734_ses-E20918_run-1_bp-chest_vp-ap_dx.png,sub-S09499_ses-E23231_run-1_bp-chest_vp-ap_dx.png
348,covid_1471.png,sub-S09598_ses-E17426_run-1_bp-chest_vp-ap_cr.png,sub-S09994_ses-E18947_run-1_bp-chest_vp-ap_dx.png
349,covid_1472.png,sub-S09949_ses-E21328_run-1_bp-chest_vp-ap_dx.png,sub-S09379_ses-E23008_run-1_bp-chest_vp-ap_cr.png
350,covid_1474.png,sub-S09504_ses-E16804_run-1_bp-chest_vp-pa_dx.png,sub-S09762_ses-E19022_run-1_bp-chest_vp-ap_cr.png
351,covid_1475.png,sub-S09717_ses-E22401_run-1_bp-chest_vp-pa_cr.png,sub-S09751_ses-E16715_run-1_bp-chest_vp-pa_cr.png
352,covid_1477.png,sub-S09371_ses-E24510_run-1_bp-chest_vp-ap_dx.png,sub-S09852_ses-E21076_run-1_bp-chest_vp-ap_dx.png
353,covid_1478.png,sub-S09352_ses-E17497_run-1_bp-chest_vp-ap_dx.png,sub-S09437_ses-E20592_run-1_bp-chest_vp-ap_cr.png
354,covid_1479.png,sub-S09822_ses-E16846_run-1_bp-chest_vp-ap_cr.png,sub-S09340_ses-E22056_run-1_bp-chest_vp-ap_cr.png
355,covid_148.png,sub-S09382_ses-E16637_run-1_bp-chest_vp-ap_cr.png,sub-S09615_ses-E25783_run-1_bp-chest_vp-ap_dx.png
356,covid_1480.png,sub-S09371_ses-E23116_run-1_bp-chest_vp-ap_dx.png,sub-S09311_ses-E21850_run-1_bp-chest_vp-ap_cr.png
357,covid_1481.png,sub-S09780_ses-E24405_run-1_bp-chest_vp-ap_cr.png,sub-S09458_ses-E22645_run-1_bp-chest_vp-ap_dx.png
358,covid_1482.png,sub-S09639_ses-E18079_run-1_bp-chest_vp-ap_dx.png,sub-S09320_ses-E20473_run-1_bp-chest_vp-ap_cr.png
359,covid_1483.png,sub-S09308_ses-E16093_run-1_bp-chest_vp-ap_dx.png,sub-S09340_ses-E19860_run-1_bp-chest_vp-ap_cr.png
360,covid_1484.png,sub-S09382_ses-E16183_run-1_bp-chest_vp-ap_cr.png,sub-S09651_ses-E23644_run-1_bp-chest_vp-ap_dx.png
361,covid_1485.png,sub-S09673_ses-E16742_run-1_bp-chest_vp-pa_cr.png,sub-S09514_ses-E20658_run-1_bp-chest_vp-ap_dx.png
362,covid_1486.png,sub-S09642_ses-E24472_run-1_bp-chest_vp-ap_dx.png,sub-S09692_ses-E24092_run-1_bp-chest_cr.png
363,covid_1487.png,sub-S09426_ses-E18321_run-1_bp-chest_vp-pa_dx.png,sub-S09994_ses-E18945_run-1_bp-chest_vp-ap_dx.png
364,covid_1488.png,sub-S09689_ses-E20159_run-1_bp-chest_vp-ap_dx.png,sub-S09597_ses-E26985_run-1_bp-chest_vp-ap_cr.png
365,covid_1491.png,sub-S09776_ses-E25967_run-1_bp-chest_vp-ap_cr.png,sub-S09617_ses-E26139_run-1_bp-chest_vp-ap_dx.png
366,covid_1492.png,sub-S09587_ses-E22159_run-1_bp-chest_vp-ap_cr.png,sub-S09678_ses-E19191_run-1_bp-chest_vp-ap_dx.png
367,covid_1494.png,sub-S09855_ses-E17128_run-1_bp-chest_vp-pa_cr.png,sub-S09831_ses-E24761_run-1_bp-chest_vp-pa_dx.png
368,covid_1495.png,sub-S09640_ses-E16527_run-2_bp-chest_cr.png,sub-S09679_ses-E20766_run-1_bp-chest_vp-ap_cr.png
369,covid_15.png,sub-S09603_ses-E26803_run-1_bp-chest_vp-pa_dx.png,sub-S09382_ses-E23421_run-1_bp-chest_vp-ap_dx.png
370,covid_150.png,sub-S09678_ses-E19086_run-1_bp-chest_vp-ap_dx.png,sub-S09382_ses-E21864_run-1_bp-chest_vp-ap_cr.png
371,covid_1500.png,sub-S09979_ses-E23599_run-1_bp-chest_vp-ap_cr.png,sub-S09694_ses-E20413_run-1_bp-chest_vp-ap_dx.png
372,covid_1502.png,sub-S09670_ses-E17147_run-1_bp-chest_vp-pa_cr.png,sub-S09818_ses-E16841_run-1_bp-chest_vp-pa_cr.png
373,covid_1503.png,sub-S09356_ses-E21620_run-1_bp-chest_vp-ap_dx.png,sub-S09366_ses-E24177_acq-1_run-1_bp-chest_vp-pa_dx.png
374,covid_1504.png,sub-S09377_ses-E22805_run-1_bp-chest_vp-ap_cr.png,sub-S09642_ses-E24842_run-1_bp-chest_vp-pa_dx.png
375,covid_1505.png,sub-S09914_ses-E25537_run-1_bp-chest_vp-ap_dx.png,sub-S09308_ses-E20323_run-2_bp-chest_vp-ap_dx.png
376,covid_1508.png,sub-S09703_ses-E19461_run-1_bp-chest_vp-ap_cr.png,sub-S09656_ses-E27060_run-1_bp-chest_vp-ap_cr.png
377,covid_1509.png,sub-S09934_ses-E19061_run-1_bp-chest_vp-ap_dx.png,sub-S09689_ses-E21117_run-1_bp-chest_vp-ap_dx.png
378,covid_151.png,sub-S09676_ses-E19073_run-1_bp-chest_vp-ap_cr.png,sub-S09939_ses-E20762_run-1_bp-chest_vp-ap_dx.png
379,covid_1510.png,sub-S09308_ses-E19031_run-1_bp-chest_vp-ap_dx.png,sub-S09531_ses-E25852_run-1_bp-chest_vp-ap_cr.png
380,covid_1511.png,sub-S09687_ses-E18404_run-1_bp-chest_cr.png,sub-S09762_ses-E22687_run-1_bp-chest_vp-ap_cr.png
381,covid_1512.png,sub-S09318_ses-E23380_run-1_bp-chest_vp-ap_cr.png,sub-S09340_ses-E21534_run-1_bp-chest_vp-ap_cr.png
382,covid_1515.png,sub-S09371_ses-E18951_run-1_bp-chest_vp-ap_dx.png,sub-S09721_ses-E25952_run-1_bp-chest_vp-ap_dx.png
383,covid_1516.png,sub-S10005_ses-E19020_run-1_bp-chest_vp-ap_dx.png,sub-S09647_ses-E26113_run-1_bp-chest_vp-ap_cr.png
384,covid_1517.png,sub-S09309_ses-E16094_run-1_bp-chest_vp-ap_cr.png,sub-S09670_ses-E16577_run-1_bp-chest_vp-ap_cr.png
385,covid_1518.png,sub-S09877_ses-E20962_run-1_bp-chest_vp-pa_cr.png,sub-S09721_ses-E18282_run-1_bp-chest_cr.png
386,covid_1519.png,sub-S09547_ses-E24365_run-1_bp-chest_vp-ap_cr.png,sub-S09520_ses-E19841_run-1_bp-chest_vp-ap_dx.png
387,covid_152.png,sub-S09828_ses-E22847_run-1_bp-chest_vp-ap_cr.png,sub-S09382_ses-E18643_run-1_bp-chest_vp-ap_cr.png
388,covid_1520.png,sub-S09673_ses-E22399_run-1_bp-chest_cr.png,sub-S09538_ses-E24320_run-1_bp-chest_vp-pa_dx.png
389,covid_1522.png,sub-S09998_ses-E19446_run-1_bp-chest_vp-ap_dx.png,sub-S09600_ses-E19138_run-1_bp-chest_vp-pa_cr.png
390,covid_1523.png,sub-S09340_ses-E19161_run-1_bp-chest_vp-ap_cr.png,sub-S09559_ses-E20246_acq-1_run-1_bp-chest_vp-ll_dx.png
391,covid_1524.png,sub-S09345_ses-E17826_run-1_bp-chest_vp-ap_dx.png,sub-S09416_ses-E26830_run-1_bp-chest_vp-ap_cr.png
392,covid_1526.png,sub-S09549_ses-E18661_run-1_bp-chest_vp-ap_dx.png,sub-S09471_ses-E23208_run-1_bp-chest_vp-ap_cr.png
393,covid_1529.png,sub-S09653_ses-E22819_run-1_bp-chest_vp-ap_dx.png,sub-S09440_ses-E20661_run-1_bp-chest_vp-ap_dx.png
394,covid_153.png,sub-S09679_ses-E16588_run-1_bp-chest_vp-ap_cr.png,sub-S09348_ses-E20308_run-1_bp-chest_vp-ap_dx.png
395,covid_1530.png,sub-S09748_ses-E22191_run-1_bp-chest_vp-ap_cr.png,sub-S09467_ses-E23192_run-1_bp-chest_vp-pa_dx.png
396,covid_1532.png,sub-S09361_ses-E23085_run-1_bp-chest_vp-ap_dx.png,sub-S10024_ses-E24000_run-1_bp-chest_vp-ap_dx.png
397,covid_1533.png,sub-S09678_ses-E22732_run-1_bp-chest_vp-ap_cr.png,sub-S09831_ses-E19721_run-1_bp-chest_vp-ap_dx.png
398,covid_1534.png,sub-S09492_ses-E19799_run-1_bp-chest_vp-ap_dx.png,sub-S09618_ses-E16486_run-1_bp-chest_vp-pa_cr.png
399,covid_1535.png,sub-S10013_ses-E26373_run-1_bp-chest_vp-ap_cr.png,sub-S09762_ses-E18234_run-1_bp-chest_vp-pa_cr.png
400,covid_154.png,sub-S09343_ses-E24578_run-1_bp-chest_vp-ap_dx.png,sub-S09734_ses-E21476_acq-1_run-1_bp-chest_vp-pa_dx.png
401,covid_1541.png,sub-S09436_ses-E22139_run-1_bp-chest_vp-ap_dx.png,sub-S09828_ses-E22205_run-1_bp-chest_vp-ap_cr.png
402,covid_1543.png,sub-S09603_ses-E20289_run-1_bp-chest_vp-ap_dx.png,sub-S09526_ses-E16708_run-1_bp-chest_vp-ap_dx.png
403,covid_1546.png,sub-S09429_ses-E25116_run-1_bp-chest_vp-ap_dx.png,sub-S09653_ses-E21504_run-1_bp-chest_vp-ap_cr.png
404,covid_1547.png,sub-S09377_ses-E20288_run-1_bp-chest_vp-ap_cr.png,sub-S09577_ses-E22544_run-1_bp-chest_vp-ap_cr.png
405,covid_1548.png,sub-S09377_ses-E16818_run-1_bp-chest_vp-ap_cr.png,sub-S09331_ses-E16729_run-1_bp-chest_vp-ap_dx.png
406,covid_1549.png,sub-S09704_ses-E19852_acq-1_run-1_bp-chest_vp-ap_dx.png,sub-S09787_ses-E16775_run-1_bp-chest_vp-ap_dx.png
407,covid_155.png,sub-S09346_ses-E25008_run-2_bp-chest_vp-ap_dx.png,sub-S09408_ses-E18111_run-1_bp-chest_cr.png
408,covid_1550.png,sub-S09408_ses-E20726_run-1_bp-chest_cr.png,sub-S09626_ses-E25939_run-1_bp-chest_vp-ap_cr.png
409,covid_1552.png,sub-S10000_ses-E25580_run-1_bp-chest_vp-ap_dx.png,sub-S09631_ses-E26175_run-1_bp-chest_vp-ap_dx.png
410,covid_1554.png,sub-S09369_ses-E16167_run-1_bp-chest_vp-ap_dx.png,sub-S09516_ses-E23613_run-1_bp-chest_vp-ap_dx.png
411,covid_1555.png,sub-S10013_ses-E20085_run-1_bp-chest_vp-ap_cr.png,sub-S09534_ses-E16376_run-2_bp-chest_vp-pa_dx.png
412,covid_1556.png,sub-S09679_ses-E24254_run-1_bp-chest_vp-ap_cr.png,sub-S09569_ses-E16420_run-1_bp-chest_vp-ap_dx.png
413,covid_1557.png,sub-S09864_ses-E26074_run-1_bp-chest_vp-ap_cr.png,sub-S09928_ses-E17296_run-1_bp-chest_vp-ap_cr.png
414,covid_1558.png,sub-S09382_ses-E23166_run-1_bp-chest_vp-ap_cr.png,sub-S09703_ses-E20706_run-1_bp-chest_vp-ap_cr.png
415,covid_1559.png,sub-S09509_ses-E22006_run-1_bp-chest_vp-ap_cr.png,sub-S09750_ses-E19151_run-1_bp-chest_vp-ap_cr.png
416,covid_1560.png,sub-S09465_ses-E19875_run-1_bp-chest_vp-ap_dx.png,sub-S09516_ses-E17533_run-1_bp-chest_vp-pa_cr.png
417,covid_1561.png,sub-S09314_ses-E20960_run-1_bp-chest_vp-ap_cr.png,sub-S09845_ses-E22296_run-1_bp-chest_vp-ap_cr.png
418,covid_1563.png,sub-S09376_ses-E16820_run-1_bp-chest_vp-ap_dx.png,sub-S09999_ses-E19482_run-1_bp-chest_vp-pa_dx.png
419,covid_1564.png,sub-S09408_ses-E16650_run-1_bp-chest_cr.png,sub-S09504_ses-E24549_run-1_bp-chest_vp-ap_dx.png
420,covid_1565.png,sub-S09377_ses-E20007_run-1_bp-chest_vp-ap_cr.png,sub-S09683_ses-E21135_run-1_bp-chest_vp-pa_cr.png
421,covid_1567.png,sub-S09377_ses-E17033_run-1_bp-chest_vp-ap_cr.png,sub-S09468_ses-E19729_run-1_bp-chest_vp-ap_dx.png
422,covid_1568.png,sub-S09317_ses-E23874_run-1_bp-chest_vp-ap_dx.png,sub-S09459_ses-E16279_run-1_bp-chest_vp-ap_cr.png
423,covid_157.png,sub-S09695_ses-E17191_run-1_bp-chest_vp-ap_dx.png,sub-S09379_ses-E16946_run-1_bp-chest_vp-ap_cr.png
424,covid_1570.png,sub-S09603_ses-E16941_run-1_bp-chest_vp-ap_dx.png,sub-S09356_ses-E19770_run-1_bp-chest_cr.png
425,covid_1572.png,sub-S09340_ses-E18996_run-1_bp-chest_vp-ap_cr.png,sub-S09317_ses-E26697_run-1_bp-chest_vp-pa_cr.png
426,covid_1573.png,sub-S09728_ses-E16665_run-1_bp-chest_vp-ap_dx.png,sub-S09842_ses-E19760_run-1_bp-chest_vp-ap_dx.png
427,covid_1575.png,sub-S09760_ses-E21721_run-1_bp-chest_vp-ap_dx.png,sub-S09377_ses-E22026_run-1_bp-chest_vp-ap_cr.png
428,covid_1576.png,sub-S09737_ses-E16680_acq-1_run-1_bp-chest_vp-pa_cr.png,sub-S09374_ses-E22603_run-1_bp-chest_dx.png
429,covid_1577.png,sub-S09395_ses-E22643_run-1_bp-chest_vp-ap_cr.png,sub-S09341_ses-E21404_run-1_bp-chest_vp-ap_cr.png
430,covid_1578.png,sub-S09555_ses-E24383_acq-2_run-1_bp-chest_vp-ap_dx.png,sub-S09563_ses-E21881_run-1_bp-chest_vp-ap_dx.png
431,covid_1579.png,sub-S09516_ses-E19997_run-1_bp-chest_vp-ap_dx.png,sub-S10011_ses-E17215_run-1_bp-chest_dx.png
432,covid_158.png,sub-S09531_ses-E20431_run-1_bp-chest_vp-pa_dx.png,sub-S09815_ses-E16834_run-1_bp-chest_vp-ap_dx.png
433,covid_1582.png,sub-S09683_ses-E22974_run-1_bp-chest_vp-ap_cr.png,sub-S09768_ses-E21563_run-1_bp-chest_vp-ap_dx.png
434,covid_1583.png,sub-S09762_ses-E23423_run-1_bp-chest_vp-pa_cr.png,sub-S10023_ses-E19360_run-1_bp-chest_vp-ap_cr.png
435,covid_1584.png,sub-S09379_ses-E18624_run-2_bp-chest_vp-ap_cr.png,sub-S09420_ses-E16229_run-1_bp-chest_vp-ap_dx.png
436,covid_1585.png,sub-S09312_ses-E26157_run-1_bp-chest_vp-ap_dx.png,sub-S09314_ses-E22365_run-1_bp-chest_vp-pa_cr.png
437,covid_1586.png,sub-S09587_ses-E21825_run-1_bp-chest_vp-ap_cr.png,sub-S09675_ses-E24164_acq-1_run-1_bp-chest_cr.png
438,covid_1587.png,sub-S09516_ses-E25183_run-1_bp-chest_cr.png,sub-S09513_ses-E16347_acq-1_run-1_bp-chest_vp-ll_cr.png
439,covid_159.png,sub-S09361_ses-E19948_run-1_bp-chest_cr.png,sub-S09864_ses-E16922_run-1_bp-chest_vp-ap_dx.png
440,covid_1590.png,sub-S09766_ses-E16740_run-2_bp-chest_vp-ap_dx.png,sub-S09346_ses-E24900_run-2_bp-chest_vp-ap_dx.png
441,covid_1591.png,sub-S09318_ses-E16103_run-1_bp-chest_vp-ap_cr.png,sub-S09357_ses-E17835_run-1_bp-chest_cr.png
442,covid_1592.png,sub-S09345_ses-E22211_run-1_bp-chest_vp-pa_cr.png,sub-S09681_ses-E24429_run-1_bp-chest_vp-ap_dx.png
443,covid_1595.png,sub-S09729_ses-E16668_run-1_bp-chest_vp-ap_dx.png,sub-S09311_ses-E20696_run-1_bp-chest_vp-pa_cr.png
444,covid_1596.png,sub-S09458_ses-E26325_run-1_bp-chest_vp-ap_cr.png,sub-S09768_ses-E23452_run-1_bp-chest_vp-ap_dx.png
445,covid_1597.png,sub-S09663_ses-E24207_run-1_bp-chest_vp-pa_cr.png,sub-S09440_ses-E24503_run-1_bp-chest_vp-ap_dx.png
446,covid_1598.png,sub-S09376_ses-E18458_run-1_bp-chest_cr.png,sub-S09921_ses-E17039_run-1_bp-chest_vp-ap_cr.png
447,covid_16.png,sub-S09417_ses-E17850_run-2_bp-chest_vp-ap_dx.png,sub-S09998_ses-E18991_run-1_bp-chest_vp-ap_cr.png
448,covid_160.png,sub-S09496_ses-E16328_run-1_bp-chest_vp-pa_dx.png,sub-S09550_ses-E16397_run-1_bp-chest_vp-ap_dx.png
449,covid_1600.png,sub-S09377_ses-E18164_run-2_bp-chest_vp-ap_cr.png,sub-S09804_ses-E24055_run-1_bp-chest_vp-pa_cr.png
450,covid_1601.png,sub-S09379_ses-E22174_run-1_bp-chest_vp-ap_cr.png,sub-S09469_ses-E16297_run-1_bp-chest_vp-pa_cr.png
451,covid_1602.png,sub-S09391_ses-E22345_run-1_bp-chest_vp-ap_dx.png,sub-S09343_ses-E23417_run-1_bp-chest_vp-ap_dx.png
452,covid_1603.png,sub-S09374_ses-E17342_run-1_bp-chest_vp-ap_dx.png,sub-S09520_ses-E26133_run-1_bp-chest_vp-ap_dx.png
453,covid_1604.png,sub-S09967_ses-E17114_run-1_bp-chest_vp-ap_dx.png,sub-S09379_ses-E17190_run-1_bp-chest_vp-ap_cr.png
454,covid_1608.png,sub-S09552_ses-E16399_run-1_bp-chest_vp-pa_dx.png,sub-S09684_ses-E16597_run-1_bp-chest_vp-pa_dx.png
455,covid_1609.png,sub-S09308_ses-E22400_run-1_bp-chest_vp-ap_dx.png,sub-S09452_ses-E16270_run-1_bp-chest_cr.png
456,covid_1610.png,sub-S09932_ses-E23481_run-1_bp-chest_vp-pa_dx.png,sub-S09475_ses-E24600_run-1_bp-chest_cr.png
457,covid_1611.png,sub-S09768_ses-E21952_run-1_bp-chest_vp-ap_dx.png,sub-S09921_ses-E18476_run-1_bp-chest_vp-ap_cr.png
458,covid_1612.png,sub-S09922_ses-E17477_acq-1_run-1_bp-chest_vp-ap_dx.png,sub-S09816_ses-E21002_run-1_bp-chest_vp-ap_cr.png
459,covid_1613.png,sub-S09474_ses-E21416_run-1_bp-chest_vp-pa_dx.png,sub-S09466_ses-E18114_run-1_bp-chest_vp-ap_dx.png
460,covid_1614.png,sub-S10013_ses-E20488_run-1_bp-chest_vp-ap_cr.png,sub-S09835_ses-E23362_run-1_bp-chest_vp-ap_cr.png
461,covid_1615.png,sub-S09496_ses-E25100_run-1_bp-chest_vp-ap_dx.png,sub-S09683_ses-E17515_run-1_bp-chest_vp-ap_cr.png
462,covid_1616.png,sub-S09716_ses-E16647_run-1_bp-chest_dx.png,sub-S09376_ses-E17178_run-1_bp-chest_vp-ap_dx.png
463,covid_162.png,sub-S09822_ses-E18999_run-1_bp-chest_vp-ap_dx.png,sub-S09601_ses-E16463_run-1_bp-chest_vp-ap_cr.png
464,covid_1620.png,sub-S09866_ses-E24490_acq-1_run-1_bp-chest_vp-ll_dx.png,sub-S09710_ses-E17123_run-1_bp-chest_vp-ap_cr.png
465,covid_1621.png,sub-S09926_ses-E17049_run-2_bp-chest_cr.png,sub-S09499_ses-E21982_run-1_bp-chest_vp-ap_dx.png
466,covid_1622.png,sub-S09469_ses-E23439_run-1_bp-chest_vp-ap_dx.png,sub-S09767_ses-E24758_run-1_bp-chest_vp-ap_dx.png
467,covid_1626.png,sub-S09905_ses-E20588_acq-3_run-1_bp-chest_vp-ap_dx.png,sub-S09426_ses-E16684_run-1_bp-chest_vp-ap_dx.png
468,covid_1627.png,sub-S09808_ses-E24722_run-1_bp-chest_vp-ap_dx.png,sub-S09331_ses-E26757_run-1_bp-chest_vp-pa_dx.png
469,covid_1630.png,sub-S09368_ses-E19401_run-1_bp-chest_vp-ap_cr.png,sub-S09376_ses-E18978_run-1_bp-chest_cr.png
470,covid_1632.png,sub-S09312_ses-E25262_run-1_bp-chest_vp-ap_dx.png,sub-S09995_ses-E26500_run-1_bp-chest_vp-pa_dx.png
471,covid_1633.png,sub-S09999_ses-E17197_run-1_bp-chest_vp-ap_dx.png,sub-S09549_ses-E18799_run-1_bp-chest_vp-ap_cr.png
472,covid_1634.png,sub-S09766_ses-E17514_acq-1_run-1_bp-chest_vp-ap_dx.png,sub-S09420_ses-E22489_run-1_bp-chest_vp-ap_cr.png
473,covid_1635.png,sub-S09340_ses-E20837_run-1_bp-chest_vp-ap_cr.png,sub-S09998_ses-E22632_run-1_bp-chest_vp-ap_cr.png
474,covid_1636.png,sub-S09361_ses-E22749_run-1_bp-chest_vp-ap_dx.png,sub-S09320_ses-E19508_run-1_bp-chest_vp-ap_cr.png
475,covid_1637.png,sub-S09417_ses-E16224_run-1_bp-chest_vp-ap_cr.png,sub-S09504_ses-E16697_acq-1_run-1_bp-chest_vp-ap_dx.png
476,covid_1639.png,sub-S09481_ses-E16313_run-1_bp-chest_vp-ap_cr.png,sub-S09772_ses-E23908_run-1_bp-chest_cr.png
477,covid_164.png,sub-S09370_ses-E16168_run-1_bp-chest_vp-ap_dx.png,sub-S09998_ses-E19689_run-1_bp-chest_vp-ap_dx.png
478,covid_1640.png,sub-S09320_ses-E21937_run-1_bp-chest_vp-ap_cr.png,sub-S09472_ses-E23463_run-1_bp-chest_vp-ap_dx.png
479,covid_1641.png,sub-S09866_ses-E26092_run-1_bp-chest_vp-ap_cr.png,sub-S09382_ses-E20464_run-1_bp-chest_vp-ap_cr.png
480,covid_1642.png,sub-S09729_ses-E17168_run-1_bp-chest_vp-ap_cr.png,sub-S09673_ses-E19256_run-1_bp-chest_cr.png
481,covid_1643.png,sub-S09669_ses-E16870_run-1_bp-chest_vp-ap_dx.png,sub-S09678_ses-E19595_run-1_bp-chest_vp-ap_dx.png
482,covid_1644.png,sub-S09392_ses-E16195_run-1_bp-chest_vp-ap_dx.png,sub-S08077_ses-E18680_run-1_bp-chest_vp-ap_cr.png
483,covid_1645.png,sub-S09356_ses-E17161_run-1_bp-chest_vp-ap_dx.png,sub-S09374_ses-E25195_acq-1_run-1_bp-chest_vp-ap_dx.png
484,covid_1646.png,sub-S09558_ses-E26889_run-1_bp-chest_vp-pa_dx.png,sub-S09360_ses-E16152_run-1_bp-chest_vp-pa_cr.png
485,covid_1647.png,sub-S09814_ses-E18986_acq-1_run-1_bp-chest_vp-pa_dx.png,sub-S09577_ses-E23566_run-1_bp-chest_vp-pa_cr.png
486,covid_1649.png,sub-S09689_ses-E24033_run-1_bp-chest_vp-ap_cr.png,sub-S09644_ses-E25741_run-1_bp-chest_vp-pa_cr.png
487,covid_165.png,sub-S09522_ses-E16360_run-1_bp-chest_vp-ap_cr.png,sub-S09688_ses-E18703_run-1_bp-chest_vp-ap_dx.png
488,covid_1650.png,sub-S09723_ses-E19045_run-1_bp-chest_vp-ap_dx.png,sub-S09871_ses-E25198_run-1_bp-chest_vp-ap_dx.png
489,covid_1652.png,sub-S09370_ses-E17909_run-1_bp-chest_vp-ap_dx.png,sub-S09689_ses-E19967_run-1_bp-chest_vp-ap_dx.png
490,covid_1653.png,sub-S09490_ses-E16322_run-1_bp-chest_vp-pa_cr.png,sub-S09452_ses-E22036_run-1_bp-chest_cr.png
491,covid_1655.png,sub-S09634_ses-E22954_run-1_bp-chest_cr.png,sub-S09831_ses-E19025_run-1_bp-chest_vp-ap_dx.png
492,covid_1658.png,sub-S09694_ses-E26910_run-1_bp-chest_vp-pa_dx.png,sub-S09992_ses-E24065_run-1_bp-chest_vp-pa_cr.png
493,covid_1662.png,sub-S09343_ses-E20470_acq-1_run-1_bp-chest_vp-ap_dx.png,sub-S09452_ses-E21690_run-1_bp-chest_cr.png
494,covid_1665.png,sub-S09478_ses-E19756_run-1_bp-chest_vp-ap_dx.png,sub-S09505_ses-E16339_run-1_bp-chest_cr.png
495,covid_1666.png,sub-S09808_ses-E18449_run-1_bp-chest_cr.png,sub-S09700_ses-E18733_run-1_bp-chest_vp-pa_dx.png
496,covid_1667.png,sub-S09468_ses-E21004_acq-2_run-1_bp-chest_vp-ap_dx.png,sub-S09340_ses-E17940_run-1_bp-chest_vp-ap_cr.png
497,covid_1668.png,sub-S09678_ses-E16889_run-1_bp-chest_vp-ap_dx.png,sub-S09516_ses-E26485_run-1_bp-chest_vp-ap_dx.png
498,covid_1669.png,sub-S09361_ses-E21885_run-1_bp-chest_vp-ap_dx.png,sub-S09909_ses-E25370_run-1_bp-chest_vp-ap_dx.png
499,covid_167.png,sub-S09555_ses-E22714_run-1_bp-chest_cr.png,sub-S09353_ses-E16143_run-1_bp-chest_vp-ap_dx.png
500,covid_1671.png,sub-S09905_ses-E22936_run-1_bp-chest_cr.png,sub-S09366_ses-E22573_run-1_bp-chest_vp-ap_cr.png
501,covid_1672.png,sub-S09436_ses-E26718_run-1_bp-chest_vp-ap_dx.png,sub-S09993_ses-E17187_run-1_bp-chest_vp-ap_dx.png
502,covid_1673.png,sub-S09814_ses-E20954_run-1_bp-chest_vp-ap_cr.png,sub-S09563_ses-E16573_run-1_bp-chest_vp-ap_dx.png
503,covid_1675.png,sub-S09747_ses-E22637_run-1_bp-chest_vp-ap_dx.png,sub-S09384_ses-E19154_run-1_bp-chest_dx.png
504,covid_1677.png,sub-S09815_ses-E22649_run-1_bp-chest_vp-ap_dx.png,sub-S09679_ses-E19951_run-1_bp-chest_vp-ap_cr.png
505,covid_1678.png,sub-S09678_ses-E25107_run-1_bp-chest_vp-ap_dx.png,sub-S09558_ses-E16759_run-1_bp-chest_vp-ap_dx.png
506,covid_1679.png,sub-S09581_ses-E25701_run-1_bp-chest_vp-pa_cr.png,sub-S09478_ses-E19911_run-1_bp-chest_vp-ap_dx.png
507,covid_1681.png,sub-S09363_ses-E26711_run-1_bp-chest_vp-ap_dx.png,sub-S09873_ses-E18618_run-1_bp-chest_vp-ap_dx.png
508,covid_1682.png,sub-S09700_ses-E20216_run-1_bp-chest_vp-ap_dx.png,sub-S09475_ses-E24606_run-1_bp-chest_vp-pa_cr.png
509,covid_1683.png,sub-S09379_ses-E16705_run-1_bp-chest_vp-ap_cr.png,sub-S09669_ses-E20245_run-1_bp-chest_vp-ap_dx.png
510,covid_1684.png,sub-S09842_ses-E22722_run-1_bp-chest_vp-ap_dx.png,sub-S09651_ses-E22019_run-1_bp-chest_vp-ap_dx.png
511,covid_1686.png,sub-S09787_ses-E22293_run-1_bp-chest_vp-ap_cr.png,sub-S09760_ses-E25900_run-1_bp-chest_vp-pa_cr.png
512,covid_1687.png,sub-S09341_ses-E16130_run-1_bp-chest_vp-ap_dx.png,sub-S09605_ses-E16610_run-1_bp-chest_vp-pa_dx.png
513,covid_169.png,sub-S09760_ses-E22406_run-1_bp-chest_vp-ap_dx.png,sub-S09386_ses-E24916_acq-1_run-1_bp-chest_vp-pa_dx.png
514,covid_1690.png,sub-S09772_ses-E25920_run-1_bp-chest_vp-ap_dx.png,sub-S09308_ses-E17371_acq-2_run-1_bp-chest_vp-ap_dx.png
515,covid_1693.png,sub-S09818_ses-E24333_run-1_bp-chest_vp-pa_cr.png,sub-S09371_ses-E16592_run-1_bp-chest_vp-ap_dx.png
516,covid_1696.png,sub-S09334_ses-E20884_run-1_bp-chest_vp-ap_dx.png,sub-S09673_ses-E19520_run-1_bp-chest_cr.png
517,covid_1698.png,sub-S09398_ses-E18631_run-1_bp-chest_vp-ap_cr.png,sub-S09676_ses-E22917_run-1_bp-chest_vp-ap_cr.png
518,covid_17.png,sub-S09374_ses-E18958_run-1_bp-chest_vp-ap_dx.png,sub-S09848_ses-E23238_run-1_bp-chest_vp-ap_cr.png
519,covid_1700.png,sub-S09492_ses-E18359_run-1_bp-chest_vp-ap_dx.png,sub-S09366_ses-E26083_run-1_bp-chest_vp-ap_cr.png
520,covid_1701.png,sub-S09312_ses-E23677_run-1_bp-chest_vp-ap_dx.png,sub-S09377_ses-E16686_run-1_bp-chest_vp-ap_cr.png
521,covid_1702.png,sub-S09379_ses-E18623_run-1_bp-chest_vp-ap_cr.png,sub-S09379_ses-E22352_run-1_bp-chest_vp-ap_cr.png
522,covid_1704.png,sub-S09669_ses-E19046_run-1_bp-chest_cr.png,sub-S09346_ses-E25008_run-1_bp-chest_vp-ap_dx.png
523,covid_1705.png,sub-S09674_ses-E16582_run-1_bp-chest_vp-ap_dx.png,sub-S09520_ses-E19442_run-1_bp-chest_vp-ap_dx.png
524,covid_1706.png,sub-S09366_ses-E21128_run-1_bp-chest_vp-ap_cr.png,sub-S09662_ses-E19505_run-1_bp-chest_vp-ap_cr.png
525,covid_1708.png,sub-S09343_ses-E26378_run-1_bp-chest_vp-ap_dx.png,sub-S09831_ses-E19254_run-1_bp-chest_vp-ap_dx.png
526,covid_1709.png,sub-S09366_ses-E16163_run-1_bp-chest_vp-ap_cr.png,sub-S09556_ses-E22258_run-1_bp-chest_vp-ap_cr.png
527,covid_1710.png,sub-S09356_ses-E19941_run-2_bp-chest_vp-ap_dx.png,sub-S09540_ses-E27021_run-1_bp-chest_vp-pa_dx.png
528,covid_1711.png,sub-S09741_ses-E16691_run-1_bp-chest_cr.png,sub-S09322_ses-E21159_run-1_bp-chest_vp-ap_dx.png
529,covid_1712.png,sub-S10013_ses-E22426_run-1_bp-chest_vp-ap_cr.png,sub-S09555_ses-E23930_run-1_bp-chest_cr.png
530,covid_1713.png,sub-S09467_ses-E21865_run-1_bp-chest_vp-ap_dx.png,sub-S09580_ses-E24448_run-1_bp-chest_vp-pa_cr.png
531,covid_1716.png,sub-S09499_ses-E19066_run-1_bp-chest_vp-ap_dx.png,sub-S09594_ses-E18157_run-1_bp-chest_vp-ap_dx.png
532,covid_1717.png,sub-S09726_ses-E17568_run-1_bp-chest_vp-ap_cr.png,sub-S09811_ses-E25788_run-1_bp-chest_vp-ap_dx.png
533,covid_1718.png,sub-S09760_ses-E20858_run-1_bp-chest_vp-ap_dx.png,sub-S09676_ses-E21981_run-1_bp-chest_vp-ap_cr.png
534,covid_1719.png,sub-S09673_ses-E20498_run-1_bp-chest_cr.png,sub-S09455_ses-E17099_run-1_bp-chest_vp-ap_cr.png
535,covid_172.png,sub-S09569_ses-E17316_run-1_bp-chest_vp-ap_cr.png,sub-S09907_ses-E22937_acq-1_run-1_bp-chest_vp-pa_dx.png
536,covid_1721.png,sub-S09512_ses-E18948_run-1_bp-chest_vp-ap_cr.png,sub-S09552_ses-E24369_run-1_bp-chest_vp-pa_cr.png
537,covid_1724.png,sub-S09974_ses-E21086_run-1_bp-chest_vp-ap_dx.png,sub-S09689_ses-E21475_run-1_bp-chest_vp-ap_dx.png
538,covid_1725.png,sub-S09516_ses-E20645_run-1_bp-chest_vp-ap_dx.png,sub-S09340_ses-E17282_run-1_bp-chest_vp-ap_cr.png
539,covid_1726.png,sub-S09843_ses-E24623_run-1_bp-chest_cr.png,sub-S09601_ses-E19211_run-1_bp-chest_vp-ap_cr.png
540,covid_1727.png,sub-S09811_ses-E18981_run-1_bp-chest_vp-ap_dx.png,sub-S10013_ses-E22084_run-1_bp-chest_vp-pa_cr.png
541,covid_1728.png,sub-S09477_ses-E16308_run-1_bp-chest_vp-ap_dx.png,sub-S10036_ses-E26543_run-1_bp-chest_vp-ap_cr.png
542,covid_1729.png,sub-S09452_ses-E16825_run-1_bp-chest_vp-ap_cr.png,sub-S09492_ses-E21091_run-1_bp-chest_vp-ap_dx.png
543,covid_173.png,sub-S09893_ses-E16978_acq-1_run-1_bp-chest_vp-pa_cr.png,sub-S09409_ses-E17557_run-1_bp-chest_vp-ap_cr.png
544,covid_1731.png,sub-S09559_ses-E17569_run-1_bp-chest_vp-ap_cr.png,sub-S09689_ses-E25745_run-1_bp-chest_vp-ap_dx.png
545,covid_1732.png,sub-S09594_ses-E17429_acq-1_run-1_bp-chest_vp-ap_dx.png,sub-S09458_ses-E17334_run-1_bp-chest_vp-ap_dx.png
546,covid_1733.png,sub-S09967_ses-E17291_run-1_bp-chest_vp-ap_dx.png,sub-S09653_ses-E23000_run-1_bp-chest_vp-ap_dx.png
547,covid_1734.png,sub-S09551_ses-E17148_run-1_bp-chest_vp-ap_dx.png,sub-S09675_ses-E23080_acq-1_run-1_bp-chest_cr.png
548,covid_1735.png,sub-S09905_ses-E23245_run-1_bp-chest_cr.png,sub-S09905_ses-E18883_run-1_bp-chest_cr.png
549,covid_1736.png,sub-S09644_ses-E18384_run-1_bp-chest_vp-ap_dx.png,sub-S09670_ses-E20877_run-1_bp-chest_vp-ap_cr.png
550,covid_1737.png,sub-S09555_ses-E20249_run-1_bp-chest_vp-ap_dx.png,sub-S09382_ses-E17362_run-1_bp-chest_vp-ap_cr.png
551,covid_174.png,sub-S09371_ses-E18616_run-1_bp-chest_vp-ap_dx.png,sub-S09408_ses-E16296_run-1_bp-chest_cr.png
552,covid_1744.png,sub-S09420_ses-E21045_run-1_bp-chest_vp-ap_cr.png,sub-S09611_ses-E17966_acq-1_run-1_bp-chest_vp-ll_dx.png
553,covid_1746.png,sub-S09767_ses-E25448_run-1_bp-chest_vp-ap_dx.png,sub-S09603_ses-E22179_run-1_bp-chest_vp-ap_dx.png
554,covid_1747.png,sub-S09759_ses-E25899_run-1_bp-chest_vp-pa_cr.png,sub-S09495_ses-E17935_acq-1_run-1_bp-chest_vp-ap_dx.png
555,covid_1748.png,sub-S09979_ses-E20936_run-1_bp-chest_vp-ap_cr.png,sub-S09382_ses-E24751_run-1_bp-chest_vp-ap_cr.png
556,covid_175.png,sub-S09490_ses-E19381_run-1_bp-chest_vp-pa_cr.png,sub-S09426_ses-E26002_run-2_bp-chest_vp-ap_dx.png
557,covid_1752.png,sub-S09695_ses-E18620_run-1_bp-chest_vp-pa_cr.png,sub-S09765_ses-E24590_run-1_bp-chest_vp-ap_dx.png
558,covid_1754.png,sub-S09905_ses-E20381_run-1_bp-chest_cr.png,sub-S09905_ses-E21791_run-1_bp-chest_cr.png
559,covid_1756.png,sub-S09408_ses-E17937_run-1_bp-chest_cr.png,sub-S09788_ses-E24922_run-1_bp-chest_vp-pa_dx.png
560,covid_1757.png,sub-S09551_ses-E20735_run-1_bp-chest_vp-ap_dx.png,sub-S09615_ses-E26546_run-1_bp-chest_vp-ap_dx.png
561,covid_176.png,sub-S09365_ses-E16695_run-1_bp-chest_vp-ap_dx.png,sub-S09492_ses-E21310_run-1_bp-chest_vp-ap_dx.png
562,covid_1760.png,sub-S09416_ses-E21269_run-1_bp-chest_vp-ap_cr.png,sub-S09332_ses-E23999_run-1_bp-chest_vp-pa_cr.png
563,covid_1761.png,sub-S09788_ses-E25313_run-1_bp-chest_vp-ap_dx.png,sub-S09699_ses-E17617_run-1_bp-chest_vp-ap_dx.png
564,covid_1763.png,sub-S09669_ses-E22709_run-1_bp-chest_cr.png,sub-S09469_ses-E19259_run-1_bp-chest_vp-ap_dx.png
565,covid_1765.png,sub-S09458_ses-E18180_run-1_bp-chest_vp-ap_dx.png,sub-S09879_ses-E17287_run-1_bp-chest_vp-ap_dx.png
566,covid_1767.png,sub-S09767_ses-E26822_run-1_bp-chest_vp-ap_cr.png,sub-S09587_ses-E16933_run-1_bp-chest_vp-ap_cr.png
567,covid_1769.png,sub-S09368_ses-E19120_run-2_bp-chest_vp-ap_dx.png,sub-S09499_ses-E24400_run-1_bp-chest_vp-ap_dx.png
568,covid_1770.png,sub-S09375_ses-E16595_run-1_bp-chest_vp-ap_dx.png,sub-S09333_ses-E23993_run-1_bp-chest_vp-ap_dx.png
569,covid_1771.png,sub-S09745_ses-E22607_run-1_bp-chest_vp-ap_dx.png,sub-S09440_ses-E19987_run-1_bp-chest_vp-ap_dx.png
570,covid_1774.png,sub-S09361_ses-E17408_run-1_bp-chest_vp-ap_dx.png,sub-S10005_ses-E23869_acq-1_run-1_bp-chest_vp-ll_dx.png
571,covid_1775.png,sub-S09469_ses-E24596_run-1_bp-chest_cr.png,sub-S09426_ses-E26436_run-1_bp-chest_vp-ap_dx.png
572,covid_1776.png,sub-S09549_ses-E23443_run-1_bp-chest_vp-ap_dx.png,sub-S09371_ses-E20280_run-1_bp-chest_vp-ap_dx.png
573,covid_1777.png,sub-S09581_ses-E26451_run-1_bp-chest_vp-pa_cr.png,sub-S09356_ses-E20900_run-1_bp-chest_vp-ap_dx.png
574,covid_1778.png,sub-S09339_ses-E16833_run-1_bp-chest_vp-ap_dx.png,sub-S09440_ses-E19833_run-1_bp-chest_vp-ap_dx.png
575,covid_1779.png,sub-S09514_ses-E19991_run-1_bp-chest_vp-ap_dx.png,sub-S09526_ses-E21522_run-1_bp-chest_vp-ap_dx.png
576,covid_178.png,sub-S08047_ses-E16837_run-1_bp-chest_cr.png,sub-S09499_ses-E20750_run-1_bp-chest_vp-ap_dx.png
577,covid_1781.png,sub-S09408_ses-E22878_run-1_bp-chest_cr.png,sub-S09512_ses-E16346_run-1_bp-chest_vp-pa_dx.png
578,covid_1782.png,sub-S09672_ses-E16580_acq-1_run-1_bp-chest_cr.png,sub-S09313_ses-E16098_run-1_bp-chest_vp-ap_cr.png
579,covid_1784.png,sub-S09366_ses-E24258_run-1_bp-chest_vp-ap_cr.png,sub-S09680_ses-E20758_run-1_bp-chest_vp-ap_cr.png
580,covid_1785.png,sub-S09499_ses-E24779_run-1_bp-chest_vp-ap_dx.png,sub-S09864_ses-E17014_run-1_bp-chest_vp-ap_cr.png
581,covid_1788.png,sub-S09356_ses-E19941_run-1_bp-chest_vp-ap_dx.png,sub-S09551_ses-E23065_run-1_bp-chest_vp-ap_dx.png
582,covid_1789.png,sub-S09371_ses-E21897_run-1_bp-chest_vp-ap_dx.png,sub-S09514_ses-E21147_run-1_bp-chest_vp-ap_dx.png
583,covid_1790.png,sub-S09508_ses-E17598_run-1_bp-chest_vp-pa_dx.png,sub-S09481_ses-E16761_run-1_bp-chest_vp-ap_cr.png
584,covid_1793.png,sub-S09377_ses-E20007_run-2_bp-chest_vp-ap_cr.png,sub-S09660_ses-E16558_run-1_bp-chest_vp-ap_dx.png
585,covid_1794.png,sub-S09356_ses-E21996_run-1_bp-chest_vp-ap_dx.png,sub-S09605_ses-E17180_run-1_bp-chest_vp-ap_dx.png
586,covid_1795.png,sub-S09348_ses-E23386_run-1_bp-chest_cr.png,sub-S08047_ses-E17511_run-1_bp-chest_vp-ap_dx.png
587,covid_1796.png,sub-S09680_ses-E18870_run-1_bp-chest_vp-ap_cr.png,sub-S09555_ses-E21589_run-1_bp-chest_vp-ap_dx.png
588,covid_1797.png,sub-S09903_ses-E17002_acq-1_run-1_bp-chest_vp-pa_cr.png,sub-S09845_ses-E18676_run-1_bp-chest_vp-ap_cr.png
589,covid_180.png,sub-S09458_ses-E22358_run-1_bp-chest_vp-ap_dx.png,sub-S09867_ses-E18410_run-1_bp-chest_vp-ap_dx.png
590,covid_1800.png,sub-S09425_ses-E16236_run-1_bp-chest_vp-ap_dx.png,sub-S09356_ses-E19589_run-1_bp-chest_vp-ap_dx.png
591,covid_1801.png,sub-S09376_ses-E18625_run-1_bp-chest_vp-ap_dx.png,sub-S09803_ses-E17325_acq-1_run-1_bp-chest_cr.png
592,covid_1802.png,sub-S09356_ses-E23083_run-1_bp-chest_vp-ap_dx.png,sub-S09953_ses-E21362_run-1_bp-chest_vp-ap_dx.png
593,covid_1804.png,sub-S09868_ses-E16931_run-1_bp-chest_vp-ap_dx.png,sub-S09377_ses-E21154_run-1_bp-chest_vp-ap_cr.png
594,covid_1807.png,sub-S09350_ses-E16140_run-1_bp-chest_vp-ap_dx.png,sub-S09555_ses-E21021_run-1_bp-chest_cr.png
595,covid_1808.png,sub-S09376_ses-E17915_run-1_bp-chest_vp-ap_dx.png,sub-S09583_ses-E20623_run-1_bp-chest_vp-ap_cr.png
596,covid_1809.png,sub-S09679_ses-E21464_run-1_bp-chest_vp-ap_cr.png,sub-S09500_ses-E19336_run-1_bp-chest_vp-ap_dx.png
597,covid_181.png,sub-S09687_ses-E23618_run-1_bp-chest_vp-pa_cr.png,sub-S09905_ses-E26721_run-1_bp-chest_vp-ap_dx.png
598,covid_1812.png,sub-S09363_ses-E16917_acq-2_run-1_bp-chest_vp-ap_dx.png,sub-S09361_ses-E22942_run-1_bp-chest_vp-ap_dx.png
599,covid_1813.png,sub-S09953_ses-E26120_run-1_bp-chest_vp-pa_dx.png,sub-S09680_ses-E17459_run-1_bp-chest_vp-ap_cr.png
600,covid_1816.png,sub-S09846_ses-E19077_run-1_bp-chest_vp-ap_dx.png,sub-S09831_ses-E18650_run-1_bp-chest_vp-ap_dx.png
601,covid_1817.png,sub-S09376_ses-E22821_run-1_bp-chest_cr.png,sub-S09363_ses-E17952_run-1_bp-chest_vp-ap_dx.png
602,covid_1819.png,sub-S09991_ses-E22950_run-1_bp-chest_vp-ap_dx.png,sub-S09340_ses-E16561_run-1_bp-chest_vp-ap_cr.png
603,covid_1820.png,sub-S09991_ses-E17177_run-1_bp-chest_vp-ap_dx.png,sub-S09615_ses-E24891_run-1_bp-chest_vp-pa_dx.png
604,covid_1822.png,sub-S09678_ses-E22514_run-1_bp-chest_vp-ap_dx.png,sub-S09653_ses-E27070_run-1_bp-chest_vp-ap_cr.png
605,covid_1823.png,sub-S09694_ses-E17337_run-1_bp-chest_vp-pa_dx.png,sub-S09408_ses-E22074_run-1_bp-chest_cr.png
606,covid_1824.png,sub-S09552_ses-E26393_run-1_bp-chest_vp-pa_cr.png,sub-S09313_ses-E24131_run-1_bp-chest_vp-ap_dx.png
607,covid_1825.png,sub-S09609_ses-E16474_run-2_bp-chest_vp-pa_dx.png,sub-S09790_ses-E21891_run-1_bp-chest_vp-ap_dx.png
608,covid_1826.png,sub-S09689_ses-E19803_run-1_bp-chest_vp-ap_dx.png,sub-S09466_ses-E16293_run-1_bp-chest_vp-pa_dx.png
609,covid_1827.png,sub-S09387_ses-E22957_run-1_bp-chest_vp-ap_dx.png,sub-S09499_ses-E25990_run-1_bp-chest_vp-ap_dx.png
610,covid_1828.png,sub-S09741_ses-E16806_run-1_bp-chest_vp-ap_dx.png,sub-S09681_ses-E16901_run-1_bp-chest_vp-ap_dx.png
611,covid_1829.png,sub-S09815_ses-E21401_run-2_bp-chest_vp-ap_dx.png,sub-S09603_ses-E20811_run-1_bp-chest_vp-ap_dx.png
612,covid_183.png,sub-S09343_ses-E19502_run-1_bp-chest_vp-ap_dx.png,sub-S09626_ses-E25311_acq-1_run-1_bp-chest_vp-ll_cr.png
613,covid_1832.png,sub-S09340_ses-E21862_run-1_bp-chest_vp-ap_cr.png,sub-S09379_ses-E21909_run-2_bp-chest_vp-ap_cr.png
614,covid_1835.png,sub-S09799_ses-E24017_run-1_bp-chest_cr.png,sub-S09549_ses-E19265_run-1_bp-chest_vp-ap_dx.png
615,covid_1836.png,sub-S09994_ses-E25178_run-1_bp-chest_vp-ap_dx.png,sub-S09439_ses-E22575_run-1_bp-chest_vp-pa_dx.png
616,covid_1837.png,sub-S09343_ses-E20998_run-1_bp-chest_vp-ap_dx.png,sub-S09375_ses-E18944_run-1_bp-chest_vp-ap_dx.png
617,covid_184.png,sub-S09837_ses-E24226_run-1_bp-chest_vp-ap_cr.png,sub-S09382_ses-E24331_run-1_bp-chest_vp-ap_cr.png
618,covid_1842.png,sub-S09340_ses-E17825_run-1_bp-chest_vp-ap_cr.png,sub-S09365_ses-E18705_run-1_bp-chest_vp-ap_cr.png
619,covid_1844.png,sub-S09478_ses-E18281_run-1_bp-chest_cr.png,sub-S08651_ses-E17664_run-1_bp-chest_vp-ap_dx.png
620,covid_1845.png,sub-S09356_ses-E22295_run-1_bp-chest_vp-ap_dx.png,sub-S09452_ses-E17513_run-1_bp-chest_cr.png
621,covid_1846.png,sub-S09426_ses-E16421_run-1_bp-chest_vp-ap_dx.png,sub-S09310_ses-E24865_run-1_bp-chest_vp-ap_dx.png
622,covid_1851.png,sub-S09789_ses-E21634_run-1_bp-chest_vp-ap_cr.png,sub-S09517_ses-E21347_run-1_bp-chest_vp-ap_dx.png
623,covid_1853.png,sub-S09867_ses-E24708_run-1_bp-chest_vp-ap_dx.png,sub-S09905_ses-E17699_run-1_bp-chest_vp-ap_dx.png
624,covid_1854.png,sub-S09811_ses-E18462_run-1_bp-chest_vp-ap_dx.png,sub-S09499_ses-E22280_run-1_bp-chest_vp-ap_dx.png
625,covid_1855.png,sub-S09371_ses-E20807_run-1_bp-chest_vp-ap_dx.png,sub-S09913_ses-E17020_run-1_bp-chest_vp-ap_cr.png
626,covid_1856.png,sub-S09348_ses-E16624_run-1_bp-chest_vp-ap_dx.png,sub-S09376_ses-E16176_run-1_bp-chest_vp-ap_dx.png
627,covid_1857.png,sub-S09419_ses-E16227_run-1_bp-chest_vp-ap_cr.png,sub-S09520_ses-E26498_run-1_bp-chest_vp-ap_dx.png
628,covid_1858.png,sub-S09514_ses-E19827_run-1_bp-chest_vp-ap_dx.png,sub-S09395_ses-E22364_run-1_bp-chest_vp-ap_cr.png
629,covid_1859.png,sub-S09814_ses-E20417_run-1_bp-chest_vp-ap_cr.png,sub-S09475_ses-E19304_run-1_bp-chest_vp-ap_dx.png
630,covid_1860.png,sub-S09527_ses-E21700_run-1_bp-chest_vp-ap_cr.png,sub-S09995_ses-E17192_run-1_bp-chest_vp-ap_dx.png
631,covid_1861.png,sub-S09385_ses-E19899_run-1_bp-chest_vp-ap_dx.png,sub-S09575_ses-E17866_run-1_bp-chest_vp-pa_dx.png
632,covid_1865.png,sub-S09496_ses-E25324_run-1_bp-chest_vp-pa_dx.png,sub-S09651_ses-E16807_run-1_bp-chest_vp-ap_dx.png
633,covid_1866.png,sub-S09366_ses-E22157_run-1_bp-chest_vp-ap_cr.png,sub-S09348_ses-E23855_run-1_bp-chest_vp-ap_dx.png
634,covid_1867.png,sub-S09606_ses-E17751_run-1_bp-chest_vp-ap_cr.png,sub-S09683_ses-E26484_run-1_bp-chest_vp-ap_cr.png
635,covid_187.png,sub-S09673_ses-E19739_run-1_bp-chest_cr.png,sub-S09605_ses-E17435_acq-2_run-1_bp-chest_vp-ap_dx.png
636,covid_1870.png,sub-S09689_ses-E20924_run-1_bp-chest_vp-ap_dx.png,sub-S09490_ses-E20616_run-1_bp-chest_vp-ap_dx.png
637,covid_1871.png,sub-S09580_ses-E19608_run-1_bp-chest_vp-pa_cr.png,sub-S09871_ses-E23626_run-1_bp-chest_dx.png
638,covid_1872.png,sub-S08489_ses-E22262_run-1_bp-chest_vp-pa_dx.png,sub-S09382_ses-E17827_run-1_bp-chest_vp-ap_cr.png
639,covid_1873.png,sub-S09499_ses-E19184_run-1_bp-chest_vp-ap_dx.png,sub-S09340_ses-E17441_run-1_bp-chest_vp-ap_cr.png
640,covid_1874.png,sub-S09845_ses-E18848_run-2_bp-chest_vp-ap_dx.png,sub-S09768_ses-E25614_run-1_bp-chest_vp-ap_dx.png
641,covid_1876.png,sub-S09781_ses-E20754_run-1_bp-chest_vp-ap_dx.png,sub-S09544_ses-E25892_run-1_bp-chest_vp-pa_cr.png
642,covid_1877.png,sub-S09848_ses-E26422_run-1_bp-chest_vp-ap_cr.png,sub-S09783_ses-E17575_run-1_bp-chest_vp-ap_dx.png
643,covid_1878.png,sub-S09408_ses-E18794_run-1_bp-chest_cr.png,sub-S09505_ses-E17030_run-1_bp-chest_cr.png
644,covid_188.png,sub-S09466_ses-E17059_run-1_bp-chest_vp-pa_dx.png,sub-S09676_ses-E22287_run-1_bp-chest_vp-ap_cr.png
645,covid_1880.png,sub-S09572_ses-E22285_run-1_bp-chest_vp-ap_dx.png,sub-S09426_ses-E20899_run-1_bp-chest_vp-ap_dx.png
646,covid_1881.png,sub-S09379_ses-E18975_run-1_bp-chest_vp-ap_cr.png,sub-S09452_ses-E17919_run-1_bp-chest_cr.png
647,covid_1882.png,sub-S09524_ses-E19696_run-1_bp-chest_vp-ap_cr.png,sub-S09798_ses-E26290_run-1_bp-chest_vp-pa_dx.png
648,covid_1885.png,sub-S09345_ses-E16849_run-1_bp-chest_vp-ap_dx.png,sub-S09408_ses-E18510_run-1_bp-chest_cr.png
649,covid_1887.png,sub-S09848_ses-E16896_run-1_bp-chest_vp-ap_dx.png,sub-S09408_ses-E17450_run-1_bp-chest_cr.png
650,covid_1888.png,sub-S09620_ses-E24749_run-1_bp-chest_vp-ap_dx.png,sub-S08489_ses-E23228_run-1_bp-chest_vp-ap_cr.png
651,covid_1890.png,sub-S09948_ses-E17667_run-1_bp-chest_vp-ap_cr.png,sub-S09334_ses-E21958_run-1_bp-chest_vp-ap_dx.png
652,covid_1891.png,sub-S09687_ses-E18927_acq-1_run-1_bp-chest_cr.png,sub-S09679_ses-E17874_run-1_bp-chest_vp-ap_cr.png
653,covid_1892.png,sub-S09904_ses-E21080_run-1_bp-chest_vp-ap_dx.png,sub-S09673_ses-E20324_run-1_bp-chest_vp-ap_dx.png
654,covid_1894.png,sub-S09417_ses-E20106_run-1_bp-chest_vp-ap_cr.png,sub-S10019_ses-E19307_run-1_bp-chest_vp-ap_cr.png
655,covid_1895.png,sub-S09515_ses-E19825_run-1_bp-chest_vp-ap_dx.png,sub-S09524_ses-E16944_run-1_bp-chest_vp-ap_dx.png
656,covid_1896.png,sub-S09721_ses-E22463_run-1_bp-chest_vp-ap_dx.png,sub-S09550_ses-E16866_run-1_bp-chest_vp-ap_dx.png
657,covid_190.png,sub-S09728_ses-E23225_run-1_bp-chest_vp-ap_cr.png,sub-S09352_ses-E16142_acq-1_run-1_bp-chest_vp-ap_dx.png
658,covid_1901.png,sub-S09689_ses-E22774_run-1_bp-chest_vp-ap_dx.png,sub-S09343_ses-E22412_run-1_bp-chest_vp-ap_dx.png
659,covid_1902.png,sub-S09496_ses-E20545_run-1_bp-chest_vp-ap_dx.png,sub-S09610_ses-E20704_run-1_bp-chest_vp-pa_cr.png
660,covid_1903.png,sub-S09452_ses-E16953_run-1_bp-chest_cr.png,sub-S09551_ses-E26702_run-1_bp-chest_vp-pa_dx.png
661,covid_1905.png,sub-S09312_ses-E24866_run-1_bp-chest_vp-ap_dx.png,sub-S09455_ses-E26736_run-1_bp-chest_vp-ap_cr.png
662,covid_1907.png,sub-S10019_ses-E25650_run-1_bp-chest_vp-pa_dx.png,sub-S09842_ses-E16879_run-1_bp-chest_vp-ap_dx.png
663,covid_1908.png,sub-S09356_ses-E26012_run-1_bp-chest_vp-ap_dx.png,sub-S09420_ses-E24404_run-1_bp-chest_vp-ap_dx.png
664,covid_1909.png,sub-S09651_ses-E23114_run-1_bp-chest_vp-ap_dx.png,sub-S09343_ses-E16287_run-1_bp-chest_vp-pa_cr.png
665,covid_191.png,sub-S09325_ses-E20192_run-1_bp-chest_vp-ap_dx.png,sub-S09361_ses-E22128_run-1_bp-chest_vp-ap_dx.png
666,covid_1911.png,sub-S09563_ses-E17155_run-1_bp-chest_vp-ap_dx.png,sub-S09382_ses-E19241_run-1_bp-chest_vp-ap_cr.png
667,covid_1912.png,sub-S09594_ses-E17182_run-1_bp-chest_vp-ap_dx.png,sub-S09855_ses-E24446_run-1_bp-chest_vp-ap_dx.png
668,covid_1913.png,sub-S09979_ses-E21115_run-1_bp-chest_vp-ap_cr.png,sub-S09864_ses-E19382_run-1_bp-chest_vp-ap_cr.png
669,covid_1914.png,sub-S09328_ses-E23378_run-1_bp-chest_vp-ap_dx.png,sub-S09843_ses-E19313_run-1_bp-chest_vp-ap_dx.png
670,covid_1918.png,sub-S09499_ses-E23710_run-1_bp-chest_vp-ap_cr.png,sub-S09831_ses-E24347_run-1_bp-chest_vp-ap_dx.png
671,covid_1919.png,sub-S09382_ses-E19494_run-1_bp-chest_vp-ap_cr.png,sub-S09385_ses-E16186_run-1_bp-chest_vp-ap_cr.png
672,covid_192.png,sub-S10024_ses-E17235_run-1_bp-chest_vp-pa_dx.png,sub-S09683_ses-E16692_run-1_bp-chest_vp-ap_cr.png
673,covid_1920.png,sub-S09683_ses-E24266_run-1_bp-chest_vp-ap_cr.png,sub-S09580_ses-E20601_run-1_bp-chest_vp-pa_cr.png
674,covid_1921.png,sub-S09831_ses-E23181_run-1_bp-chest_vp-ap_dx.png,sub-S09379_ses-E23128_run-1_bp-chest_vp-ap_cr.png
675,covid_1922.png,sub-S09469_ses-E23896_acq-1_run-1_bp-chest_vp-ap_dx.png,sub-S09340_ses-E17823_run-1_bp-chest_vp-ap_cr.png
676,covid_1923.png,sub-S09863_ses-E24684_run-1_bp-chest_vp-ap_cr.png,sub-S09669_ses-E18824_run-1_bp-chest_cr.png
677,covid_1927.png,sub-S09683_ses-E16594_run-1_bp-chest_vp-ap_cr.png,sub-S09645_ses-E20801_run-1_bp-chest_vp-ap_dx.png
678,covid_193.png,sub-S09687_ses-E17468_run-1_bp-chest_cr.png,sub-S08489_ses-E22906_run-1_bp-chest_vp-ap_dx.png
679,covid_1930.png,sub-S09848_ses-E21433_run-1_bp-chest_vp-ap_cr.png,sub-S09720_ses-E23823_run-1_bp-chest_vp-pa_dx.png
680,covid_1933.png,sub-S09765_ses-E20500_run-1_bp-chest_vp-ap_dx.png,sub-S09581_ses-E16438_run-1_bp-chest_vp-pa_dx.png
681,covid_1934.png,sub-S09458_ses-E20224_run-1_bp-chest_vp-ap_dx.png,sub-S10020_ses-E17231_run-1_bp-chest_vp-pa_cr.png
682,covid_1935.png,sub-S09317_ses-E22213_run-1_bp-chest_vp-ap_dx.png,sub-S09398_ses-E17512_run-1_bp-chest_vp-ap_cr.png
683,covid_1938.png,sub-S09531_ses-E20968_run-1_bp-chest_vp-pa_dx.png,sub-S09721_ses-E23931_run-1_bp-chest_vp-pa_cr.png
684,covid_1939.png,sub-S09678_ses-E20565_run-1_bp-chest_vp-ap_dx.png,sub-S09440_ses-E22583_run-1_bp-chest_vp-ap_dx.png
685,covid_1940.png,sub-S09799_ses-E16792_run-1_bp-chest_vp-pa_cr.png,sub-S09828_ses-E18763_run-1_bp-chest_vp-ap_cr.png
686,covid_1941.png,sub-S09475_ses-E19914_run-1_bp-chest_vp-ap_dx.png,sub-S09558_ses-E17456_run-1_bp-chest_vp-ap_dx.png
687,covid_1943.png,sub-S09382_ses-E16495_run-1_bp-chest_vp-ap_cr.png,sub-S09843_ses-E23496_run-1_bp-chest_vp-ap_dx.png
688,covid_1944.png,sub-S09631_ses-E25972_run-1_bp-chest_vp-ap_cr.png,sub-S09703_ses-E20301_run-1_bp-chest_vp-ap_cr.png
689,covid_1947.png,sub-S09382_ses-E22859_run-1_bp-chest_vp-ap_cr.png,sub-S09543_ses-E20330_run-2_bp-chest_vp-ap_dx.png
690,covid_1948.png,sub-S09815_ses-E18634_run-1_bp-chest_vp-ap_cr.png,sub-S09993_ses-E23110_run-1_bp-chest_vp-ap_dx.png
691,covid_1950.png,sub-S09555_ses-E23054_run-1_bp-chest_vp-ap_dx.png,sub-S09359_ses-E18678_run-1_bp-chest_vp-ap_dx.png
692,covid_1951.png,sub-S10027_ses-E19320_run-1_bp-chest_vp-ap_dx.png,sub-S09767_ses-E18235_run-1_bp-chest_vp-ap_dx.png
693,covid_1952.png,sub-S09683_ses-E20273_run-1_bp-chest_vp-ap_cr.png,sub-S09495_ses-E17395_run-1_bp-chest_vp-pa_dx.png
694,covid_1953.png,sub-S09689_ses-E26065_run-1_bp-chest_vp-ap_dx.png,sub-S09828_ses-E20711_run-1_bp-chest_vp-ap_cr.png
695,covid_1956.png,sub-S09689_ses-E19106_run-1_bp-chest_vp-ap_dx.png,sub-S09348_ses-E17140_run-1_bp-chest_vp-ap_dx.png
696,covid_1957.png,sub-S09363_ses-E17174_run-1_bp-chest_vp-ap_dx.png,sub-S09308_ses-E19513_run-1_bp-chest_vp-ap_dx.png
697,covid_196.png,sub-S09768_ses-E20239_run-1_bp-chest_vp-ap_dx.png,sub-S09904_ses-E17003_run-1_bp-chest_vp-pa_dx.png
698,covid_1962.png,sub-S09375_ses-E22596_run-1_bp-chest_vp-ap_cr.png,sub-S09377_ses-E18972_run-1_bp-chest_vp-ap_cr.png
699,covid_1963.png,sub-S09520_ses-E20681_run-1_bp-chest_vp-ap_dx.png,sub-S10012_ses-E25442_run-1_bp-chest_vp-pa_cr.png
700,covid_1964.png,sub-S09550_ses-E26569_run-1_bp-chest_vp-pa_cr.png,sub-S09681_ses-E21995_run-1_bp-chest_vp-ap_dx.png
701,covid_1965.png,sub-S09751_ses-E23836_run-1_bp-chest_vp-pa_cr.png,sub-S09348_ses-E18751_run-1_bp-chest_cr.png
702,covid_1968.png,sub-S09722_ses-E16656_run-1_bp-chest_vp-pa_cr.png,sub-S09311_ses-E21848_run-1_bp-chest_vp-ap_cr.png
703,covid_1969.png,sub-S09363_ses-E16521_acq-2_run-1_bp-chest_vp-ap_dx.png,sub-S09789_ses-E18888_run-2_bp-chest_vp-ap_dx.png
704,covid_197.png,sub-S09348_ses-E17343_run-1_bp-chest_vp-ap_dx.png,sub-S09471_ses-E16301_run-1_bp-chest_vp-ap_cr.png
705,covid_1970.png,sub-S09856_ses-E24014_run-1_bp-chest_vp-ap_dx.png,sub-S09566_ses-E16417_run-1_bp-chest_cr.png
706,covid_1975.png,sub-S09509_ses-E22760_run-1_bp-chest_vp-pa_cr.png,sub-S09683_ses-E17252_run-1_bp-chest_vp-ap_cr.png
707,covid_1976.png,sub-S09679_ses-E22740_run-1_bp-chest_vp-ap_cr.png,sub-S09379_ses-E20823_run-1_bp-chest_vp-ap_cr.png
708,covid_1977.png,sub-S09778_ses-E16764_run-1_bp-chest_cr.png,sub-S09855_ses-E19193_run-1_bp-chest_vp-pa_cr.png
709,covid_1978.png,sub-S09555_ses-E19050_run-1_bp-chest_cr.png,sub-S10015_ses-E25056_run-1_bp-chest_vp-pa_cr.png
710,covid_198.png,sub-S09547_ses-E23462_run-1_bp-chest_vp-ap_dx.png,sub-S09452_ses-E18170_run-1_bp-chest_cr.png
711,covid_1980.png,sub-S09340_ses-E16560_run-1_bp-chest_vp-ap_cr.png,sub-S09962_ses-E24094_run-1_bp-chest_vp-pa_dx.png
712,covid_1981.png,sub-S09680_ses-E17869_run-1_bp-chest_vp-ap_cr.png,sub-S09431_ses-E16242_acq-1_run-1_bp-chest_vp-pa_cr.png
713,covid_1982.png,sub-S09511_ses-E16345_run-1_bp-chest_dx.png,sub-S09864_ses-E24984_run-1_bp-chest_vp-ap_cr.png
714,covid_1983.png,sub-S09603_ses-E17179_run-1_bp-chest_vp-ap_dx.png,sub-S09656_ses-E27157_run-1_bp-chest_vp-ap_dx.png
715,covid_1984.png,sub-S09452_ses-E22828_run-1_bp-chest_cr.png,sub-S09619_ses-E26690_run-1_bp-chest_vp-ap_cr.png
716,covid_1985.png,sub-S09458_ses-E17447_run-1_bp-chest_vp-ap_dx.png,sub-S09683_ses-E26307_run-1_bp-chest_vp-ap_cr.png
717,covid_1986.png,sub-S09670_ses-E25931_run-1_bp-chest_vp-pa_cr.png,sub-S09718_ses-E23427_run-1_bp-chest_vp-ap_dx.png
718,covid_199.png,sub-S09762_ses-E19737_run-1_bp-chest_vp-ap_cr.png,sub-S09840_ses-E18544_run-1_bp-chest_vp-pa_dx.png
719,covid_1990.png,sub-S09408_ses-E22229_run-1_bp-chest_cr.png,sub-S09676_ses-E17490_run-1_bp-chest_vp-ap_cr.png
720,covid_1991.png,sub-S09406_ses-E18791_run-1_bp-chest_vp-ap_dx.png,sub-S09941_ses-E17079_run-1_bp-chest_vp-pa_cr.png
721,covid_1995.png,sub-S09974_ses-E21787_run-1_bp-chest_vp-ap_dx.png,sub-S09495_ses-E17786_acq-2_run-1_bp-chest_vp-ap_dx.png
722,covid_1997.png,sub-S09458_ses-E16368_run-1_bp-chest_vp-ap_dx.png,sub-S09760_ses-E18240_run-1_bp-chest_vp-ap_dx.png
723,covid_1999.png,sub-S09503_ses-E16337_run-1_bp-chest_vp-ap_dx.png,sub-S09340_ses-E18102_run-1_bp-chest_vp-ap_cr.png
724,covid_20.png,sub-S10009_ses-E24991_run-1_bp-chest_vp-pa_dx.png,sub-S09795_ses-E18347_run-1_bp-chest_vp-pa_dx.png
725,covid_200.png,sub-S09558_ses-E16405_acq-1_run-1_bp-chest_vp-pa_dx.png,sub-S09540_ses-E17445_run-1_bp-chest_vp-ap_dx.png
726,covid_2001.png,sub-S09887_ses-E25275_run-1_bp-chest_vp-ap_dx.png,sub-S09815_ses-E20303_run-1_bp-chest_vp-ap_dx.png
727,covid_2004.png,sub-S09673_ses-E18520_run-1_bp-chest_vp-ap_dx.png,sub-S09642_ses-E22563_run-1_bp-chest_vp-ap_dx.png
728,covid_2005.png,sub-S09624_ses-E25904_run-1_bp-chest_vp-ap_cr.png,sub-S09499_ses-E20116_run-1_bp-chest_vp-ap_dx.png
729,covid_201.png,sub-S09340_ses-E20710_run-1_bp-chest_vp-ap_cr.png,sub-S09811_ses-E22629_run-1_bp-chest_vp-ap_dx.png
730,covid_2010.png,sub-S09603_ses-E20944_run-1_bp-chest_vp-ap_dx.png,sub-S09848_ses-E22508_run-1_bp-chest_vp-ap_cr.png
731,covid_2012.png,sub-S09360_ses-E24444_run-1_bp-chest_vp-pa_dx.png,sub-S09514_ses-E22589_run-1_bp-chest_dx.png
732,covid_2013.png,sub-S09817_ses-E19493_run-1_bp-chest_vp-ap_cr.png,sub-S09520_ses-E20016_run-1_bp-chest_vp-ap_dx.png
733,covid_2015.png,sub-S09516_ses-E24690_run-1_bp-chest_vp-ap_dx.png,sub-S09340_ses-E17139_run-1_bp-chest_vp-pa_cr.png
734,covid_2016.png,sub-S09426_ses-E21980_run-1_bp-chest_vp-ap_dx.png,sub-S09955_ses-E26105_run-1_bp-chest_vp-ap_cr.png
735,covid_2018.png,sub-S09420_ses-E16993_run-1_bp-chest_vp-ap_dx.png,sub-S09905_ses-E17464_run-1_bp-chest_cr.png
736,covid_202.png,sub-S09760_ses-E16731_run-1_bp-chest_cr.png,sub-S09382_ses-E23413_run-1_bp-chest_vp-ap_cr.png
737,covid_2021.png,sub-S09905_ses-E19793_run-1_bp-chest_cr.png,sub-S09609_ses-E21382_run-1_bp-chest_vp-pa_cr.png
738,covid_2022.png,sub-S09831_ses-E23425_run-1_bp-chest_vp-ap_dx.png,sub-S09669_ses-E22250_run-1_bp-chest_vp-ap_dx.png
739,covid_2023.png,sub-S09697_ses-E16614_run-1_bp-chest_vp-ap_dx.png,sub-S09906_ses-E23548_run-1_bp-chest_vp-ap_dx.png
740,covid_2024.png,sub-S09848_ses-E26424_run-1_bp-chest_vp-pa_cr.png,sub-S09326_ses-E19220_run-1_bp-chest_vp-pa_cr.png
741,covid_2026.png,sub-S09866_ses-E21346_run-1_bp-chest_vp-ap_cr.png,sub-S09689_ses-E18696_run-1_bp-chest_vp-ap_cr.png
742,covid_2027.png,sub-S09732_ses-E22320_run-1_bp-chest_vp-ap_dx.png,sub-S09689_ses-E16604_run-1_bp-chest_vp-ap_dx.png
743,covid_2028.png,sub-S09815_ses-E21191_run-1_bp-chest_vp-ap_dx.png,sub-S09867_ses-E26491_run-1_bp-chest_vp-ap_dx.png
744,covid_203.png,sub-S09312_ses-E24141_run-1_bp-chest_vp-ap_dx.png,sub-S09416_ses-E23227_run-1_bp-chest_vp-ap_dx.png
745,covid_2030.png,sub-S09678_ses-E19776_run-1_bp-chest_vp-ap_dx.png,sub-S09899_ses-E16994_run-1_bp-chest_vp-pa_dx.png
746,covid_2032.png,sub-S09678_ses-E18317_run-1_bp-chest_vp-ap_cr.png,sub-S09790_ses-E16781_run-1_bp-chest_vp-ap_dx.png
747,covid_2033.png,sub-S09678_ses-E25318_run-1_bp-chest_vp-ap_cr.png,sub-S09613_ses-E16479_run-1_bp-chest_vp-pa_cr.png
748,covid_2035.png,sub-S09478_ses-E25948_run-1_bp-chest_vp-ap_dx.png,sub-S09314_ses-E17345_run-1_bp-chest_vp-ap_cr.png
749,covid_2036.png,sub-S09424_ses-E25680_run-1_bp-chest_vp-ap_dx.png,sub-S09340_ses-E16717_run-1_bp-chest_vp-ap_cr.png
750,covid_2037.png,sub-S09768_ses-E23194_run-1_bp-chest_vp-ap_dx.png,sub-S09375_ses-E21827_run-1_bp-chest_vp-ap_cr.png
751,covid_2038.png,sub-S09548_ses-E23051_run-1_bp-chest_vp-pa_dx.png,sub-S09617_ses-E25206_run-1_bp-chest_vp-ap_dx.png
752,covid_204.png,sub-S09734_ses-E20389_run-1_bp-chest_vp-pa_dx.png,sub-S09346_ses-E17546_run-1_bp-chest_vp-ap_cr.png
753,covid_2040.png,sub-S09517_ses-E23607_run-1_bp-chest_vp-ap_dx.png,sub-S09994_ses-E19119_run-1_bp-chest_vp-ap_dx.png
754,covid_2041.png,sub-S09603_ses-E21502_run-1_bp-chest_vp-pa_dx.png,sub-S09780_ses-E23709_run-1_bp-chest_vp-ap_cr.png
755,covid_2042.png,sub-S09382_ses-E18775_run-1_bp-chest_vp-ap_cr.png,sub-S09605_ses-E16470_acq-2_run-1_bp-chest_vp-pa_dx.png
756,covid_2043.png,sub-S09723_ses-E18270_run-1_bp-chest_vp-ap_dx.png,sub-S09876_ses-E25409_run-1_bp-chest_vp-ap_cr.png
757,covid_2046.png,sub-S09357_ses-E16148_run-1_bp-chest_vp-ap_dx.png,sub-S08047_ses-E18100_run-1_bp-chest_vp-ap_dx.png
758,covid_2047.png,sub-S09475_ses-E18285_run-1_bp-chest_vp-ap_dx.png,sub-S09558_ses-E16575_run-1_bp-chest_vp-ap_dx.png
759,covid_2048.png,sub-S09967_ses-E18011_run-1_bp-chest_vp-ap_dx.png,sub-S09912_ses-E17018_run-1_bp-chest_vp-pa_cr.png
760,covid_205.png,sub-S09371_ses-E16810_run-1_bp-chest_vp-ap_dx.png,sub-S09572_ses-E17936_run-1_bp-chest_vp-ap_cr.png
761,covid_2050.png,sub-S09977_ses-E27000_acq-1_run-1_bp-chest_cr.png,sub-S09379_ses-E16621_run-1_bp-chest_vp-ap_cr.png
762,covid_2055.png,sub-S09348_ses-E21526_run-1_bp-chest_vp-ap_dx.png,sub-S09778_ses-E17643_run-1_bp-chest_vp-ap_dx.png
763,covid_2056.png,sub-S09398_ses-E23350_run-1_bp-chest_vp-ap_cr.png,sub-S09352_ses-E16142_acq-2_run-1_bp-chest_vp-ap_dx.png
764,covid_2057.png,sub-S09981_ses-E27017_run-1_bp-chest_cr.png,sub-S09678_ses-E19930_run-1_bp-chest_vp-ap_dx.png
765,covid_2058.png,sub-S09850_ses-E21596_run-1_bp-chest_vp-pa_cr.png,sub-S09517_ses-E16352_run-1_bp-chest_vp-pa_cr.png
766,covid_2059.png,sub-S09346_ses-E17630_run-1_bp-chest_vp-ap_cr.png,sub-S09867_ses-E22970_run-1_bp-chest_vp-ap_dx.png
767,covid_206.png,sub-S09717_ses-E19511_run-1_bp-chest_vp-ap_dx.png,sub-S09515_ses-E19999_run-1_bp-chest_vp-ap_dx.png
768,covid_2061.png,sub-S09465_ses-E18212_run-1_bp-chest_vp-ap_dx.png,sub-S09753_ses-E20312_run-1_bp-chest_vp-ap_dx.png
769,covid_2063.png,sub-S09690_ses-E16605_run-1_bp-chest_vp-ap_cr.png,sub-S09994_ses-E17188_run-1_bp-chest_vp-ap_dx.png
770,covid_2066.png,sub-S09866_ses-E26486_run-1_bp-chest_vp-ap_dx.png,sub-S09426_ses-E19939_run-1_bp-chest_vp-ap_dx.png
771,covid_2067.png,sub-S09720_ses-E16981_run-1_bp-chest_vp-pa_dx.png,sub-S09368_ses-E20395_run-1_bp-chest_vp-ap_dx.png
772,covid_2068.png,sub-S09314_ses-E20304_run-1_bp-chest_vp-ap_cr.png,sub-S09967_ses-E17535_run-1_bp-chest_vp-ap_dx.png
773,covid_2069.png,sub-S09426_ses-E25493_run-1_bp-chest_vp-ap_dx.png,sub-S09831_ses-E22072_run-1_bp-chest_vp-ap_dx.png
774,covid_207.png,sub-S09811_ses-E25420_run-1_bp-chest_vp-ap_dx.png,sub-S09356_ses-E18871_run-1_bp-chest_vp-ap_dx.png
775,covid_2073.png,sub-S09827_ses-E25267_acq-1_run-1_bp-chest_vp-ll_dx.png,sub-S09767_ses-E19500_run-1_bp-chest_vp-ap_dx.png
776,covid_2074.png,sub-S09977_ses-E17132_acq-1_run-1_bp-chest_cr.png,sub-S09678_ses-E18683_run-1_bp-chest_vp-ap_cr.png
777,covid_2077.png,sub-S09810_ses-E22606_acq-1_run-1_bp-chest_cr.png,sub-S09687_ses-E26078_run-1_bp-chest_vp-ap_dx.png
778,covid_2078.png,sub-S09371_ses-E17614_run-1_bp-chest_vp-ap_dx.png,sub-S09340_ses-E16634_run-1_bp-chest_vp-ap_cr.png
779,covid_2079.png,sub-S09382_ses-E22855_run-1_bp-chest_vp-ap_cr.png,sub-S09379_ses-E22175_run-1_bp-chest_vp-ap_cr.png
780,covid_208.png,sub-S09499_ses-E18301_run-1_bp-chest_vp-ap_dx.png,sub-S09837_ses-E20516_run-1_bp-chest_vp-ap_cr.png
781,covid_2081.png,sub-S09662_ses-E20860_run-1_bp-chest_vp-ap_dx.png,sub-S09432_ses-E16243_run-1_bp-chest_vp-pa_dx.png
782,covid_2082.png,sub-S09958_ses-E17102_run-1_bp-chest_vp-ap_cr.png,sub-S09512_ses-E27152_run-1_bp-chest_vp-pa_dx.png
783,covid_2083.png,sub-S09468_ses-E19517_run-1_bp-chest_vp-ap_dx.png,sub-S09993_ses-E23292_run-1_bp-chest_vp-pa_dx.png
784,covid_2084.png,sub-S09678_ses-E20898_run-1_bp-chest_vp-ap_dx.png,sub-S09398_ses-E22184_run-1_bp-chest_vp-ap_cr.png
785,covid_2086.png,sub-S09558_ses-E17380_acq-2_run-1_bp-chest_vp-ap_dx.png,sub-S09905_ses-E17993_run-1_bp-chest_vp-ap_dx.png
786,covid_2087.png,sub-S09651_ses-E19416_run-1_bp-chest_vp-ap_dx.png,sub-S09524_ses-E18727_run-1_bp-chest_vp-ap_cr.png
787,covid_2088.png,sub-S09551_ses-E17378_acq-2_run-1_bp-chest_vp-ap_dx.png,sub-S09382_ses-E17692_run-1_bp-chest_vp-ap_cr.png
788,covid_2089.png,sub-S09333_ses-E23536_run-1_bp-chest_vp-ap_dx.png,sub-S09848_ses-E25994_run-1_bp-chest_vp-pa_cr.png
789,covid_209.png,sub-S09765_ses-E24350_run-1_bp-chest_vp-ap_dx.png,sub-S09813_ses-E16828_run-1_bp-chest_vp-ap_dx.png
790,covid_2091.png,sub-S09458_ses-E18738_run-1_bp-chest_vp-ap_dx.png,sub-S09922_ses-E17040_run-1_bp-chest_vp-ap_cr.png
791,covid_2092.png,sub-S09524_ses-E16362_run-1_bp-chest_vp-ap_cr.png,sub-S09629_ses-E23074_run-1_bp-chest_vp-ap_dx.png
792,covid_2093.png,sub-S09469_ses-E23896_acq-2_run-1_bp-chest_vp-ap_dx.png,sub-S09340_ses-E16283_run-1_bp-chest_vp-ap_cr.png
793,covid_2094.png,sub-S09387_ses-E20400_run-1_bp-chest_cr.png,sub-S09862_ses-E25723_run-1_bp-chest_vp-pa_cr.png
794,covid_2095.png,sub-S09709_ses-E24157_run-1_bp-chest_vp-pa_cr.png,sub-S09680_ses-E18687_run-1_bp-chest_vp-ap_cr.png
795,covid_2096.png,sub-S09382_ses-E26946_run-1_bp-chest_vp-ap_cr.png,sub-S09375_ses-E21490_run-1_bp-chest_vp-ap_dx.png
796,covid_2098.png,sub-S09318_ses-E24145_run-1_bp-chest_vp-ap_cr.png,sub-S09539_ses-E16383_run-1_bp-chest_vp-ap_cr.png
797,covid_2099.png,sub-S09803_ses-E18594_run-1_bp-chest_vp-pa_dx.png,sub-S09992_ses-E25755_run-1_bp-chest_vp-ap_cr.png
798,covid_210.png,sub-S09869_ses-E16934_acq-1_run-1_bp-chest_vp-ll_dx.png,sub-S09440_ses-E23311_run-1_bp-chest_vp-ap_dx.png
799,covid_2105.png,sub-S09676_ses-E21888_run-1_bp-chest_vp-ap_cr.png,sub-S09832_ses-E19533_run-1_bp-chest_vp-ap_dx.png
800,covid_2106.png,sub-S09371_ses-E22786_run-1_bp-chest_vp-ap_dx.png,sub-S09680_ses-E20367_run-1_bp-chest_vp-ap_cr.png
801,covid_2107.png,sub-S09609_ses-E19449_run-1_bp-chest_vp-ap_cr.png,sub-S09379_ses-E18624_run-1_bp-chest_vp-ap_cr.png
802,covid_2108.png,sub-S09852_ses-E19345_run-1_bp-chest_vp-ap_cr.png,sub-S09679_ses-E20585_run-1_bp-chest_vp-ap_cr.png
803,covid_2110.png,sub-S09318_ses-E25824_run-1_bp-chest_vp-ap_cr.png,sub-S09343_ses-E20470_acq-2_run-1_bp-chest_vp-ap_dx.png
804,covid_2112.png,sub-S09848_ses-E18312_run-1_bp-chest_vp-pa_cr.png,sub-S09615_ses-E24190_run-1_bp-chest_vp-ap_dx.png
805,covid_2114.png,sub-S09449_ses-E18173_run-1_bp-chest_vp-ap_dx.png,sub-S09662_ses-E19021_run-1_bp-chest_vp-ap_cr.png
806,covid_2115.png,sub-S09481_ses-E20350_run-1_bp-chest_vp-ap_cr.png,sub-S09421_ses-E16230_run-1_bp-chest_vp-ap_cr.png
807,covid_2116.png,sub-S09366_ses-E20187_run-1_bp-chest_vp-ap_cr.png,sub-S09339_ses-E20698_run-1_bp-chest_vp-pa_dx.png
808,covid_2117.png,sub-S08047_ses-E17682_run-1_bp-chest_vp-ap_dx.png,sub-S09471_ses-E27037_run-1_bp-chest_vp-ap_cr.png
809,covid_2118.png,sub-S09692_ses-E21505_run-1_bp-chest_cr.png,sub-S09720_ses-E17848_run-1_bp-chest_vp-ap_dx.png
810,covid_212.png,sub-S09517_ses-E19993_run-1_bp-chest_vp-ap_dx.png,sub-S09550_ses-E17838_run-1_bp-chest_vp-ap_dx.png
811,covid_2121.png,sub-S09520_ses-E22605_run-1_bp-chest_vp-ap_dx.png,sub-S09345_ses-E16638_run-1_bp-chest_vp-ap_dx.png
812,covid_2123.png,sub-S09340_ses-E19480_run-1_bp-chest_vp-ap_cr.png,sub-S09767_ses-E19026_run-1_bp-chest_vp-ap_dx.png
813,covid_2124.png,sub-S09867_ses-E20190_run-1_bp-chest_vp-ap_dx.png,sub-S09516_ses-E17333_run-1_bp-chest_vp-pa_cr.png
814,covid_2125.png,sub-S09379_ses-E16179_run-1_bp-chest_vp-ap_cr.png,sub-S09857_ses-E16912_run-1_bp-chest_vp-pa_dx.png
815,covid_2127.png,sub-S09382_ses-E18223_run-1_bp-chest_vp-ap_cr.png,sub-S09357_ses-E18805_run-1_bp-chest_vp-pa_cr.png
816,covid_2128.png,sub-S09723_ses-E22458_run-1_bp-chest_vp-ap_dx.png,sub-S09361_ses-E18568_run-1_bp-chest_vp-ap_dx.png
817,covid_213.png,sub-S09766_ses-E16740_run-1_bp-chest_vp-ap_dx.png,sub-S09945_ses-E17086_run-1_bp-chest_vp-pa_cr.png
818,covid_2130.png,sub-S09361_ses-E16154_run-1_bp-chest_vp-ap_dx.png,sub-S09375_ses-E19417_run-1_bp-chest_vp-ap_cr.png
819,covid_2131.png,sub-S09689_ses-E22007_run-1_bp-chest_vp-ap_dx.png,sub-S09333_ses-E24931_run-1_bp-chest_vp-ap_cr.png
820,covid_2132.png,sub-S09319_ses-E20093_run-1_bp-chest_vp-ap_dx.png,sub-S09653_ses-E16543_run-1_bp-chest_vp-ap_cr.png
821,covid_2133.png,sub-S09703_ses-E16625_run-1_bp-chest_vp-ap_cr.png,sub-S09345_ses-E17554_run-1_bp-chest_vp-ap_dx.png
822,covid_2135.png,sub-S09681_ses-E23258_run-1_bp-chest_vp-ap_dx.png,sub-S09689_ses-E22565_run-1_bp-chest_vp-ap_dx.png
823,covid_2136.png,sub-S09732_ses-E17013_run-1_bp-chest_vp-ap_dx.png,sub-S09499_ses-E26529_run-1_bp-chest_vp-pa_dx.png
824,covid_2137.png,sub-S09518_ses-E18161_run-1_bp-chest_vp-ap_dx.png,sub-S09348_ses-E24302_run-1_bp-chest_vp-pa_cr.png
825,covid_2140.png,sub-S09828_ses-E16853_run-1_bp-chest_vp-ap_dx.png,sub-S09688_ses-E16603_run-1_bp-chest_vp-ap_dx.png
826,covid_2143.png,sub-S09953_ses-E18726_run-1_bp-chest_vp-ap_dx.png,sub-S09811_ses-E26320_run-1_bp-chest_vp-ap_dx.png
827,covid_2144.png,sub-S09549_ses-E16744_run-1_bp-chest_vp-ap_dx.png,sub-S09878_ses-E22650_run-1_bp-chest_vp-ap_cr.png
828,covid_2145.png,sub-S09564_ses-E16414_run-1_bp-chest_vp-pa_dx.png,sub-S09467_ses-E20862_run-1_bp-chest_vp-ap_cr.png
829,covid_2146.png,sub-S09736_ses-E25124_run-1_bp-chest_vp-pa_dx.png,sub-S09796_ses-E17389_acq-1_run-2_bp-chest_vp-pa_dx.png
830,covid_2148.png,sub-S09645_ses-E16533_run-1_bp-chest_vp-ap_dx.png,sub-S09993_ses-E22162_run-1_bp-chest_vp-ap_dx.png
831,covid_2149.png,sub-S09662_ses-E19249_run-1_bp-chest_vp-ap_dx.png,sub-S09617_ses-E24856_run-1_bp-chest_vp-ap_dx.png
832,covid_215.png,sub-S09837_ses-E22894_run-2_bp-chest_vp-ap_cr.png,sub-S09768_ses-E25292_run-1_bp-chest_vp-ap_dx.png
833,covid_2151.png,sub-S09366_ses-E19820_run-1_bp-chest_vp-ap_cr.png,sub-S09687_ses-E17960_run-1_bp-chest_cr.png
834,covid_2152.png,sub-S09843_ses-E25974_run-1_bp-chest_cr.png,sub-S09371_ses-E23628_run-1_bp-chest_cr.png
835,covid_2154.png,sub-S09377_ses-E20946_run-1_bp-chest_vp-pa_cr.png,sub-S09880_ses-E27123_run-2_bp-chest_dx.png
836,covid_2155.png,sub-S09499_ses-E26416_run-1_bp-chest_vp-ap_dx.png,sub-S09818_ses-E25017_run-1_bp-chest_vp-ap_dx.png
837,covid_2157.png,sub-S09605_ses-E17476_run-1_bp-chest_vp-ap_dx.png,sub-S09505_ses-E17105_acq-1_run-1_bp-chest_cr.png
838,covid_2158.png,sub-S09526_ses-E21915_run-1_bp-chest_vp-ap_cr.png,sub-S09751_ses-E18178_run-1_bp-chest_vp-pa_cr.png
839,covid_216.png,sub-S09499_ses-E25501_run-1_bp-chest_vp-ap_dx.png,sub-S09346_ses-E26158_run-1_bp-chest_vp-ap_dx.png
840,covid_2160.png,sub-S09799_ses-E18368_run-1_bp-chest_vp-ap_dx.png,sub-S09432_ses-E24878_run-1_bp-chest_vp-pa_dx.png
841,covid_2162.png,sub-S09368_ses-E21658_run-1_bp-chest_vp-ap_dx.png,sub-S08047_ses-E16628_run-1_bp-chest_vp-ap_dx.png
842,covid_2163.png,sub-S09563_ses-E22269_run-1_bp-chest_vp-ap_dx.png,sub-S09331_ses-E21867_run-2_bp-chest_vp-ap_dx.png
843,covid_2165.png,sub-S09341_ses-E22065_run-1_bp-chest_vp-ap_cr.png,sub-S09455_ses-E18009_run-1_bp-chest_vp-ap_cr.png
844,covid_2166.png,sub-S09670_ses-E21243_run-1_bp-chest_vp-ap_cr.png,sub-S09603_ses-E16811_run-1_bp-chest_vp-ap_cr.png
845,covid_2169.png,sub-S09930_ses-E18772_run-1_bp-chest_vp-pa_dx.png,sub-S09536_ses-E24999_run-1_bp-chest_vp-ap_dx.png
846,covid_217.png,sub-S09867_ses-E20938_run-1_bp-chest_vp-ap_dx.png,sub-S09768_ses-E19523_run-1_bp-chest_vp-ap_dx.png
847,covid_2173.png,sub-S09319_ses-E16104_run-1_bp-chest_vp-pa_dx.png,sub-S09767_ses-E21418_run-1_bp-chest_vp-ap_dx.png
848,covid_2176.png,sub-S09723_ses-E22893_run-1_bp-chest_vp-pa_cr.png,sub-S09875_ses-E23130_run-1_bp-chest_vp-ap_dx.png
849,covid_2178.png,sub-S09994_ses-E23306_run-1_bp-chest_vp-ap_dx.png,sub-S09683_ses-E22571_run-1_bp-chest_vp-ap_cr.png
850,covid_2179.png,sub-S09379_ses-E17430_run-1_bp-chest_vp-ap_cr.png,sub-S09683_ses-E21483_run-1_bp-chest_vp-pa_cr.png
851,covid_218.png,sub-S09485_ses-E16317_run-1_bp-chest_vp-pa_dx.png,sub-S09847_ses-E16894_run-1_bp-chest_vp-ap_cr.png
852,covid_2180.png,sub-S09571_ses-E20742_run-1_bp-chest_vp-pa_dx.png,sub-S09720_ses-E17496_run-1_bp-chest_vp-ap_dx.png
853,covid_2181.png,sub-S09952_ses-E21674_run-1_bp-chest_vp-ap_dx.png,sub-S09673_ses-E25042_run-1_bp-chest_vp-ap_dx.png
854,covid_2183.png,sub-S09314_ses-E17536_run-1_bp-chest_vp-ap_cr.png,sub-S09994_ses-E21663_run-1_bp-chest_vp-ap_dx.png
855,covid_2184.png,sub-S09768_ses-E18658_run-1_bp-chest_vp-ap_dx.png,sub-S09377_ses-E20815_run-1_bp-chest_vp-ap_cr.png
856,covid_2186.png,sub-S09434_ses-E24009_run-1_bp-chest_vp-ap_cr.png,sub-S09712_ses-E19280_run-1_bp-chest_cr.png
857,covid_2187.png,sub-S09559_ses-E16406_run-1_bp-chest_vp-ap_cr.png,sub-S09855_ses-E23545_run-1_bp-chest_cr.png
858,covid_219.png,sub-S09452_ses-E16704_run-1_bp-chest_cr.png,sub-S09609_ses-E23666_run-1_bp-chest_vp-ap_cr.png
859,covid_2191.png,sub-S09348_ses-E16556_run-1_bp-chest_vp-ap_dx.png,sub-S09802_ses-E19648_run-1_bp-chest_vp-ap_dx.png
860,covid_2192.png,sub-S09331_ses-E21867_run-3_bp-chest_vp-ap_dx.png,sub-S09670_ses-E17925_run-1_bp-chest_vp-ap_cr.png
861,covid_2197.png,sub-S09601_ses-E25208_run-1_bp-chest_vp-ap_cr.png,sub-S09979_ses-E21817_run-1_bp-chest_vp-ap_cr.png
862,covid_2198.png,sub-S09794_ses-E16786_run-1_bp-chest_vp-ap_cr.png,sub-S09766_ses-E20729_run-1_bp-chest_vp-ap_dx.png
863,covid_2199.png,sub-S09603_ses-E18619_run-1_bp-chest_vp-ap_dx.png,sub-S09789_ses-E27048_run-1_bp-chest_vp-ap_dx.png
864,covid_22.png,sub-S09340_ses-E23149_run-1_bp-chest_vp-ap_cr.png,sub-S09683_ses-E16929_run-1_bp-chest_vp-ap_cr.png
865,covid_220.png,sub-S09687_ses-E21820_run-1_bp-chest_cr.png,sub-S09855_ses-E16909_run-1_bp-chest_vp-pa_cr.png
866,covid_2201.png,sub-S09417_ses-E17150_run-1_bp-chest_vp-ap_cr.png,sub-S09440_ses-E24830_run-1_bp-chest_vp-ap_dx.png
867,covid_2202.png,sub-S09681_ses-E19189_run-1_bp-chest_vp-ap_dx.png,sub-S09955_ses-E24707_run-1_bp-chest_vp-pa_dx.png
868,covid_2203.png,sub-S09796_ses-E16887_run-1_bp-chest_vp-pa_dx.png,sub-S09670_ses-E18811_run-1_bp-chest_vp-ap_cr.png
869,covid_2204.png,sub-S08498_ses-E18204_run-1_bp-chest_vp-ap_dx.png,sub-S09848_ses-E23781_run-1_bp-chest_vp-ap_cr.png
870,covid_2206.png,sub-S09376_ses-E21908_run-1_bp-chest_cr.png,sub-S09905_ses-E17004_run-1_bp-chest_cr.png
871,covid_2207.png,sub-S09692_ses-E17183_acq-2_run-1_bp-chest_vp-ap_dx.png,sub-S09790_ses-E22140_run-1_bp-chest_vp-ap_dx.png
872,covid_2208.png,sub-S09360_ses-E23550_acq-1_run-1_bp-chest_dx.png,sub-S09365_ses-E16162_run-1_bp-chest_vp-ap_dx.png
873,covid_221.png,sub-S09811_ses-E23674_run-1_bp-chest_vp-ap_dx.png,sub-S09436_ses-E19623_run-1_bp-chest_vp-ap_dx.png
874,covid_2210.png,sub-S09377_ses-E16177_run-1_bp-chest_vp-ap_cr.png,sub-S09687_ses-E21332_run-1_bp-chest_cr.png
875,covid_2211.png,sub-S09768_ses-E21013_run-1_bp-chest_vp-ap_dx.png,sub-S09692_ses-E21914_run-1_bp-chest_vp-ap_dx.png
876,covid_2213.png,sub-S09517_ses-E26487_run-1_bp-chest_vp-ap_dx.png,sub-S09458_ses-E20042_run-1_bp-chest_vp-ap_dx.png
877,covid_2216.png,sub-S09448_ses-E20419_run-1_bp-chest_vp-pa_cr.png,sub-S09681_ses-E19613_run-1_bp-chest_vp-ap_dx.png
878,covid_2217.png,sub-S09308_ses-E25907_run-1_bp-chest_vp-ap_dx.png,sub-S09673_ses-E21736_run-1_bp-chest_cr.png
879,covid_2218.png,sub-S09583_ses-E20786_run-1_bp-chest_vp-ap_cr.png,sub-S09822_ses-E20309_run-1_bp-chest_vp-ap_dx.png
880,covid_222.png,sub-S09465_ses-E23867_run-1_bp-chest_vp-ap_dx.png,sub-S09549_ses-E20863_run-1_bp-chest_vp-ap_dx.png
881,covid_2221.png,sub-S09681_ses-E16591_run-1_bp-chest_vp-ap_dx.png,sub-S09426_ses-E21978_run-1_bp-chest_vp-ap_dx.png
882,covid_2222.png,sub-S09346_ses-E23164_run-1_bp-chest_vp-ap_dx.png,sub-S09426_ses-E26002_run-1_bp-chest_vp-ap_dx.png
883,covid_2223.png,sub-S09551_ses-E16982_acq-2_run-1_bp-chest_vp-ap_dx.png,sub-S09676_ses-E21057_run-1_bp-chest_vp-ap_cr.png
884,covid_2224.png,sub-S09687_ses-E18005_run-1_bp-chest_cr.png,sub-S09683_ses-E18426_run-1_bp-chest_vp-ap_cr.png
885,covid_2226.png,sub-S09551_ses-E16578_run-1_bp-chest_vp-ap_dx.png,sub-S09683_ses-E21348_run-1_bp-chest_vp-ap_cr.png
886,covid_2228.png,sub-S09366_ses-E19205_run-1_bp-chest_vp-ap_cr.png,sub-S09669_ses-E21879_acq-1_run-1_bp-chest_vp-ap_dx.png
887,covid_2229.png,sub-S09408_ses-E16387_run-1_bp-chest_cr.png,sub-S10012_ses-E25602_run-1_bp-chest_vp-ap_dx.png
888,covid_2230.png,sub-S09662_ses-E16854_run-1_bp-chest_vp-ap_dx.png,sub-S09670_ses-E17050_run-1_bp-chest_vp-ap_cr.png
889,covid_2231.png,sub-S09458_ses-E16276_run-1_bp-chest_vp-ap_dx.png,sub-S09699_ses-E17473_run-1_bp-chest_vp-ap_dx.png
890,covid_2232.png,sub-S09517_ses-E26089_run-1_bp-chest_vp-ap_dx.png,sub-S09680_ses-E19339_run-1_bp-chest_vp-ap_cr.png
891,covid_2233.png,sub-S09676_ses-E18847_run-1_bp-chest_vp-ap_cr.png,sub-S09719_ses-E19486_run-1_bp-chest_vp-ap_dx.png
892,covid_2235.png,sub-S09368_ses-E18602_run-1_bp-chest_vp-ap_dx.png,sub-S09768_ses-E26236_run-1_bp-chest_vp-ap_dx.png
893,covid_2236.png,sub-S09426_ses-E22292_run-1_bp-chest_vp-ap_dx.png,sub-S09679_ses-E22137_run-1_bp-chest_vp-ap_cr.png
894,covid_2240.png,sub-S09340_ses-E16372_run-1_bp-chest_vp-ap_cr.png,sub-S09844_ses-E16885_run-1_bp-chest_vp-ap_dx.png
895,covid_2243.png,sub-S09676_ses-E22108_run-1_bp-chest_vp-ap_cr.png,sub-S09999_ses-E22844_run-1_bp-chest_vp-ap_dx.png
896,covid_2246.png,sub-S09371_ses-E17184_run-1_bp-chest_vp-ap_dx.png,sub-S09994_ses-E24497_run-1_bp-chest_vp-pa_dx.png
897,covid_2248.png,sub-S09318_ses-E24985_run-1_bp-chest_vp-ap_cr.png,sub-S09767_ses-E26376_run-1_bp-chest_vp-ap_dx.png
898,covid_225.png,sub-S09720_ses-E16867_acq-1_run-1_bp-chest_vp-ap_dx.png,sub-S09969_ses-E17119_acq-1_run-1_bp-chest_vp-pa_dx.png
899,covid_2252.png,sub-S09313_ses-E20772_run-1_bp-chest_vp-ap_dx.png,sub-S09495_ses-E16327_run-2_bp-chest_vp-ap_dx.png
900,covid_2253.png,sub-S09379_ses-E20416_run-1_bp-chest_vp-ap_cr.png,sub-S09436_ses-E16248_run-1_bp-chest_vp-ap_dx.png
901,covid_2255.png,sub-S09515_ses-E20650_run-1_bp-chest_vp-ap_dx.png,sub-S09556_ses-E22890_run-1_bp-chest_vp-ap_cr.png
902,covid_2256.png,sub-S09340_ses-E17520_run-1_bp-chest_vp-ap_cr.png,sub-S09958_ses-E20403_run-1_bp-chest_vp-ap_cr.png
903,covid_2257.png,sub-S09752_ses-E25241_run-1_bp-chest_vp-ap_cr.png,sub-S09404_ses-E17555_run-1_bp-chest_vp-ap_dx.png
904,covid_2259.png,sub-S09832_ses-E16859_run-1_bp-chest_vp-pa_dx.png,sub-S09452_ses-E17117_acq-1_run-1_bp-chest_cr.png
905,covid_2260.png,sub-S09676_ses-E23071_run-1_bp-chest_vp-ap_cr.png,sub-S09408_ses-E23183_run-1_bp-chest_cr.png
906,covid_2261.png,sub-S09721_ses-E24599_run-1_bp-chest_vp-ap_dx.png,sub-S09843_ses-E25653_run-1_bp-chest_vp-pa_cr.png
907,covid_2262.png,sub-S09677_ses-E18555_run-1_bp-chest_vp-pa_dx.png,sub-S09603_ses-E17892_run-1_bp-chest_vp-ap_dx.png
908,covid_2264.png,sub-S09831_ses-E18239_run-1_bp-chest_vp-ap_dx.png,sub-S09670_ses-E23064_run-1_bp-chest_vp-ap_cr.png
909,covid_2266.png,sub-S09505_ses-E17135_run-1_bp-chest_cr.png,sub-S09810_ses-E16816_acq-1_run-1_bp-chest_vp-pa_dx.png
910,covid_2268.png,sub-S09382_ses-E21934_run-1_bp-chest_vp-ap_cr.png,sub-S09983_ses-E17157_run-1_bp-chest_vp-ap_dx.png
911,covid_227.png,sub-S09887_ses-E26243_run-1_bp-chest_vp-ap_dx.png,sub-S09640_ses-E21642_run-1_bp-chest_vp-pa_dx.png
912,covid_2271.png,sub-S09343_ses-E16132_run-1_bp-chest_vp-pa_cr.png,sub-S09387_ses-E22310_run-1_bp-chest_cr.png
913,covid_2272.png,sub-S09616_ses-E22845_run-1_bp-chest_vp-ap_dx.png,sub-S09572_ses-E17162_run-1_bp-chest_vp-ap_dx.png
914,covid_2273.png,sub-S09879_ses-E17929_run-1_bp-chest_vp-ap_cr.png,sub-S09395_ses-E26750_run-1_bp-chest_vp-pa_cr.png
915,covid_2274.png,sub-S09559_ses-E21969_run-1_bp-chest_vp-ap_cr.png,sub-S09645_ses-E16927_run-1_bp-chest_cr.png
916,covid_2276.png,sub-S09341_ses-E23187_run-1_bp-chest_vp-ap_cr.png,sub-S09780_ses-E16767_acq-1_run-1_bp-chest_vp-ap_cr.png
917,covid_2278.png,sub-S09670_ses-E24775_run-1_bp-chest_vp-ap_cr.png,sub-S09469_ses-E26366_run-1_bp-chest_vp-ap_dx.png
918,covid_2279.png,sub-S09708_ses-E17141_run-1_bp-chest_vp-ap_dx.png,sub-S09973_ses-E20372_run-1_bp-chest_vp-ap_dx.png
919,covid_228.png,sub-S09892_ses-E25043_run-1_bp-chest_vp-ap_cr.png,sub-S09687_ses-E18929_run-1_bp-chest_cr.png
920,covid_2281.png,sub-S09391_ses-E18175_run-1_bp-chest_vp-ap_cr.png,sub-S09382_ses-E16838_run-1_bp-chest_vp-ap_cr.png
921,covid_2282.png,sub-S09368_ses-E20395_run-2_bp-chest_vp-ap_dx.png,sub-S09818_ses-E18230_run-1_bp-chest_vp-ap_dx.png
922,covid_2284.png,sub-S09717_ses-E21410_run-1_bp-chest_vp-ap_dx.png,sub-S09879_ses-E21183_run-1_bp-chest_vp-ap_cr.png
923,covid_2286.png,sub-S10013_ses-E23444_run-1_bp-chest_vp-ap_cr.png,sub-S09323_ses-E20699_run-1_bp-chest_vp-ap_cr.png
924,covid_2288.png,sub-S09662_ses-E22686_run-1_bp-chest_vp-ap_dx.png,sub-S09558_ses-E20749_run-1_bp-chest_vp-pa_dx.png
925,covid_2289.png,sub-S09917_ses-E21838_run-1_bp-chest_vp-ap_dx.png,sub-S09408_ses-E16974_run-1_bp-chest_cr.png
926,covid_229.png,sub-S09371_ses-E24064_run-1_bp-chest_cr.png,sub-S09670_ses-E22447_run-1_bp-chest_vp-ap_cr.png
927,covid_2290.png,sub-S09559_ses-E17453_run-1_bp-chest_vp-ap_cr.png,sub-S09469_ses-E20490_run-1_bp-chest_vp-ap_cr.png
928,covid_2294.png,sub-S09603_ses-E21673_run-1_bp-chest_vp-ap_dx.png,sub-S09510_ses-E24663_run-1_bp-chest_vp-ap_dx.png
929,covid_2296.png,sub-S09420_ses-E19314_run-1_bp-chest_vp-ap_cr.png,sub-S09759_ses-E16728_run-1_bp-chest_vp-pa_cr.png
930,covid_2298.png,sub-S09867_ses-E18717_run-1_bp-chest_vp-ap_dx.png,sub-S09799_ses-E26851_run-1_bp-chest_vp-pa_cr.png
931,covid_23.png,sub-S09348_ses-E23369_run-1_bp-chest_vp-ap_dx.png,sub-S09693_ses-E16608_run-1_bp-chest_vp-ap_dx.png
932,covid_2302.png,sub-S09571_ses-E16424_run-1_bp-chest_vp-ap_dx.png,sub-S09516_ses-E24264_run-1_bp-chest_vp-ap_cr.png
933,covid_2303.png,sub-S09495_ses-E17987_acq-1_run-1_bp-chest_vp-ap_dx.png,sub-S09746_ses-E16702_run-1_bp-chest_vp-ap_dx.png
934,covid_2305.png,sub-S09681_ses-E19946_run-1_bp-chest_vp-ap_dx.png,sub-S09866_ses-E21137_run-1_bp-chest_vp-ap_cr.png
935,covid_2308.png,sub-S09762_ses-E27134_run-2_bp-chest_vp-pa_dx.png,sub-S09563_ses-E16507_run-1_bp-chest_vp-ap_dx.png
936,covid_231.png,sub-S09363_ses-E17466_run-1_bp-chest_vp-ap_dx.png,sub-S09346_ses-E16135_run-1_bp-chest_vp-ap_dx.png
937,covid_2310.png,sub-S09377_ses-E17181_run-1_bp-chest_vp-ap_cr.png,sub-S09374_ses-E16172_run-1_bp-chest_vp-ap_dx.png
938,covid_2311.png,sub-S09994_ses-E22010_run-1_bp-chest_vp-ap_dx.png,sub-S09495_ses-E16327_acq-1_run-1_bp-chest_vp-ap_dx.png
939,covid_2312.png,sub-S09337_ses-E26482_run-1_bp-chest_vp-ap_dx.png,sub-S09512_ses-E22796_run-1_bp-chest_vp-ap_dx.png
940,covid_2314.png,sub-S09362_ses-E26714_run-1_bp-chest_vp-pa_dx.png,sub-S09375_ses-E16173_acq-1_run-1_bp-chest_vp-ll_dx.png
941,covid_2317.png,sub-S09377_ses-E16465_run-1_bp-chest_vp-ap_cr.png,sub-S09478_ses-E19299_run-1_bp-chest_vp-ap_dx.png
942,covid_2318.png,sub-S09440_ses-E24067_run-1_bp-chest_vp-ap_cr.png,sub-S09960_ses-E17104_run-1_bp-chest_vp-ap_dx.png
943,covid_2319.png,sub-S09644_ses-E26051_run-1_bp-chest_vp-ap_dx.png,sub-S09668_ses-E16574_run-1_bp-chest_vp-ap_cr.png
944,covid_232.png,sub-S09878_ses-E16956_run-1_bp-chest_vp-ap_cr.png,sub-S09559_ses-E17500_run-1_bp-chest_vp-ap_cr.png
945,covid_2320.png,sub-S09371_ses-E20406_run-1_bp-chest_vp-ap_dx.png,sub-S09831_ses-E25609_run-1_bp-chest_vp-ap_dx.png
946,covid_2321.png,sub-S09408_ses-E17561_run-1_bp-chest_cr.png,sub-S09433_ses-E26193_run-1_bp-chest_vp-pa_dx.png
947,covid_2322.png,sub-S09642_ses-E25504_run-1_bp-chest_vp-ap_dx.png,sub-S09693_ses-E19186_run-1_bp-chest_vp-pa_cr.png
948,covid_2326.png,sub-S09835_ses-E20329_run-1_bp-chest_vp-pa_dx.png,sub-S09911_ses-E17017_acq-1_run-1_bp-chest_vp-ll_dx.png
949,covid_2327.png,sub-S09499_ses-E21434_run-1_bp-chest_vp-ap_dx.png,sub-S09426_ses-E16237_run-1_bp-chest_vp-ap_dx.png
950,covid_2328.png,sub-S09343_ses-E19246_run-1_bp-chest_vp-ap_dx.png,sub-S09819_ses-E19882_run-1_bp-chest_vp-pa_dx.png
951,covid_233.png,sub-S09563_ses-E17452_run-1_bp-chest_vp-ap_dx.png,sub-S09544_ses-E19898_run-1_bp-chest_vp-pa_cr.png
952,covid_2330.png,sub-S09426_ses-E19187_run-1_bp-chest_vp-ap_dx.png,sub-S09739_ses-E18557_run-1_bp-chest_vp-ap_dx.png
953,covid_2331.png,sub-S09767_ses-E23177_run-1_bp-chest_vp-ap_dx.png,sub-S09465_ses-E26340_run-1_bp-chest_vp-ap_dx.png
954,covid_2333.png,sub-S09676_ses-E19918_run-1_bp-chest_vp-ap_cr.png,sub-S09867_ses-E22009_run-1_bp-chest_vp-ap_dx.png
955,covid_2334.png,sub-S09876_ses-E24115_run-1_bp-chest_vp-pa_cr.png,sub-S09452_ses-E17479_run-1_bp-chest_cr.png
956,covid_2336.png,sub-S09499_ses-E16332_run-1_bp-chest_vp-ap_dx.png,sub-S09324_ses-E19389_run-1_bp-chest_vp-pa_cr.png
957,covid_2337.png,sub-S09734_ses-E18897_run-1_bp-chest_vp-ap_cr.png,sub-S09495_ses-E26779_acq-1_run-1_bp-chest_vp-ap_dx.png
958,covid_2341.png,sub-S09958_ses-E23115_run-1_bp-chest_vp-ap_cr.png,sub-S09817_ses-E16840_run-1_bp-chest_vp-ap_dx.png
959,covid_2345.png,sub-S09485_ses-E23553_run-1_bp-chest_vp-ap_dx.png,sub-S09757_ses-E26679_run-1_bp-chest_vp-ap_dx.png
960,covid_2346.png,sub-S09634_ses-E18890_run-1_bp-chest_vp-ap_dx.png,sub-S09375_ses-E22795_run-1_bp-chest_vp-ap_cr.png
961,covid_2347.png,sub-S09361_ses-E20371_run-1_bp-chest_vp-ap_dx.png,sub-S09382_ses-E22219_run-1_bp-chest_vp-ap_cr.png
962,covid_2348.png,sub-S09914_ses-E17021_run-1_bp-chest_vp-ap_dx.png,sub-S09580_ses-E26037_run-1_bp-chest_vp-pa_cr.png
963,covid_235.png,sub-S09379_ses-E17914_run-1_bp-chest_vp-ap_cr.png,sub-S09571_ses-E18065_run-1_bp-chest_vp-ap_dx.png
964,covid_2350.png,sub-S09687_ses-E19646_run-1_bp-chest_cr.png,sub-S09524_ses-E19142_run-1_bp-chest_vp-ap_cr.png
965,covid_2352.png,sub-S09673_ses-E22871_run-1_bp-chest_cr.png,sub-S09485_ses-E25698_run-1_bp-chest_vp-ap_cr.png
966,covid_2353.png,sub-S09517_ses-E25763_run-1_bp-chest_vp-ap_dx.png,sub-S09859_ses-E20902_run-1_bp-chest_vp-pa_cr.png
967,covid_2355.png,sub-S09371_ses-E22017_run-1_bp-chest_vp-ap_dx.png,sub-S09345_ses-E17143_run-1_bp-chest_vp-ap_dx.png
968,covid_2356.png,sub-S09495_ses-E17454_run-2_bp-chest_vp-ap_dx.png,sub-S09337_ses-E21898_run-1_bp-chest_vp-ap_cr.png
969,covid_2357.png,sub-S09653_ses-E21911_run-1_bp-chest_vp-pa_cr.png,sub-S09569_ses-E17406_run-1_bp-chest_vp-ap_cr.png
970,covid_236.png,sub-S09327_ses-E16112_run-1_bp-chest_vp-ap_dx.png,sub-S09312_ses-E23812_run-1_bp-chest_vp-ap_dx.png
971,covid_2360.png,sub-S09334_ses-E21749_run-1_bp-chest_vp-ap_dx.png,sub-S09558_ses-E17153_run-1_bp-chest_vp-pa_dx.png
972,covid_2363.png,sub-S09502_ses-E18422_run-1_bp-chest_vp-ap_dx.png,sub-S09348_ses-E19000_run-1_bp-chest_cr.png
973,covid_2364.png,sub-S09956_ses-E26117_run-1_bp-chest_vp-ap_cr.png,sub-S09709_ses-E16639_run-1_bp-chest_vp-pa_cr.png
974,covid_2367.png,sub-S09516_ses-E19824_run-1_bp-chest_vp-ap_dx.png,sub-S09834_ses-E21566_run-1_bp-chest_vp-ap_cr.png
975,covid_2368.png,sub-S09741_ses-E17469_run-1_bp-chest_vp-pa_cr.png,sub-S09371_ses-E22181_run-1_bp-chest_vp-ap_dx.png
976,covid_2369.png,sub-S09678_ses-E18865_run-1_bp-chest_vp-ap_dx.png,sub-S09361_ses-E16589_run-1_bp-chest_vp-ap_dx.png
977,covid_237.png,sub-S09371_ses-E16353_run-1_bp-chest_vp-ap_dx.png,sub-S09376_ses-E19213_run-1_bp-chest_cr.png
978,covid_2371.png,sub-S09819_ses-E26241_run-1_bp-chest_vp-ap_dx.png,sub-S09790_ses-E20383_run-2_bp-chest_vp-ap_dx.png
979,covid_2373.png,sub-S09452_ses-E17189_run-1_bp-chest_cr.png,sub-S09373_ses-E22331_run-1_bp-chest_vp-ap_dx.png
980,covid_2377.png,sub-S09780_ses-E18305_run-1_bp-chest_vp-ap_cr.png,sub-S09417_ses-E23219_run-1_bp-chest_vp-ap_cr.png
981,covid_2378.png,sub-S09551_ses-E16755_run-1_bp-chest_vp-ap_dx.png,sub-S09715_ses-E16646_run-1_bp-chest_vp-ap_dx.png
982,covid_2379.png,sub-S09837_ses-E22253_run-1_bp-chest_vp-ap_cr.png,sub-S09624_ses-E21018_run-1_bp-chest_vp-ap_dx.png
983,covid_2380.png,sub-S09346_ses-E18497_run-1_bp-chest_vp-ap_cr.png,sub-S09587_ses-E24699_run-1_bp-chest_vp-ap_cr.png
984,covid_2381.png,sub-S09747_ses-E25227_run-1_bp-chest_vp-pa_cr.png,sub-S09699_ses-E16619_run-1_bp-chest_vp-ap_cr.png
985,covid_2382.png,sub-S09571_ses-E26783_run-1_bp-chest_vp-ap_dx.png,sub-S09436_ses-E17012_run-1_bp-chest_vp-ap_dx.png
986,covid_2383.png,sub-S09339_ses-E16128_acq-1_run-1_bp-chest_vp-pa_dx.png,sub-S09973_ses-E17693_run-1_bp-chest_vp-ap_cr.png
987,covid_2385.png,sub-S09746_ses-E17106_run-1_bp-chest_vp-ap_dx.png,sub-S09617_ses-E23757_run-1_bp-chest_vp-ap_dx.png
988,covid_239.png,sub-S09689_ses-E25744_run-1_bp-chest_vp-ap_dx.png,sub-S09680_ses-E18330_run-1_bp-chest_vp-ap_cr.png
989,covid_2390.png,sub-S09624_ses-E25044_run-1_bp-chest_vp-ap_dx.png,sub-S09385_ses-E23455_run-1_bp-chest_vp-pa_dx.png
990,covid_2391.png,sub-S09808_ses-E25214_run-1_bp-chest_vp-ap_dx.png,sub-S09859_ses-E20380_run-1_bp-chest_vp-ap_dx.png
991,covid_2392.png,sub-S09734_ses-E22766_run-1_bp-chest_vp-ap_dx.png,sub-S09866_ses-E18931_run-1_bp-chest_vp-ap_dx.png
992,covid_2393.png,sub-S09689_ses-E22961_run-1_bp-chest_vp-ap_dx.png,sub-S09314_ses-E25840_acq-1_run-1_bp-chest_vp-ap_cr.png
993,covid_2394.png,sub-S09953_ses-E27155_run-1_bp-chest_dx.png,sub-S09639_ses-E16526_run-1_bp-chest_vp-ap_cr.png
994,covid_2395.png,sub-S09458_ses-E21702_run-1_bp-chest_vp-ap_dx.png,sub-S09382_ses-E18774_run-1_bp-chest_vp-ap_cr.png
995,covid_2398.png,sub-S09681_ses-E22289_run-1_bp-chest_vp-ap_dx.png,sub-S09371_ses-E22335_run-1_bp-chest_vp-ap_dx.png
996,covid_2399.png,sub-S09562_ses-E17983_run-1_bp-chest_vp-ap_dx.png,sub-S09476_ses-E16307_run-1_bp-chest_vp-ap_cr.png
997,covid_24.png,sub-S09848_ses-E22109_run-1_bp-chest_vp-ap_cr.png,sub-S09492_ses-E22550_run-1_bp-chest_vp-ap_dx.png
998,covid_2400.png,sub-S09502_ses-E19818_run-1_bp-chest_vp-ap_dx.png,sub-S09583_ses-E16442_run-1_bp-chest_vp-ap_cr.png
999,covid_2401.png,sub-S09832_ses-E22445_run-1_bp-chest_vp-ap_dx.png,sub-S09515_ses-E18411_run-1_bp-chest_vp-pa_cr.png
1000,covid_2402.png,sub-S08074_ses-E18689_run-1_bp-chest_vp-ap_cr.png,sub-S09366_ses-E23300_run-1_bp-chest_vp-ap_cr.png
1001,covid_2404.png,sub-S09855_ses-E23792_run-1_bp-chest_vp-pa_cr.png,sub-S09558_ses-E16990_acq-1_run-1_bp-chest_vp-ap_dx.png
1002,covid_2405.png,sub-S09662_ses-E21938_run-1_bp-chest_vp-ap_dx.png,sub-S09673_ses-E19171_run-1_bp-chest_vp-ap_dx.png
1003,covid_2406.png,sub-S09359_ses-E16151_run-1_bp-chest_vp-ap_cr.png,sub-S09379_ses-E16950_run-1_bp-chest_vp-ap_cr.png
1004,covid_2407.png,sub-S09496_ses-E25982_run-1_bp-chest_vp-ap_cr.png,sub-S09499_ses-E16881_run-1_bp-chest_vp-ap_dx.png
1005,covid_2408.png,sub-S09650_ses-E16538_run-1_bp-chest_vp-ap_cr.png,sub-S09552_ses-E20517_run-1_bp-chest_vp-pa_cr.png
1006,covid_241.png,sub-S09361_ses-E17169_run-1_bp-chest_vp-ap_dx.png,sub-S09921_ses-E18736_run-1_bp-chest_vp-ap_cr.png
1007,covid_2410.png,sub-S09524_ses-E21684_run-1_bp-chest_vp-ap_cr.png,sub-S09345_ses-E17487_run-1_bp-chest_vp-ap_dx.png
1008,covid_2411.png,sub-S09474_ses-E18830_run-1_bp-chest_vp-ap_cr.png,sub-S09340_ses-E18484_run-1_bp-chest_vp-ap_cr.png
1009,covid_2412.png,sub-S09426_ses-E21469_run-1_bp-chest_vp-ap_dx.png,sub-S09747_ses-E16706_run-1_bp-chest_vp-pa_cr.png
1010,covid_2413.png,sub-S09662_ses-E18646_run-1_bp-chest_vp-ap_dx.png,sub-S09458_ses-E16829_run-1_bp-chest_vp-ap_dx.png
1011,covid_2415.png,sub-S09376_ses-E16703_run-1_bp-chest_vp-ap_dx.png,sub-S09700_ses-E20952_run-1_bp-chest_vp-ap_cr.png
1012,covid_2416.png,sub-S09334_ses-E22257_run-1_bp-chest_vp-ap_dx.png,sub-S09605_ses-E26865_run-1_bp-chest_vp-pa_dx.png
1013,covid_2417.png,sub-S09673_ses-E22684_run-1_bp-chest_cr.png,sub-S09558_ses-E23045_run-1_bp-chest_vp-pa_dx.png
1014,covid_2418.png,sub-S09502_ses-E21134_run-1_bp-chest_vp-ap_dx.png,sub-S09748_ses-E16709_run-1_bp-chest_vp-ap_cr.png
1015,covid_242.png,sub-S09366_ses-E16600_run-1_bp-chest_vp-ap_cr.png,sub-S09905_ses-E21301_run-1_bp-chest_cr.png
1016,covid_2421.png,sub-S09645_ses-E26858_run-1_bp-chest_vp-ap_cr.png,sub-S09310_ses-E16095_run-1_bp-chest_vp-ap_dx.png
1017,covid_2422.png,sub-S09981_ses-E24201_acq-1_run-1_bp-chest_vp-pa_cr.png,sub-S09483_ses-E24820_acq-1_run-1_bp-chest_vp-ll_dx.png
1018,covid_2424.png,sub-S09592_ses-E16452_acq-1_run-1_bp-chest_vp-pa_cr.png,sub-S09692_ses-E21668_run-1_bp-chest_cr.png
1019,covid_2425.png,sub-S09999_ses-E23145_run-1_bp-chest_vp-ap_dx.png,sub-S09681_ses-E22929_run-1_bp-chest_vp-ap_dx.png
1020,covid_2426.png,sub-S09563_ses-E16412_acq-2_run-1_bp-chest_vp-ap_dx.png,sub-S09680_ses-E17170_run-1_bp-chest_vp-ap_cr.png
1021,covid_2427.png,sub-S08489_ses-E19060_run-1_bp-chest_vp-ap_dx.png,sub-S09979_ses-E21899_run-1_bp-chest_vp-ap_cr.png
1022,covid_2428.png,sub-S09455_ses-E16541_run-1_bp-chest_vp-ap_cr.png,sub-S09348_ses-E22840_run-1_bp-chest_vp-ap_dx.png
1023,covid_2429.png,sub-S09689_ses-E23583_run-1_bp-chest_vp-ap_dx.png,sub-S09994_ses-E19829_run-1_bp-chest_cr.png
1024,covid_243.png,sub-S09346_ses-E23809_run-1_bp-chest_vp-ap_dx.png,sub-S09420_ses-E18672_run-1_bp-chest_vp-ap_dx.png
1025,covid_2430.png,sub-S09615_ses-E23807_run-1_bp-chest_vp-ap_dx.png,sub-S09676_ses-E16584_run-1_bp-chest_vp-ap_cr.png
1026,covid_2432.png,sub-S09683_ses-E19661_run-1_bp-chest_vp-ap_cr.png,sub-S09995_ses-E19431_run-1_bp-chest_vp-ap_dx.png
1027,covid_2433.png,sub-S09624_ses-E23883_acq-1_run-1_bp-chest_vp-ll_dx.png,sub-S09436_ses-E16516_run-1_bp-chest_vp-ap_dx.png
1028,covid_2434.png,sub-S09510_ses-E26286_run-2_bp-chest_vp-pa_dx.png,sub-S09718_ses-E24346_run-1_bp-chest_vp-pa_dx.png
1029,covid_2435.png,sub-S09384_ses-E20827_run-1_bp-chest_vp-ap_dx.png,sub-S09670_ses-E23205_run-1_bp-chest_vp-ap_cr.png
1030,covid_2436.png,sub-S09420_ses-E16988_run-2_bp-chest_vp-ap_dx.png,sub-S09867_ses-E24705_run-1_bp-chest_vp-ap_dx.png
1031,covid_2437.png,sub-S09345_ses-E16134_run-1_bp-chest_vp-ap_dx.png,sub-S09408_ses-E16737_run-1_bp-chest_cr.png
1032,covid_2438.png,sub-S09974_ses-E19952_run-1_bp-chest_vp-ap_dx.png,sub-S09343_ses-E21405_acq-1_run-1_bp-chest_vp-ap_dx.png
1033,covid_2439.png,sub-S09536_ses-E24323_run-1_bp-chest_vp-pa_dx.png,sub-S09837_ses-E24618_run-1_bp-chest_vp-ap_cr.png
1034,covid_244.png,sub-S10005_ses-E19884_run-1_bp-chest_vp-ap_dx.png,sub-S09549_ses-E22692_run-1_bp-chest_vp-ap_dx.png
1035,covid_2440.png,sub-S09973_ses-E20759_run-1_bp-chest_vp-ap_dx.png,sub-S09986_ses-E17165_run-1_bp-chest_cr.png
1036,covid_2441.png,sub-S09398_ses-E18734_run-1_bp-chest_vp-ap_cr.png,sub-S09587_ses-E19674_run-1_bp-chest_vp-ap_cr.png
1037,covid_2442.png,sub-S09340_ses-E17621_run-1_bp-chest_vp-ap_cr.png,sub-S09379_ses-E22818_run-1_bp-chest_vp-ap_cr.png
1038,covid_2443.png,sub-S09376_ses-E19844_run-1_bp-chest_cr.png,sub-S09469_ses-E25913_run-1_bp-chest_vp-ap_dx.png
1039,covid_2444.png,sub-S09522_ses-E18974_run-1_bp-chest_vp-pa_dx.png,sub-S09308_ses-E16127_acq-1_run-1_bp-chest_vp-ap_dx.png
1040,covid_2445.png,sub-S09380_ses-E23119_run-2_bp-chest_cr.png,sub-S09379_ses-E17911_run-1_bp-chest_vp-ap_cr.png
1041,covid_2447.png,sub-S09624_ses-E20495_run-1_bp-chest_vp-ap_cr.png,sub-S09642_ses-E18595_run-1_bp-chest_vp-pa_dx.png
1042,covid_245.png,sub-S09400_ses-E16204_acq-1_run-1_bp-chest_vp-pa_dx.png,sub-S09540_ses-E17365_acq-1_run-1_bp-chest_vp-ap_dx.png
1043,covid_2450.png,sub-S09373_ses-E16171_run-1_bp-chest_vp-pa_dx.png,sub-S09654_ses-E26317_acq-1_run-1_bp-chest_vp-pa_dx.png
1044,covid_2451.png,sub-S09409_ses-E16214_run-1_bp-chest_vp-ap_cr.png,sub-S09710_ses-E16640_run-1_bp-chest_vp-ap_dx.png
1045,covid_2455.png,sub-S09863_ses-E26073_run-1_bp-chest_vp-ap_cr.png,sub-S09478_ses-E20530_run-1_bp-chest_vp-ap_cr.png
1046,covid_2456.png,sub-S09974_ses-E17127_run-1_bp-chest_vp-ap_dx.png,sub-S09783_ses-E16770_run-1_bp-chest_vp-ap_cr.png
1047,covid_2457.png,sub-S09499_ses-E19570_run-1_bp-chest_vp-ap_dx.png,sub-S09334_ses-E22257_run-2_bp-chest_vp-ap_dx.png
1048,covid_2458.png,sub-S09945_ses-E22003_run-1_bp-chest_vp-pa_cr.png,sub-S09692_ses-E24090_run-1_bp-chest_vp-pa_cr.png
1049,covid_2459.png,sub-S09555_ses-E22891_run-1_bp-chest_vp-ap_dx.png,sub-S09366_ses-E20399_run-1_bp-chest_vp-ap_cr.png
1050,covid_246.png,sub-S09979_ses-E25160_run-1_bp-chest_vp-pa_dx.png,sub-S09663_ses-E16565_run-1_bp-chest_vp-pa_cr.png
1051,covid_2461.png,sub-S09440_ses-E25759_run-1_bp-chest_vp-ap_dx.png,sub-S09379_ses-E19206_run-1_bp-chest_vp-ap_cr.png
1052,covid_2463.png,sub-S09768_ses-E19272_run-1_bp-chest_vp-ap_dx.png,sub-S09767_ses-E23693_run-1_bp-chest_vp-ap_cr.png
1053,covid_2465.png,sub-S09339_ses-E17821_run-1_bp-chest_vp-pa_dx.png,sub-S09599_ses-E16461_run-1_bp-chest_vp-ap_cr.png
1054,covid_2466.png,sub-S09867_ses-E19123_run-1_bp-chest_vp-ap_dx.png,sub-S09606_ses-E16471_run-1_bp-chest_vp-ap_cr.png
1055,covid_2468.png,sub-S09676_ses-E17166_run-1_bp-chest_vp-ap_cr.png,sub-S09675_ses-E16583_run-1_bp-chest_vp-ap_cr.png
1056,covid_2469.png,-1,sub-S09509_ses-E22315_run-1_bp-chest_vp-pa_cr.png
1057,covid_2470.png,-1,-1
1058,covid_2471.png,-1,-1
1059,covid_2472.png,-1,-1
1060,covid_2473.png,-1,-1
1061,covid_2474.png,-1,-1
1062,covid_2476.png,-1,-1
1063,covid_2477.png,-1,-1
1064,covid_2478.png,-1,-1
1065,covid_2479.png,-1,-1
1066,covid_248.png,-1,-1
1067,covid_2481.png,-1,-1
1068,covid_2483.png,-1,-1
1069,covid_2484.png,-1,-1
1070,covid_2485.png,-1,-1
1071,covid_2486.png,-1,-1
1072,covid_2487.png,-1,-1
1073,covid_2488.png,-1,-1
1074,covid_2489.png,-1,-1
1075,covid_249.png,-1,-1
1076,covid_2490.png,-1,-1
1077,covid_2491.png,-1,-1
1078,covid_2492.png,-1,-1
1079,covid_2493.png,-1,-1
1080,covid_2494.png,-1,-1
1081,covid_2495.png,-1,-1
1082,covid_2497.png,-1,-1
1083,covid_2499.png,-1,-1
1084,covid_25.png,-1,-1
1085,covid_2500.png,-1,-1
1086,covid_2503.png,-1,-1
1087,covid_2509.png,-1,-1
1088,covid_251.png,-1,-1
1089,covid_2510.png,-1,-1
1090,covid_2511.png,-1,-1
1091,covid_2512.png,-1,-1
1092,covid_2513.png,-1,-1
1093,covid_2514.png,-1,-1
1094,covid_2516.png,-1,-1
1095,covid_2517.png,-1,-1
1096,covid_2519.png,-1,-1
1097,covid_252.png,-1,-1
1098,covid_2520.png,-1,-1
1099,covid_2521.png,-1,-1
1100,covid_2523.png,-1,-1
1101,covid_2524.png,-1,-1
1102,covid_2526.png,-1,-1
1103,covid_2527.png,-1,-1
1104,covid_2528.png,-1,-1
1105,covid_2529.png,-1,-1
1106,covid_2531.png,-1,-1
1107,covid_2532.png,-1,-1
1108,covid_2533.png,-1,-1
1109,covid_2534.png,-1,-1
1110,covid_2536.png,-1,-1
1111,covid_2538.png,-1,-1
1112,covid_2540.png,-1,-1
1113,covid_2541.png,-1,-1
1114,covid_2543.png,-1,-1
1115,covid_2545.png,-1,-1
1116,covid_2546.png,-1,-1
1117,covid_2551.png,-1,-1
1118,covid_2553.png,-1,-1
1119,covid_2555.png,-1,-1
1120,covid_2556.png,-1,-1
1121,covid_2557.png,-1,-1
1122,covid_2558.png,-1,-1
1123,covid_2559.png,-1,-1
1124,covid_2560.png,-1,-1
1125,covid_2562.png,-1,-1
1126,covid_2563.png,-1,-1
1127,covid_2564.png,-1,-1
1128,covid_2565.png,-1,-1
1129,covid_2566.png,-1,-1
1130,covid_2567.png,-1,-1
1131,covid_2568.png,-1,-1
1132,covid_2569.png,-1,-1
1133,covid_257.png,-1,-1
1134,covid_2570.png,-1,-1
1135,covid_2571.png,-1,-1
1136,covid_2573.png,-1,-1
1137,covid_2574.png,-1,-1
1138,covid_2575.png,-1,-1
1139,covid_2576.png,-1,-1
1140,covid_2577.png,-1,-1
1141,covid_2580.png,-1,-1
1142,covid_2581.png,-1,-1
1143,covid_2583.png,-1,-1
1144,covid_2589.png,-1,-1
1145,covid_259.png,-1,-1
1146,covid_2590.png,-1,-1
1147,covid_2591.png,-1,-1
1148,covid_2593.png,-1,-1
1149,covid_2595.png,-1,-1
1150,covid_2596.png,-1,-1
1151,covid_2597.png,-1,-1
1152,covid_2598.png,-1,-1
1153,covid_2603.png,-1,-1
1154,covid_2604.png,-1,-1
1155,covid_2605.png,-1,-1
1156,covid_2606.png,-1,-1
1157,covid_2607.png,-1,-1
1158,covid_2609.png,-1,-1
1159,covid_2611.png,-1,-1
1160,covid_2614.png,-1,-1
1161,covid_2615.png,-1,-1
1162,covid_2616.png,-1,-1
1163,covid_2618.png,-1,-1
1164,covid_2619.png,-1,-1
1165,covid_2620.png,-1,-1
1166,covid_2621.png,-1,-1
1167,covid_2625.png,-1,-1
1168,covid_2626.png,-1,-1
1169,covid_2627.png,-1,-1
1170,covid_2629.png,-1,-1
1171,covid_263.png,-1,-1
1172,covid_2630.png,-1,-1
1173,covid_2632.png,-1,-1
1174,covid_2633.png,-1,-1
1175,covid_2634.png,-1,-1
1176,covid_2636.png,-1,-1
1177,covid_2637.png,-1,-1
1178,covid_2638.png,-1,-1
1179,covid_264.png,-1,-1
1180,covid_2640.png,-1,-1
1181,covid_2644.png,-1,-1
1182,covid_2645.png,-1,-1
1183,covid_2646.png,-1,-1
1184,covid_2647.png,-1,-1
1185,covid_2648.png,-1,-1
1186,covid_2649.png,-1,-1
1187,covid_2650.png,-1,-1
1188,covid_2651.png,-1,-1
1189,covid_2652.png,-1,-1
1190,covid_2654.png,-1,-1
1191,covid_2655.png,-1,-1
1192,covid_2656.png,-1,-1
1193,covid_2658.png,-1,-1
1194,covid_2659.png,-1,-1
1195,covid_2660.png,-1,-1
1196,covid_2661.png,-1,-1
1197,covid_2662.png,-1,-1
1198,covid_2664.png,-1,-1
1199,covid_2666.png,-1,-1
1200,covid_2667.png,-1,-1
1201,covid_2668.png,-1,-1
1202,covid_2669.png,-1,-1
1203,covid_267.png,-1,-1
1204,covid_2670.png,-1,-1
1205,covid_2673.png,-1,-1
1206,covid_2677.png,-1,-1
1207,covid_268.png,-1,-1
1208,covid_2680.png,-1,-1
1209,covid_2681.png,-1,-1
1210,covid_2683.png,-1,-1
1211,covid_2684.png,-1,-1
1212,covid_2689.png,-1,-1
1213,covid_269.png,-1,-1
1214,covid_2690.png,-1,-1
1215,covid_2691.png,-1,-1
1216,covid_2692.png,-1,-1
1217,covid_2693.png,-1,-1
1218,covid_2694.png,-1,-1
1219,covid_2695.png,-1,-1
1220,covid_2699.png,-1,-1
1221,covid_27.png,-1,-1
1222,covid_270.png,-1,-1
1223,covid_2700.png,-1,-1
1224,covid_2701.png,-1,-1
1225,covid_2702.png,-1,-1
1226,covid_2703.png,-1,-1
1227,covid_2704.png,-1,-1
1228,covid_2705.png,-1,-1
1229,covid_2706.png,-1,-1
1230,covid_2708.png,-1,-1
1231,covid_2709.png,-1,-1
1232,covid_271.png,-1,-1
1233,covid_2710.png,-1,-1
1234,covid_2711.png,-1,-1
1235,covid_2712.png,-1,-1
1236,covid_2715.png,-1,-1
1237,covid_2716.png,-1,-1
1238,covid_2718.png,-1,-1
1239,covid_2719.png,-1,-1
1240,covid_272.png,-1,-1
1241,covid_2720.png,-1,-1
1242,covid_2721.png,-1,-1
1243,covid_2722.png,-1,-1
1244,covid_2723.png,-1,-1
1245,covid_2724.png,-1,-1
1246,covid_2727.png,-1,-1
1247,covid_273.png,-1,-1
1248,covid_2730.png,-1,-1
1249,covid_2731.png,-1,-1
1250,covid_2732.png,-1,-1
1251,covid_2736.png,-1,-1
1252,covid_2739.png,-1,-1
1253,covid_274.png,-1,-1
1254,covid_2740.png,-1,-1
1255,covid_2741.png,-1,-1
1256,covid_2745.png,-1,-1
1257,covid_2748.png,-1,-1
1258,covid_2751.png,-1,-1
1259,covid_2752.png,-1,-1
1260,covid_2754.png,-1,-1
1261,covid_2755.png,-1,-1
1262,covid_2756.png,-1,-1
1263,covid_2758.png,-1,-1
1264,covid_2759.png,-1,-1
1265,covid_276.png,-1,-1
1266,covid_2760.png,-1,-1
1267,covid_2761.png,-1,-1
1268,covid_2764.png,-1,-1
1269,covid_2766.png,-1,-1
1270,covid_2767.png,-1,-1
1271,covid_2768.png,-1,-1
1272,covid_2770.png,-1,-1
1273,covid_2771.png,-1,-1
1274,covid_2772.png,-1,-1
1275,covid_2774.png,-1,-1
1276,covid_2775.png,-1,-1
1277,covid_2777.png,-1,-1
1278,covid_2778.png,-1,-1
1279,covid_2779.png,-1,-1
1280,covid_2780.png,-1,-1
1281,covid_2781.png,-1,-1
1282,covid_2782.png,-1,-1
1283,covid_2783.png,-1,-1
1284,covid_2784.png,-1,-1
1285,covid_2785.png,-1,-1
1286,covid_2786.png,-1,-1
1287,covid_2787.png,-1,-1
1288,covid_2788.png,-1,-1
1289,covid_279.png,-1,-1
1290,covid_2790.png,-1,-1
1291,covid_2791.png,-1,-1
1292,covid_2794.png,-1,-1
1293,covid_2796.png,-1,-1
1294,covid_2797.png,-1,-1
1295,covid_28.png,-1,-1
1296,covid_280.png,-1,-1
1297,covid_2800.png,-1,-1
1298,covid_2801.png,-1,-1
1299,covid_2802.png,-1,-1
1300,covid_2803.png,-1,-1
1301,covid_2804.png,-1,-1
1302,covid_2807.png,-1,-1
1303,covid_2808.png,-1,-1
1304,covid_2809.png,-1,-1
1305,covid_281.png,-1,-1
1306,covid_2810.png,-1,-1
1307,covid_2811.png,-1,-1
1308,covid_2812.png,-1,-1
1309,covid_2813.png,-1,-1
1310,covid_2814.png,-1,-1
1311,covid_2815.png,-1,-1
1312,covid_2817.png,-1,-1
1313,covid_2818.png,-1,-1
1314,covid_2819.png,-1,-1
1315,covid_282.png,-1,-1
1316,covid_2820.png,-1,-1
1317,covid_2821.png,-1,-1
1318,covid_2824.png,-1,-1
1319,covid_2827.png,-1,-1
1320,covid_2829.png,-1,-1
1321,covid_283.png,-1,-1
1322,covid_2830.png,-1,-1
1323,covid_2831.png,-1,-1
1324,covid_2832.png,-1,-1
1325,covid_2833.png,-1,-1
1326,covid_2834.png,-1,-1
1327,covid_2836.png,-1,-1
1328,covid_2837.png,-1,-1
1329,covid_2838.png,-1,-1
1330,covid_2839.png,-1,-1
1331,covid_2840.png,-1,-1
1332,covid_2841.png,-1,-1
1333,covid_2843.png,-1,-1
1334,covid_2845.png,-1,-1
1335,covid_2846.png,-1,-1
1336,covid_2847.png,-1,-1
1337,covid_2848.png,-1,-1
1338,covid_2850.png,-1,-1
1339,covid_2851.png,-1,-1
1340,covid_2852.png,-1,-1
1341,covid_2855.png,-1,-1
1342,covid_2857.png,-1,-1
1343,covid_2858.png,-1,-1
1344,covid_2859.png,-1,-1
1345,covid_286.png,-1,-1
1346,covid_2860.png,-1,-1
1347,covid_2862.png,-1,-1
1348,covid_2864.png,-1,-1
1349,covid_2865.png,-1,-1
1350,covid_2868.png,-1,-1
1351,covid_2869.png,-1,-1
1352,covid_287.png,-1,-1
1353,covid_2871.png,-1,-1
1354,covid_2875.png,-1,-1
1355,covid_2876.png,-1,-1
1356,covid_2878.png,-1,-1
1357,covid_2879.png,-1,-1
1358,covid_2880.png,-1,-1
1359,covid_2881.png,-1,-1
1360,covid_2882.png,-1,-1
1361,covid_2884.png,-1,-1
1362,covid_2885.png,-1,-1
1363,covid_2886.png,-1,-1
1364,covid_2887.png,-1,-1
1365,covid_2889.png,-1,-1
1366,covid_2892.png,-1,-1
1367,covid_2894.png,-1,-1
1368,covid_2895.png,-1,-1
1369,covid_2896.png,-1,-1
1370,covid_2899.png,-1,-1
1371,covid_29.png,-1,-1
1372,covid_290.png,-1,-1
1373,covid_2900.png,-1,-1
1374,covid_2901.png,-1,-1
1375,covid_2903.png,-1,-1
1376,covid_2904.png,-1,-1
1377,covid_291.png,-1,-1
1378,covid_2912.png,-1,-1
1379,covid_2913.png,-1,-1
1380,covid_2916.png,-1,-1
1381,covid_2918.png,-1,-1
1382,covid_2920.png,-1,-1
1383,covid_2923.png,-1,-1
1384,covid_2924.png,-1,-1
1385,covid_2925.png,-1,-1
1386,covid_2927.png,-1,-1
1387,covid_2929.png,-1,-1
1388,covid_293.png,-1,-1
1389,covid_2932.png,-1,-1
1390,covid_2933.png,-1,-1
1391,covid_2934.png,-1,-1
1392,covid_2937.png,-1,-1
1393,covid_2938.png,-1,-1
1394,covid_2939.png,-1,-1
1395,covid_2941.png,-1,-1
1396,covid_2943.png,-1,-1
1397,covid_2944.png,-1,-1
1398,covid_2945.png,-1,-1
1399,covid_2946.png,-1,-1
1400,covid_2947.png,-1,-1
1401,covid_2948.png,-1,-1
1402,covid_2949.png,-1,-1
1403,covid_295.png,-1,-1
1404,covid_2950.png,-1,-1
1405,covid_2951.png,-1,-1
1406,covid_2953.png,-1,-1
1407,covid_2954.png,-1,-1
1408,covid_2955.png,-1,-1
1409,covid_2956.png,-1,-1
1410,covid_2957.png,-1,-1
1411,covid_2958.png,-1,-1
1412,covid_2959.png,-1,-1
1413,covid_296.png,-1,-1
1414,covid_2961.png,-1,-1
1415,covid_2962.png,-1,-1
1416,covid_2963.png,-1,-1
1417,covid_2965.png,-1,-1
1418,covid_2967.png,-1,-1
1419,covid_2968.png,-1,-1
1420,covid_2969.png,-1,-1
1421,covid_297.png,-1,-1
1422,covid_2970.png,-1,-1
1423,covid_2972.png,-1,-1
1424,covid_2973.png,-1,-1
1425,covid_2974.png,-1,-1
1426,covid_2976.png,-1,-1
1427,covid_2977.png,-1,-1
1428,covid_2979.png,-1,-1
1429,covid_298.png,-1,-1
1430,covid_2981.png,-1,-1
1431,covid_2982.png,-1,-1
1432,covid_2984.png,-1,-1
1433,covid_2986.png,-1,-1
1434,covid_2987.png,-1,-1
1435,covid_2988.png,-1,-1
1436,covid_299.png,-1,-1
1437,covid_2990.png,-1,-1
1438,covid_2992.png,-1,-1
1439,covid_2993.png,-1,-1
1440,covid_2995.png,-1,-1
1441,covid_2996.png,-1,-1
1442,covid_2997.png,-1,-1
1443,covid_2998.png,-1,-1
1444,covid_2999.png,-1,-1
1445,covid_3000.png,-1,-1
1446,covid_3001.png,-1,-1
1447,covid_3005.png,-1,-1
1448,covid_3006.png,-1,-1
1449,covid_3008.png,-1,-1
1450,covid_3009.png,-1,-1
1451,covid_301.png,-1,-1
1452,covid_3010.png,-1,-1
1453,covid_3011.png,-1,-1
1454,covid_3013.png,-1,-1
1455,covid_3015.png,-1,-1
1456,covid_3016.png,-1,-1
1457,covid_3018.png,-1,-1
1458,covid_3019.png,-1,-1
1459,covid_302.png,-1,-1
1460,covid_3020.png,-1,-1
1461,covid_3021.png,-1,-1
1462,covid_3022.png,-1,-1
1463,covid_3023.png,-1,-1
1464,covid_3024.png,-1,-1
1465,covid_3026.png,-1,-1
1466,covid_3027.png,-1,-1
1467,covid_303.png,-1,-1
1468,covid_3030.png,-1,-1
1469,covid_3033.png,-1,-1
1470,covid_3034.png,-1,-1
1471,covid_3035.png,-1,-1
1472,covid_3039.png,-1,-1
1473,covid_3040.png,-1,-1
1474,covid_3041.png,-1,-1
1475,covid_3042.png,-1,-1
1476,covid_3043.png,-1,-1
1477,covid_3044.png,-1,-1
1478,covid_3045.png,-1,-1
1479,covid_3046.png,-1,-1
1480,covid_3047.png,-1,-1
1481,covid_3049.png,-1,-1
1482,covid_305.png,-1,-1
1483,covid_3050.png,-1,-1
1484,covid_3052.png,-1,-1
1485,covid_3053.png,-1,-1
1486,covid_3057.png,-1,-1
1487,covid_3058.png,-1,-1
1488,covid_3060.png,-1,-1
1489,covid_3061.png,-1,-1
1490,covid_3065.png,-1,-1
1491,covid_3067.png,-1,-1
1492,covid_3068.png,-1,-1
1493,covid_3069.png,-1,-1
1494,covid_3070.png,-1,-1
1495,covid_3074.png,-1,-1
1496,covid_3075.png,-1,-1
1497,covid_3081.png,-1,-1
1498,covid_3082.png,-1,-1
1499,covid_3085.png,-1,-1
1500,covid_3086.png,-1,-1
1501,covid_3087.png,-1,-1
1502,covid_309.png,-1,-1
1503,covid_3091.png,-1,-1
1504,covid_3092.png,-1,-1
1505,covid_3093.png,-1,-1
1506,covid_3095.png,-1,-1
1507,covid_3097.png,-1,-1
1508,covid_3099.png,-1,-1
1509,covid_31.png,-1,-1
1510,covid_310.png,-1,-1
1511,covid_3100.png,-1,-1
1512,covid_3101.png,-1,-1
1513,covid_3103.png,-1,-1
1514,covid_3104.png,-1,-1
1515,covid_3105.png,-1,-1
1516,covid_3106.png,-1,-1
1517,covid_3107.png,-1,-1
1518,covid_3108.png,-1,-1
1519,covid_3109.png,-1,-1
1520,covid_311.png,-1,-1
1521,covid_3110.png,-1,-1
1522,covid_3113.png,-1,-1
1523,covid_3114.png,-1,-1
1524,covid_3116.png,-1,-1
1525,covid_3119.png,-1,-1
1526,covid_312.png,-1,-1
1527,covid_3120.png,-1,-1
1528,covid_3122.png,-1,-1
1529,covid_3125.png,-1,-1
1530,covid_3126.png,-1,-1
1531,covid_3127.png,-1,-1
1532,covid_3128.png,-1,-1
1533,covid_3129.png,-1,-1
1534,covid_313.png,-1,-1
1535,covid_3131.png,-1,-1
1536,covid_3132.png,-1,-1
1537,covid_3133.png,-1,-1
1538,covid_3134.png,-1,-1
1539,covid_3136.png,-1,-1
1540,covid_3137.png,-1,-1
1541,covid_3139.png,-1,-1
1542,covid_314.png,-1,-1
1543,covid_3140.png,-1,-1
1544,covid_3142.png,-1,-1
1545,covid_3143.png,-1,-1
1546,covid_3145.png,-1,-1
1547,covid_3146.png,-1,-1
1548,covid_315.png,-1,-1
1549,covid_3151.png,-1,-1
1550,covid_3152.png,-1,-1
1551,covid_3154.png,-1,-1
1552,covid_3155.png,-1,-1
1553,covid_3156.png,-1,-1
1554,covid_3157.png,-1,-1
1555,covid_3158.png,-1,-1
1556,covid_3159.png,-1,-1
1557,covid_316.png,-1,-1
1558,covid_3162.png,-1,-1
1559,covid_3164.png,-1,-1
1560,covid_3167.png,-1,-1
1561,covid_3168.png,-1,-1
1562,covid_317.png,-1,-1
1563,covid_3170.png,-1,-1
1564,covid_3171.png,-1,-1
1565,covid_3174.png,-1,-1
1566,covid_3176.png,-1,-1
1567,covid_3178.png,-1,-1
1568,covid_3179.png,-1,-1
1569,covid_3180.png,-1,-1
1570,covid_3181.png,-1,-1
1571,covid_3182.png,-1,-1
1572,covid_3183.png,-1,-1
1573,covid_3187.png,-1,-1
1574,covid_3188.png,-1,-1
1575,covid_3189.png,-1,-1
1576,covid_319.png,-1,-1
1577,covid_3191.png,-1,-1
1578,covid_3192.png,-1,-1
1579,covid_3193.png,-1,-1
1580,covid_3195.png,-1,-1
1581,covid_3196.png,-1,-1
1582,covid_3197.png,-1,-1
1583,covid_3199.png,-1,-1
1584,covid_32.png,-1,-1
1585,covid_3200.png,-1,-1
1586,covid_3201.png,-1,-1
1587,covid_3202.png,-1,-1
1588,covid_3203.png,-1,-1
1589,covid_3205.png,-1,-1
1590,covid_3206.png,-1,-1
1591,covid_3207.png,-1,-1
1592,covid_3209.png,-1,-1
1593,covid_3211.png,-1,-1
1594,covid_3212.png,-1,-1
1595,covid_3213.png,-1,-1
1596,covid_3214.png,-1,-1
1597,covid_3215.png,-1,-1
1598,covid_3216.png,-1,-1
1599,covid_3217.png,-1,-1
1600,covid_3218.png,-1,-1
1601,covid_3219.png,-1,-1
1602,covid_322.png,-1,-1
1603,covid_3221.png,-1,-1
1604,covid_3222.png,-1,-1
1605,covid_3225.png,-1,-1
1606,covid_3226.png,-1,-1
1607,covid_3227.png,-1,-1
1608,covid_3228.png,-1,-1
1609,covid_3229.png,-1,-1
1610,covid_323.png,-1,-1
1611,covid_3230.png,-1,-1
1612,covid_3232.png,-1,-1
1613,covid_3233.png,-1,-1
1614,covid_3234.png,-1,-1
1615,covid_3235.png,-1,-1
1616,covid_3236.png,-1,-1
1617,covid_3237.png,-1,-1
1618,covid_3239.png,-1,-1
1619,covid_3242.png,-1,-1
1620,covid_3243.png,-1,-1
1621,covid_3248.png,-1,-1
1622,covid_3249.png,-1,-1
1623,covid_3250.png,-1,-1
1624,covid_3251.png,-1,-1
1625,covid_3252.png,-1,-1
1626,covid_3253.png,-1,-1
1627,covid_3254.png,-1,-1
1628,covid_3257.png,-1,-1
1629,covid_3258.png,-1,-1
1630,covid_326.png,-1,-1
1631,covid_3261.png,-1,-1
1632,covid_3266.png,-1,-1
1633,covid_3267.png,-1,-1
1634,covid_3269.png,-1,-1
1635,covid_3270.png,-1,-1
1636,covid_3272.png,-1,-1
1637,covid_3274.png,-1,-1
1638,covid_3275.png,-1,-1
1639,covid_3276.png,-1,-1
1640,covid_3277.png,-1,-1
1641,covid_3278.png,-1,-1
1642,covid_3280.png,-1,-1
1643,covid_3281.png,-1,-1
1644,covid_3283.png,-1,-1
1645,covid_3284.png,-1,-1
1646,covid_3285.png,-1,-1
1647,covid_3286.png,-1,-1
1648,covid_3287.png,-1,-1
1649,covid_3288.png,-1,-1
1650,covid_329.png,-1,-1
1651,covid_3290.png,-1,-1
1652,covid_3292.png,-1,-1
1653,covid_3293.png,-1,-1
1654,covid_3294.png,-1,-1
1655,covid_3295.png,-1,-1
1656,covid_33.png,-1,-1
1657,covid_3300.png,-1,-1
1658,covid_3303.png,-1,-1
1659,covid_3305.png,-1,-1
1660,covid_3306.png,-1,-1
1661,covid_3307.png,-1,-1
1662,covid_3309.png,-1,-1
1663,covid_331.png,-1,-1
1664,covid_3310.png,-1,-1
1665,covid_3311.png,-1,-1
1666,covid_3312.png,-1,-1
1667,covid_3313.png,-1,-1
1668,covid_3314.png,-1,-1
1669,covid_3315.png,-1,-1
1670,covid_3316.png,-1,-1
1671,covid_3317.png,-1,-1
1672,covid_3319.png,-1,-1
1673,covid_332.png,-1,-1
1674,covid_3320.png,-1,-1
1675,covid_3321.png,-1,-1
1676,covid_3322.png,-1,-1
1677,covid_3326.png,-1,-1
1678,covid_3328.png,-1,-1
1679,covid_3329.png,-1,-1
1680,covid_333.png,-1,-1
1681,covid_3330.png,-1,-1
1682,covid_3331.png,-1,-1
1683,covid_3332.png,-1,-1
1684,covid_3333.png,-1,-1
1685,covid_3334.png,-1,-1
1686,covid_3335.png,-1,-1
1687,covid_3337.png,-1,-1
1688,covid_334.png,-1,-1
1689,covid_3341.png,-1,-1
1690,covid_3342.png,-1,-1
1691,covid_3345.png,-1,-1
1692,covid_3348.png,-1,-1
1693,covid_3349.png,-1,-1
1694,covid_335.png,-1,-1
1695,covid_3352.png,-1,-1
1696,covid_3353.png,-1,-1
1697,covid_3354.png,-1,-1
1698,covid_3356.png,-1,-1
1699,covid_3357.png,-1,-1
1700,covid_3358.png,-1,-1
1701,covid_3359.png,-1,-1
1702,covid_3360.png,-1,-1
1703,covid_3362.png,-1,-1
1704,covid_3363.png,-1,-1
1705,covid_3365.png,-1,-1
1706,covid_3366.png,-1,-1
1707,covid_3369.png,-1,-1
1708,covid_337.png,-1,-1
1709,covid_3374.png,-1,-1
1710,covid_3375.png,-1,-1
1711,covid_3379.png,-1,-1
1712,covid_3380.png,-1,-1
1713,covid_3381.png,-1,-1
1714,covid_3382.png,-1,-1
1715,covid_3383.png,-1,-1
1716,covid_3385.png,-1,-1
1717,covid_3386.png,-1,-1
1718,covid_3387.png,-1,-1
1719,covid_3388.png,-1,-1
1720,covid_3389.png,-1,-1
1721,covid_339.png,-1,-1
1722,covid_3391.png,-1,-1
1723,covid_3392.png,-1,-1
1724,covid_3393.png,-1,-1
1725,covid_3396.png,-1,-1
1726,covid_3399.png,-1,-1
1727,covid_3400.png,-1,-1
1728,covid_3402.png,-1,-1
1729,covid_3403.png,-1,-1
1730,covid_3405.png,-1,-1
1731,covid_3406.png,-1,-1
1732,covid_3411.png,-1,-1
1733,covid_3413.png,-1,-1
1734,covid_3416.png,-1,-1
1735,covid_3417.png,-1,-1
1736,covid_342.png,-1,-1
1737,covid_3420.png,-1,-1
1738,covid_3426.png,-1,-1
1739,covid_3427.png,-1,-1
1740,covid_3428.png,-1,-1
1741,covid_3429.png,-1,-1
1742,covid_343.png,-1,-1
1743,covid_3430.png,-1,-1
1744,covid_3432.png,-1,-1
1745,covid_3433.png,-1,-1
1746,covid_3434.png,-1,-1
1747,covid_3435.png,-1,-1
1748,covid_3438.png,-1,-1
1749,covid_3439.png,-1,-1
1750,covid_344.png,-1,-1
1751,covid_3440.png,-1,-1
1752,covid_3441.png,-1,-1
1753,covid_3442.png,-1,-1
1754,covid_3443.png,-1,-1
1755,covid_3445.png,-1,-1
1756,covid_3446.png,-1,-1
1757,covid_3449.png,-1,-1
1758,covid_345.png,-1,-1
1759,covid_3450.png,-1,-1
1760,covid_3451.png,-1,-1
1761,covid_3453.png,-1,-1
1762,covid_3456.png,-1,-1
1763,covid_3457.png,-1,-1
1764,covid_3458.png,-1,-1
1765,covid_3459.png,-1,-1
1766,covid_3460.png,-1,-1
1767,covid_3461.png,-1,-1
1768,covid_3462.png,-1,-1
1769,covid_3463.png,-1,-1
1770,covid_3464.png,-1,-1
1771,covid_3465.png,-1,-1
1772,covid_3467.png,-1,-1
1773,covid_3468.png,-1,-1
1774,covid_3469.png,-1,-1
1775,covid_347.png,-1,-1
1776,covid_3470.png,-1,-1
1777,covid_3474.png,-1,-1
1778,covid_3476.png,-1,-1
1779,covid_3477.png,-1,-1
1780,covid_3478.png,-1,-1
1781,covid_348.png,-1,-1
1782,covid_3481.png,-1,-1
1783,covid_3486.png,-1,-1
1784,covid_3488.png,-1,-1
1785,covid_3489.png,-1,-1
1786,covid_349.png,-1,-1
1787,covid_3491.png,-1,-1
1788,covid_3492.png,-1,-1
1789,covid_3495.png,-1,-1
1790,covid_3497.png,-1,-1
1791,covid_3498.png,-1,-1
1792,covid_35.png,-1,-1
1793,covid_350.png,-1,-1
1794,covid_3500.png,-1,-1
1795,covid_3506.png,-1,-1
1796,covid_3508.png,-1,-1
1797,covid_351.png,-1,-1
1798,covid_3510.png,-1,-1
1799,covid_3511.png,-1,-1
1800,covid_3513.png,-1,-1
1801,covid_3514.png,-1,-1
1802,covid_3516.png,-1,-1
1803,covid_352.png,-1,-1
1804,covid_3520.png,-1,-1
1805,covid_3521.png,-1,-1
1806,covid_3522.png,-1,-1
1807,covid_3524.png,-1,-1
1808,covid_3525.png,-1,-1
1809,covid_353.png,-1,-1
1810,covid_3530.png,-1,-1
1811,covid_3531.png,-1,-1
1812,covid_3534.png,-1,-1
1813,covid_3535.png,-1,-1
1814,covid_3536.png,-1,-1
1815,covid_3539.png,-1,-1
1816,covid_3540.png,-1,-1
1817,covid_3541.png,-1,-1
1818,covid_3544.png,-1,-1
1819,covid_3545.png,-1,-1
1820,covid_3546.png,-1,-1
1821,covid_3548.png,-1,-1
1822,covid_3549.png,-1,-1
1823,covid_355.png,-1,-1
1824,covid_3550.png,-1,-1
1825,covid_3551.png,-1,-1
1826,covid_3553.png,-1,-1
1827,covid_3555.png,-1,-1
1828,covid_3556.png,-1,-1
1829,covid_3557.png,-1,-1
1830,covid_3558.png,-1,-1
1831,covid_3559.png,-1,-1
1832,covid_3560.png,-1,-1
1833,covid_3561.png,-1,-1
1834,covid_3562.png,-1,-1
1835,covid_3564.png,-1,-1
1836,covid_3565.png,-1,-1
1837,covid_3566.png,-1,-1
1838,covid_3567.png,-1,-1
1839,covid_3568.png,-1,-1
1840,covid_3569.png,-1,-1
1841,covid_357.png,-1,-1
1842,covid_3570.png,-1,-1
1843,covid_3571.png,-1,-1
1844,covid_3578.png,-1,-1
1845,covid_3579.png,-1,-1
1846,covid_358.png,-1,-1
1847,covid_3580.png,-1,-1
1848,covid_3581.png,-1,-1
1849,covid_3582.png,-1,-1
1850,covid_3583.png,-1,-1
1851,covid_3585.png,-1,-1
1852,covid_3586.png,-1,-1
1853,covid_3589.png,-1,-1
1854,covid_359.png,-1,-1
1855,covid_3591.png,-1,-1
1856,covid_3592.png,-1,-1
1857,covid_3595.png,-1,-1
1858,covid_3596.png,-1,-1
1859,covid_3597.png,-1,-1
1860,covid_3598.png,-1,-1
1861,covid_360.png,-1,-1
1862,covid_3601.png,-1,-1
1863,covid_3602.png,-1,-1
1864,covid_3603.png,-1,-1
1865,covid_3604.png,-1,-1
1866,covid_3608.png,-1,-1
1867,covid_3610.png,-1,-1
1868,covid_3611.png,-1,-1
1869,covid_3612.png,-1,-1
1870,covid_3615.png,-1,-1
1871,covid_3619.png,-1,-1
1872,covid_362.png,-1,-1
1873,covid_3620.png,-1,-1
1874,covid_3621.png,-1,-1
1875,covid_3622.png,-1,-1
1876,covid_3624.png,-1,-1
1877,covid_3627.png,-1,-1
1878,covid_3628.png,-1,-1
1879,covid_363.png,-1,-1
1880,covid_3630.png,-1,-1
1881,covid_3631.png,-1,-1
1882,covid_3634.png,-1,-1
1883,covid_3637.png,-1,-1
1884,covid_3638.png,-1,-1
1885,covid_364.png,-1,-1
1886,covid_3640.png,-1,-1
1887,covid_3641.png,-1,-1
1888,covid_3642.png,-1,-1
1889,covid_3644.png,-1,-1
1890,covid_3645.png,-1,-1
1891,covid_3646.png,-1,-1
1892,covid_3648.png,-1,-1
1893,covid_3650.png,-1,-1
1894,covid_3651.png,-1,-1
1895,covid_3653.png,-1,-1
1896,covid_3654.png,-1,-1
1897,covid_3657.png,-1,-1
1898,covid_3658.png,-1,-1
1899,covid_3659.png,-1,-1
1900,covid_366.png,-1,-1
1901,covid_3660.png,-1,-1
1902,covid_3661.png,-1,-1
1903,covid_3664.png,-1,-1
1904,covid_3665.png,-1,-1
1905,covid_3667.png,-1,-1
1906,covid_3668.png,-1,-1
1907,covid_3669.png,-1,-1
1908,covid_367.png,-1,-1
1909,covid_3672.png,-1,-1
1910,covid_3673.png,-1,-1
1911,covid_3674.png,-1,-1
1912,covid_3675.png,-1,-1
1913,covid_3676.png,-1,-1
1914,covid_3677.png,-1,-1
1915,covid_3678.png,-1,-1
1916,covid_3679.png,-1,-1
1917,covid_368.png,-1,-1
1918,covid_3680.png,-1,-1
1919,covid_3681.png,-1,-1
1920,covid_3682.png,-1,-1
1921,covid_3683.png,-1,-1
1922,covid_3686.png,-1,-1
1923,covid_3687.png,-1,-1
1924,covid_3688.png,-1,-1
1925,covid_3689.png,-1,-1
1926,covid_3690.png,-1,-1
1927,covid_3696.png,-1,-1
1928,covid_3697.png,-1,-1
1929,covid_3698.png,-1,-1
1930,covid_3699.png,-1,-1
1931,covid_37.png,-1,-1
1932,covid_370.png,-1,-1
1933,covid_3700.png,-1,-1
1934,covid_3702.png,-1,-1
1935,covid_3704.png,-1,-1
1936,covid_3705.png,-1,-1
1937,covid_3706.png,-1,-1
1938,covid_3707.png,-1,-1
1939,covid_371.png,-1,-1
1940,covid_3710.png,-1,-1
1941,covid_3711.png,-1,-1
1942,covid_3712.png,-1,-1
1943,covid_3715.png,-1,-1
1944,covid_3716.png,-1,-1
1945,covid_3717.png,-1,-1
1946,covid_3718.png,-1,-1
1947,covid_3719.png,-1,-1
1948,covid_372.png,-1,-1
1949,covid_3722.png,-1,-1
1950,covid_3723.png,-1,-1
1951,covid_3724.png,-1,-1
1952,covid_3726.png,-1,-1
1953,covid_3728.png,-1,-1
1954,covid_3729.png,-1,-1
1955,covid_3735.png,-1,-1
1956,covid_3736.png,-1,-1
1957,covid_3737.png,-1,-1
1958,covid_3739.png,-1,-1
1959,covid_3741.png,-1,-1
1960,covid_3742.png,-1,-1
1961,covid_3744.png,-1,-1
1962,covid_3745.png,-1,-1
1963,covid_3746.png,-1,-1
1964,covid_3747.png,-1,-1
1965,covid_3748.png,-1,-1
1966,covid_3749.png,-1,-1
1967,covid_375.png,-1,-1
1968,covid_3750.png,-1,-1
1969,covid_3751.png,-1,-1
1970,covid_3754.png,-1,-1
1971,covid_3755.png,-1,-1
1972,covid_3756.png,-1,-1
1973,covid_3757.png,-1,-1
1974,covid_3759.png,-1,-1
1975,covid_3760.png,-1,-1
1976,covid_3762.png,-1,-1
1977,covid_3763.png,-1,-1
1978,covid_3764.png,-1,-1
1979,covid_3765.png,-1,-1
1980,covid_3766.png,-1,-1
1981,covid_3767.png,-1,-1
1982,covid_3768.png,-1,-1
1983,covid_377.png,-1,-1
1984,covid_3773.png,-1,-1
1985,covid_3775.png,-1,-1
1986,covid_3776.png,-1,-1
1987,covid_3777.png,-1,-1
1988,covid_3778.png,-1,-1
1989,covid_3779.png,-1,-1
1990,covid_3780.png,-1,-1
1991,covid_3781.png,-1,-1
1992,covid_3782.png,-1,-1
1993,covid_3783.png,-1,-1
1994,covid_3784.png,-1,-1
1995,covid_3785.png,-1,-1
1996,covid_3787.png,-1,-1
1997,covid_3789.png,-1,-1
1998,covid_3790.png,-1,-1
1999,covid_3792.png,-1,-1
2000,covid_3793.png,-1,-1
2001,covid_3795.png,-1,-1
2002,covid_3796.png,-1,-1
2003,covid_3798.png,-1,-1
2004,covid_3799.png,-1,-1
2005,covid_38.png,-1,-1
2006,covid_380.png,-1,-1
2007,covid_3800.png,-1,-1
2008,covid_3805.png,-1,-1
2009,covid_3806.png,-1,-1
2010,covid_381.png,-1,-1
2011,covid_3812.png,-1,-1
2012,covid_3813.png,-1,-1
2013,covid_3815.png,-1,-1
2014,covid_3816.png,-1,-1
2015,covid_3818.png,-1,-1
2016,covid_3819.png,-1,-1
2017,covid_382.png,-1,-1
2018,covid_3820.png,-1,-1
2019,covid_3821.png,-1,-1
2020,covid_3823.png,-1,-1
2021,covid_3827.png,-1,-1
2022,covid_383.png,-1,-1
2023,covid_3831.png,-1,-1
2024,covid_3833.png,-1,-1
2025,covid_3838.png,-1,-1
2026,covid_3841.png,-1,-1
2027,covid_3843.png,-1,-1
2028,covid_3844.png,-1,-1
2029,covid_3846.png,-1,-1
2030,covid_3848.png,-1,-1
2031,covid_3849.png,-1,-1
2032,covid_385.png,-1,-1
2033,covid_3851.png,-1,-1
2034,covid_3852.png,-1,-1
2035,covid_3853.png,-1,-1
2036,covid_3854.png,-1,-1
2037,covid_3855.png,-1,-1
2038,covid_3856.png,-1,-1
2039,covid_3857.png,-1,-1
2040,covid_3858.png,-1,-1
2041,covid_3859.png,-1,-1
2042,covid_3861.png,-1,-1
2043,covid_3864.png,-1,-1
2044,covid_3865.png,-1,-1
2045,covid_3867.png,-1,-1
2046,covid_3868.png,-1,-1
2047,covid_3869.png,-1,-1
2048,covid_387.png,-1,-1
2049,covid_3870.png,-1,-1
2050,covid_3871.png,-1,-1
2051,covid_3872.png,-1,-1
2052,covid_3874.png,-1,-1
2053,covid_3875.png,-1,-1
2054,covid_3876.png,-1,-1
2055,covid_3877.png,-1,-1
2056,covid_3878.png,-1,-1
2057,covid_3879.png,-1,-1
2058,covid_388.png,-1,-1
2059,covid_3880.png,-1,-1
2060,covid_3884.png,-1,-1
2061,covid_3885.png,-1,-1
2062,covid_3886.png,-1,-1
2063,covid_3887.png,-1,-1
2064,covid_3888.png,-1,-1
2065,covid_3889.png,-1,-1
2066,covid_3890.png,-1,-1
2067,covid_3893.png,-1,-1
2068,covid_3894.png,-1,-1
2069,covid_3895.png,-1,-1
2070,covid_3897.png,-1,-1
2071,covid_39.png,-1,-1
2072,covid_390.png,-1,-1
2073,covid_3900.png,-1,-1
2074,covid_3901.png,-1,-1
2075,covid_3902.png,-1,-1
2076,covid_3906.png,-1,-1
2077,covid_3908.png,-1,-1
2078,covid_3909.png,-1,-1
2079,covid_391.png,-1,-1
2080,covid_3910.png,-1,-1
2081,covid_3913.png,-1,-1
2082,covid_3914.png,-1,-1
2083,covid_3915.png,-1,-1
2084,covid_3917.png,-1,-1
2085,covid_3918.png,-1,-1
2086,covid_3919.png,-1,-1
2087,covid_3920.png,-1,-1
2088,covid_3921.png,-1,-1
2089,covid_3923.png,-1,-1
2090,covid_3924.png,-1,-1
2091,covid_3925.png,-1,-1
2092,covid_3926.png,-1,-1
2093,covid_3928.png,-1,-1
2094,covid_3929.png,-1,-1
2095,covid_393.png,-1,-1
2096,covid_3930.png,-1,-1
2097,covid_3931.png,-1,-1
2098,covid_3932.png,-1,-1
2099,covid_3933.png,-1,-1
2100,covid_3934.png,-1,-1
2101,covid_3938.png,-1,-1
2102,covid_3939.png,-1,-1
2103,covid_394.png,-1,-1
2104,covid_3941.png,-1,-1
2105,covid_3942.png,-1,-1
2106,covid_3943.png,-1,-1
2107,covid_3945.png,-1,-1
2108,covid_3949.png,-1,-1
2109,covid_395.png,-1,-1
2110,covid_3952.png,-1,-1
2111,covid_3953.png,-1,-1
2112,covid_3954.png,-1,-1
2113,covid_3956.png,-1,-1
2114,covid_3957.png,-1,-1
2115,covid_3959.png,-1,-1
2116,covid_3960.png,-1,-1
2117,covid_3961.png,-1,-1
2118,covid_3963.png,-1,-1
2119,covid_3964.png,-1,-1
2120,covid_3965.png,-1,-1
2121,covid_3966.png,-1,-1
2122,covid_3967.png,-1,-1
2123,covid_3968.png,-1,-1
2124,covid_397.png,-1,-1
2125,covid_3972.png,-1,-1
2126,covid_3973.png,-1,-1
2127,covid_3974.png,-1,-1
2128,covid_3976.png,-1,-1
2129,covid_3977.png,-1,-1
2130,covid_3979.png,-1,-1
2131,covid_398.png,-1,-1
2132,covid_3981.png,-1,-1
2133,covid_3982.png,-1,-1
2134,covid_3983.png,-1,-1
2135,covid_3984.png,-1,-1
2136,covid_3985.png,-1,-1
2137,covid_3986.png,-1,-1
2138,covid_3987.png,-1,-1
2139,covid_3989.png,-1,-1
2140,covid_399.png,-1,-1
2141,covid_3990.png,-1,-1
2142,covid_3991.png,-1,-1
2143,covid_3992.png,-1,-1
2144,covid_3993.png,-1,-1
2145,covid_3994.png,-1,-1
2146,covid_3995.png,-1,-1
2147,covid_3996.png,-1,-1
2148,covid_3998.png,-1,-1
2149,covid_4.png,-1,-1
2150,covid_4000.png,-1,-1
2151,covid_4001.png,-1,-1
2152,covid_4002.png,-1,-1
2153,covid_4004.png,-1,-1
2154,covid_4005.png,-1,-1
2155,covid_4006.png,-1,-1
2156,covid_4007.png,-1,-1
2157,covid_401.png,-1,-1
2158,covid_4010.png,-1,-1
2159,covid_4011.png,-1,-1
2160,covid_4017.png,-1,-1
2161,covid_4019.png,-1,-1
2162,covid_4020.png,-1,-1
2163,covid_4021.png,-1,-1
2164,covid_4022.png,-1,-1
2165,covid_4023.png,-1,-1
2166,covid_4025.png,-1,-1
2167,covid_4026.png,-1,-1
2168,covid_4028.png,-1,-1
2169,covid_4029.png,-1,-1
2170,covid_4032.png,-1,-1
2171,covid_4033.png,-1,-1
2172,covid_4035.png,-1,-1
2173,covid_4036.png,-1,-1
2174,covid_4037.png,-1,-1
2175,covid_4040.png,-1,-1
2176,covid_4041.png,-1,-1
2177,covid_4042.png,-1,-1
2178,covid_4043.png,-1,-1
2179,covid_4044.png,-1,-1
2180,covid_4045.png,-1,-1
2181,covid_4046.png,-1,-1
2182,covid_4047.png,-1,-1
2183,covid_4048.png,-1,-1
2184,covid_4049.png,-1,-1
2185,covid_4050.png,-1,-1
2186,covid_4051.png,-1,-1
2187,covid_4053.png,-1,-1
2188,covid_4055.png,-1,-1
2189,covid_4058.png,-1,-1
2190,covid_4059.png,-1,-1
2191,covid_4060.png,-1,-1
2192,covid_4061.png,-1,-1
2193,covid_4062.png,-1,-1
2194,covid_4064.png,-1,-1
2195,covid_4065.png,-1,-1
2196,covid_4066.png,-1,-1
2197,covid_4067.png,-1,-1
2198,covid_4068.png,-1,-1
2199,covid_4069.png,-1,-1
2200,covid_407.png,-1,-1
2201,covid_4073.png,-1,-1
2202,covid_4074.png,-1,-1
2203,covid_4075.png,-1,-1
2204,covid_4076.png,-1,-1
2205,covid_4080.png,-1,-1
2206,covid_4081.png,-1,-1
2207,covid_4082.png,-1,-1
2208,covid_4083.png,-1,-1
2209,covid_4085.png,-1,-1
2210,covid_4088.png,-1,-1
2211,covid_4089.png,-1,-1
2212,covid_4091.png,-1,-1
2213,covid_4093.png,-1,-1
2214,covid_4094.png,-1,-1
2215,covid_4095.png,-1,-1
2216,covid_4096.png,-1,-1
2217,covid_4097.png,-1,-1
2218,covid_4098.png,-1,-1
2219,covid_4099.png,-1,-1
2220,covid_41.png,-1,-1
2221,covid_4101.png,-1,-1
2222,covid_4104.png,-1,-1
2223,covid_4105.png,-1,-1
2224,covid_4107.png,-1,-1
2225,covid_4108.png,-1,-1
2226,covid_4109.png,-1,-1
2227,covid_411.png,-1,-1
2228,covid_4111.png,-1,-1
2229,covid_4114.png,-1,-1
2230,covid_4115.png,-1,-1
2231,covid_4116.png,-1,-1
2232,covid_4119.png,-1,-1
2233,covid_412.png,-1,-1
2234,covid_4120.png,-1,-1
2235,covid_4122.png,-1,-1
2236,covid_4123.png,-1,-1
2237,covid_4124.png,-1,-1
2238,covid_4125.png,-1,-1
2239,covid_4126.png,-1,-1
2240,covid_4127.png,-1,-1
2241,covid_4128.png,-1,-1
2242,covid_4129.png,-1,-1
2243,covid_4130.png,-1,-1
2244,covid_4134.png,-1,-1
2245,covid_4136.png,-1,-1
2246,covid_4138.png,-1,-1
2247,covid_4139.png,-1,-1
2248,covid_414.png,-1,-1
2249,covid_4141.png,-1,-1
2250,covid_4143.png,-1,-1
2251,covid_4144.png,-1,-1
2252,covid_4146.png,-1,-1
2253,covid_4149.png,-1,-1
2254,covid_4151.png,-1,-1
2255,covid_4153.png,-1,-1
2256,covid_4154.png,-1,-1
2257,covid_4155.png,-1,-1
2258,covid_4156.png,-1,-1
2259,covid_4157.png,-1,-1
2260,covid_4158.png,-1,-1
2261,covid_4159.png,-1,-1
2262,covid_416.png,-1,-1
2263,covid_4161.png,-1,-1
2264,covid_4164.png,-1,-1
2265,covid_4167.png,-1,-1
2266,covid_4168.png,-1,-1
2267,covid_4169.png,-1,-1
2268,covid_417.png,-1,-1
2269,covid_4173.png,-1,-1
2270,covid_4174.png,-1,-1
2271,covid_4175.png,-1,-1
2272,covid_4176.png,-1,-1
2273,covid_4179.png,-1,-1
2274,covid_4181.png,-1,-1
2275,covid_4182.png,-1,-1
2276,covid_4183.png,-1,-1
2277,covid_4184.png,-1,-1
2278,covid_4185.png,-1,-1
2279,covid_4186.png,-1,-1
2280,covid_4187.png,-1,-1
2281,covid_4188.png,-1,-1
2282,covid_419.png,-1,-1
2283,covid_4190.png,-1,-1
2284,covid_4191.png,-1,-1
2285,covid_4192.png,-1,-1
2286,covid_4194.png,-1,-1
2287,covid_4196.png,-1,-1
2288,covid_4198.png,-1,-1
2289,covid_42.png,-1,-1
2290,covid_420.png,-1,-1
2291,covid_4201.png,-1,-1
2292,covid_4205.png,-1,-1
2293,covid_4207.png,-1,-1
2294,covid_4208.png,-1,-1
2295,covid_4209.png,-1,-1
2296,covid_421.png,-1,-1
2297,covid_4211.png,-1,-1
2298,covid_4216.png,-1,-1
2299,covid_4219.png,-1,-1
2300,covid_4221.png,-1,-1
2301,covid_4224.png,-1,-1
2302,covid_4225.png,-1,-1
2303,covid_4226.png,-1,-1
2304,covid_4227.png,-1,-1
2305,covid_423.png,-1,-1
2306,covid_4230.png,-1,-1
2307,covid_4231.png,-1,-1
2308,covid_4232.png,-1,-1
2309,covid_4234.png,-1,-1
2310,covid_4236.png,-1,-1
2311,covid_4237.png,-1,-1
2312,covid_4238.png,-1,-1
2313,covid_4239.png,-1,-1
2314,covid_424.png,-1,-1
2315,covid_4240.png,-1,-1
2316,covid_4241.png,-1,-1
2317,covid_4243.png,-1,-1
2318,covid_4245.png,-1,-1
2319,covid_4246.png,-1,-1
2320,covid_4247.png,-1,-1
2321,covid_4248.png,-1,-1
2322,covid_4249.png,-1,-1
2323,covid_425.png,-1,-1
2324,covid_4251.png,-1,-1
2325,covid_4252.png,-1,-1
2326,covid_4253.png,-1,-1
2327,covid_4254.png,-1,-1
2328,covid_4255.png,-1,-1
2329,covid_4257.png,-1,-1
2330,covid_4258.png,-1,-1
2331,covid_4259.png,-1,-1
2332,covid_4260.png,-1,-1
2333,covid_4262.png,-1,-1
2334,covid_4265.png,-1,-1
2335,covid_4267.png,-1,-1
2336,covid_4268.png,-1,-1
2337,covid_4269.png,-1,-1
2338,covid_427.png,-1,-1
2339,covid_4272.png,-1,-1
2340,covid_4273.png,-1,-1
2341,covid_4274.png,-1,-1
2342,covid_4276.png,-1,-1
2343,covid_4278.png,-1,-1
2344,covid_4279.png,-1,-1
2345,covid_4281.png,-1,-1
2346,covid_4282.png,-1,-1
2347,covid_4283.png,-1,-1
2348,covid_4285.png,-1,-1
2349,covid_4287.png,-1,-1
2350,covid_4288.png,-1,-1
2351,covid_4289.png,-1,-1
2352,covid_429.png,-1,-1
2353,covid_4290.png,-1,-1
2354,covid_4292.png,-1,-1
2355,covid_4294.png,-1,-1
2356,covid_4295.png,-1,-1
2357,covid_4296.png,-1,-1
2358,covid_4297.png,-1,-1
2359,covid_4299.png,-1,-1
2360,covid_430.png,-1,-1
2361,covid_4300.png,-1,-1
2362,covid_4301.png,-1,-1
2363,covid_4302.png,-1,-1
2364,covid_4303.png,-1,-1
2365,covid_4304.png,-1,-1
2366,covid_4305.png,-1,-1
2367,covid_4306.png,-1,-1
2368,covid_4307.png,-1,-1
2369,covid_4308.png,-1,-1
2370,covid_4309.png,-1,-1
2371,covid_4312.png,-1,-1
2372,covid_4313.png,-1,-1
2373,covid_4314.png,-1,-1
2374,covid_4315.png,-1,-1
2375,covid_4316.png,-1,-1
2376,covid_4317.png,-1,-1
2377,covid_4318.png,-1,-1
2378,covid_4320.png,-1,-1
2379,covid_4323.png,-1,-1
2380,covid_4324.png,-1,-1
2381,covid_4325.png,-1,-1
2382,covid_4326.png,-1,-1
2383,covid_4327.png,-1,-1
2384,covid_4328.png,-1,-1
2385,covid_4329.png,-1,-1
2386,covid_4330.png,-1,-1
2387,covid_4332.png,-1,-1
2388,covid_4333.png,-1,-1
2389,covid_4335.png,-1,-1
2390,covid_4336.png,-1,-1
2391,covid_4337.png,-1,-1
2392,covid_434.png,-1,-1
2393,covid_4340.png,-1,-1
2394,covid_4342.png,-1,-1
2395,covid_4343.png,-1,-1
2396,covid_4344.png,-1,-1
2397,covid_4345.png,-1,-1
2398,covid_4346.png,-1,-1
2399,covid_4347.png,-1,-1
2400,covid_4349.png,-1,-1
2401,covid_435.png,-1,-1
2402,covid_4350.png,-1,-1
2403,covid_4351.png,-1,-1
2404,covid_4352.png,-1,-1
2405,covid_4353.png,-1,-1
2406,covid_4354.png,-1,-1
2407,covid_4356.png,-1,-1
2408,covid_4357.png,-1,-1
2409,covid_4358.png,-1,-1
2410,covid_4359.png,-1,-1
2411,covid_4361.png,-1,-1
2412,covid_4362.png,-1,-1
2413,covid_4363.png,-1,-1
2414,covid_4366.png,-1,-1
2415,covid_4368.png,-1,-1
2416,covid_437.png,-1,-1
2417,covid_4371.png,-1,-1
2418,covid_4372.png,-1,-1
2419,covid_4374.png,-1,-1
2420,covid_4375.png,-1,-1
2421,covid_4377.png,-1,-1
2422,covid_4379.png,-1,-1
2423,covid_438.png,-1,-1
2424,covid_4381.png,-1,-1
2425,covid_4383.png,-1,-1
2426,covid_4385.png,-1,-1
2427,covid_4386.png,-1,-1
2428,covid_4387.png,-1,-1
2429,covid_4389.png,-1,-1
2430,covid_4390.png,-1,-1
2431,covid_4391.png,-1,-1
2432,covid_4392.png,-1,-1
2433,covid_4394.png,-1,-1
2434,covid_4395.png,-1,-1
2435,covid_4396.png,-1,-1
2436,covid_4398.png,-1,-1
2437,covid_44.png,-1,-1
2438,covid_440.png,-1,-1
2439,covid_4400.png,-1,-1
2440,covid_4401.png,-1,-1
2441,covid_4402.png,-1,-1
2442,covid_4404.png,-1,-1
2443,covid_4405.png,-1,-1
2444,covid_4406.png,-1,-1
2445,covid_4407.png,-1,-1
2446,covid_4408.png,-1,-1
2447,covid_4409.png,-1,-1
2448,covid_441.png,-1,-1
2449,covid_4410.png,-1,-1
2450,covid_4411.png,-1,-1
2451,covid_4412.png,-1,-1
2452,covid_4413.png,-1,-1
2453,covid_4415.png,-1,-1
2454,covid_4418.png,-1,-1
2455,covid_4419.png,-1,-1
2456,covid_442.png,-1,-1
2457,covid_4420.png,-1,-1
2458,covid_4422.png,-1,-1
2459,covid_4423.png,-1,-1
2460,covid_4426.png,-1,-1
2461,covid_4428.png,-1,-1
2462,covid_4430.png,-1,-1
2463,covid_4431.png,-1,-1
2464,covid_4432.png,-1,-1
2465,covid_4433.png,-1,-1
2466,covid_4434.png,-1,-1
2467,covid_4438.png,-1,-1
2468,covid_4439.png,-1,-1
2469,covid_444.png,-1,-1
2470,covid_4440.png,-1,-1
2471,covid_4442.png,-1,-1
2472,covid_4443.png,-1,-1
2473,covid_4444.png,-1,-1
2474,covid_4446.png,-1,-1
2475,covid_4447.png,-1,-1
2476,covid_4448.png,-1,-1
2477,covid_445.png,-1,-1
2478,covid_4450.png,-1,-1
2479,covid_4451.png,-1,-1
2480,covid_4452.png,-1,-1
2481,covid_4454.png,-1,-1
2482,covid_4458.png,-1,-1
2483,covid_4461.png,-1,-1
2484,covid_4462.png,-1,-1
2485,covid_4463.png,-1,-1
2486,covid_4464.png,-1,-1
2487,covid_4466.png,-1,-1
2488,covid_4468.png,-1,-1
2489,covid_4469.png,-1,-1
2490,covid_447.png,-1,-1
2491,covid_4472.png,-1,-1
2492,covid_4474.png,-1,-1
2493,covid_4475.png,-1,-1
2494,covid_4476.png,-1,-1
2495,covid_4477.png,-1,-1
2496,covid_4478.png,-1,-1
2497,covid_4480.png,-1,-1
2498,covid_4482.png,-1,-1
2499,covid_4483.png,-1,-1
2500,covid_4484.png,-1,-1
2501,covid_4485.png,-1,-1
2502,covid_4488.png,-1,-1
2503,covid_4489.png,-1,-1
2504,covid_449.png,-1,-1
2505,covid_4490.png,-1,-1
2506,covid_4492.png,-1,-1
2507,covid_4493.png,-1,-1
2508,covid_4494.png,-1,-1
2509,covid_4495.png,-1,-1
2510,covid_4497.png,-1,-1
2511,covid_4499.png,-1,-1
2512,covid_45.png,-1,-1
2513,covid_4500.png,-1,-1
2514,covid_4501.png,-1,-1
2515,covid_4502.png,-1,-1
2516,covid_4503.png,-1,-1
2517,covid_4504.png,-1,-1
2518,covid_4505.png,-1,-1
2519,covid_4507.png,-1,-1
2520,covid_4509.png,-1,-1
2521,covid_451.png,-1,-1
2522,covid_4510.png,-1,-1
2523,covid_4512.png,-1,-1
2524,covid_4513.png,-1,-1
2525,covid_4514.png,-1,-1
2526,covid_4515.png,-1,-1
2527,covid_4516.png,-1,-1
2528,covid_452.png,-1,-1
2529,covid_4520.png,-1,-1
2530,covid_4522.png,-1,-1
2531,covid_4523.png,-1,-1
2532,covid_4524.png,-1,-1
2533,covid_4526.png,-1,-1
2534,covid_4530.png,-1,-1
2535,covid_4531.png,-1,-1
2536,covid_4532.png,-1,-1
2537,covid_4534.png,-1,-1
2538,covid_4535.png,-1,-1
2539,covid_4537.png,-1,-1
2540,covid_4538.png,-1,-1
2541,covid_4539.png,-1,-1
2542,covid_454.png,-1,-1
2543,covid_4540.png,-1,-1
2544,covid_4541.png,-1,-1
2545,covid_4544.png,-1,-1
2546,covid_4548.png,-1,-1
2547,covid_4549.png,-1,-1
2548,covid_4550.png,-1,-1
2549,covid_4551.png,-1,-1
2550,covid_4552.png,-1,-1
2551,covid_4553.png,-1,-1
2552,covid_4557.png,-1,-1
2553,covid_4559.png,-1,-1
2554,covid_456.png,-1,-1
2555,covid_4563.png,-1,-1
2556,covid_4565.png,-1,-1
2557,covid_4566.png,-1,-1
2558,covid_4567.png,-1,-1
2559,covid_4568.png,-1,-1
2560,covid_4569.png,-1,-1
2561,covid_457.png,-1,-1
2562,covid_4571.png,-1,-1
2563,covid_4572.png,-1,-1
2564,covid_4573.png,-1,-1
2565,covid_4574.png,-1,-1
2566,covid_4575.png,-1,-1
2567,covid_4576.png,-1,-1
2568,covid_4577.png,-1,-1
2569,covid_4578.png,-1,-1
2570,covid_4579.png,-1,-1
2571,covid_4580.png,-1,-1
2572,covid_4581.png,-1,-1
2573,covid_4582.png,-1,-1
2574,covid_4583.png,-1,-1
2575,covid_4584.png,-1,-1
2576,covid_4586.png,-1,-1
2577,covid_4587.png,-1,-1
2578,covid_4588.png,-1,-1
2579,covid_4589.png,-1,-1
2580,covid_459.png,-1,-1
2581,covid_4590.png,-1,-1
2582,covid_4592.png,-1,-1
2583,covid_4593.png,-1,-1
2584,covid_4594.png,-1,-1
2585,covid_4595.png,-1,-1
2586,covid_4596.png,-1,-1
2587,covid_460.png,-1,-1
2588,covid_4600.png,-1,-1
2589,covid_4603.png,-1,-1
2590,covid_461.png,-1,-1
2591,covid_463.png,-1,-1
2592,covid_466.png,-1,-1
2593,covid_467.png,-1,-1
2594,covid_469.png,-1,-1
2595,covid_47.png,-1,-1
2596,covid_471.png,-1,-1
2597,covid_478.png,-1,-1
2598,covid_480.png,-1,-1
2599,covid_481.png,-1,-1
2600,covid_483.png,-1,-1
2601,covid_486.png,-1,-1
2602,covid_487.png,-1,-1
2603,covid_488.png,-1,-1
2604,covid_489.png,-1,-1
2605,covid_49.png,-1,-1
2606,covid_490.png,-1,-1
2607,covid_492.png,-1,-1
2608,covid_497.png,-1,-1
2609,covid_498.png,-1,-1
2610,covid_499.png,-1,-1
2611,covid_5.png,-1,-1
2612,covid_50.png,-1,-1
2613,covid_502.png,-1,-1
2614,covid_503.png,-1,-1
2615,covid_505.png,-1,-1
2616,covid_509.png,-1,-1
2617,covid_510.png,-1,-1
2618,covid_511.png,-1,-1
2619,covid_512.png,-1,-1
2620,covid_513.png,-1,-1
2621,covid_514.png,-1,-1
2622,covid_517.png,-1,-1
2623,covid_519.png,-1,-1
2624,covid_52.png,-1,-1
2625,covid_520.png,-1,-1
2626,covid_521.png,-1,-1
2627,covid_522.png,-1,-1
2628,covid_528.png,-1,-1
2629,covid_529.png,-1,-1
2630,covid_530.png,-1,-1
2631,covid_533.png,-1,-1
2632,covid_534.png,-1,-1
2633,covid_536.png,-1,-1
2634,covid_538.png,-1,-1
2635,covid_54.png,-1,-1
2636,covid_543.png,-1,-1
2637,covid_546.png,-1,-1
2638,covid_547.png,-1,-1
2639,covid_548.png,-1,-1
2640,covid_549.png,-1,-1
2641,covid_55.png,-1,-1
2642,covid_551.png,-1,-1
2643,covid_552.png,-1,-1
2644,covid_553.png,-1,-1
2645,covid_554.png,-1,-1
2646,covid_556.png,-1,-1
2647,covid_557.png,-1,-1
2648,covid_558.png,-1,-1
2649,covid_56.png,-1,-1
2650,covid_560.png,-1,-1
2651,covid_563.png,-1,-1
2652,covid_564.png,-1,-1
2653,covid_568.png,-1,-1
2654,covid_569.png,-1,-1
2655,covid_570.png,-1,-1
2656,covid_572.png,-1,-1
2657,covid_573.png,-1,-1
2658,covid_575.png,-1,-1
2659,covid_577.png,-1,-1
2660,covid_578.png,-1,-1
2661,covid_580.png,-1,-1
2662,covid_581.png,-1,-1
2663,covid_582.png,-1,-1
2664,covid_583.png,-1,-1
2665,covid_584.png,-1,-1
2666,covid_585.png,-1,-1
2667,covid_586.png,-1,-1
2668,covid_587.png,-1,-1
2669,covid_588.png,-1,-1
2670,covid_589.png,-1,-1
2671,covid_590.png,-1,-1
2672,covid_591.png,-1,-1
2673,covid_592.png,-1,-1
2674,covid_594.png,-1,-1
2675,covid_596.png,-1,-1
2676,covid_599.png,-1,-1
2677,covid_6.png,-1,-1
2678,covid_60.png,-1,-1
2679,covid_600.png,-1,-1
2680,covid_601.png,-1,-1
2681,covid_602.png,-1,-1
2682,covid_603.png,-1,-1
2683,covid_604.png,-1,-1
2684,covid_605.png,-1,-1
2685,covid_607.png,-1,-1
2686,covid_609.png,-1,-1
2687,covid_61.png,-1,-1
2688,covid_610.png,-1,-1
2689,covid_611.png,-1,-1
2690,covid_614.png,-1,-1
2691,covid_617.png,-1,-1
2692,covid_618.png,-1,-1
2693,covid_62.png,-1,-1
2694,covid_621.png,-1,-1
2695,covid_623.png,-1,-1
2696,covid_625.png,-1,-1
2697,covid_627.png,-1,-1
2698,covid_629.png,-1,-1
2699,covid_630.png,-1,-1
2700,covid_632.png,-1,-1
2701,covid_633.png,-1,-1
2702,covid_634.png,-1,-1
2703,covid_635.png,-1,-1
2704,covid_636.png,-1,-1
2705,covid_637.png,-1,-1
2706,covid_64.png,-1,-1
2707,covid_640.png,-1,-1
2708,covid_643.png,-1,-1
2709,covid_645.png,-1,-1
2710,covid_65.png,-1,-1
2711,covid_650.png,-1,-1
2712,covid_651.png,-1,-1
2713,covid_652.png,-1,-1
2714,covid_653.png,-1,-1
2715,covid_654.png,-1,-1
2716,covid_658.png,-1,-1
2717,covid_659.png,-1,-1
2718,covid_66.png,-1,-1
2719,covid_662.png,-1,-1
2720,covid_663.png,-1,-1
2721,covid_664.png,-1,-1
2722,covid_665.png,-1,-1
2723,covid_667.png,-1,-1
2724,covid_668.png,-1,-1
2725,covid_67.png,-1,-1
2726,covid_671.png,-1,-1
2727,covid_673.png,-1,-1
2728,covid_676.png,-1,-1
2729,covid_678.png,-1,-1
2730,covid_679.png,-1,-1
2731,covid_680.png,-1,-1
2732,covid_682.png,-1,-1
2733,covid_683.png,-1,-1
2734,covid_684.png,-1,-1
2735,covid_685.png,-1,-1
2736,covid_686.png,-1,-1
2737,covid_688.png,-1,-1
2738,covid_689.png,-1,-1
2739,covid_69.png,-1,-1
2740,covid_691.png,-1,-1
2741,covid_692.png,-1,-1
2742,covid_693.png,-1,-1
2743,covid_694.png,-1,-1
2744,covid_695.png,-1,-1
2745,covid_696.png,-1,-1
2746,covid_697.png,-1,-1
2747,covid_698.png,-1,-1
2748,covid_7.png,-1,-1
2749,covid_700.png,-1,-1
2750,covid_701.png,-1,-1
2751,covid_702.png,-1,-1
2752,covid_704.png,-1,-1
2753,covid_705.png,-1,-1
2754,covid_706.png,-1,-1
2755,covid_708.png,-1,-1
2756,covid_709.png,-1,-1
2757,covid_71.png,-1,-1
2758,covid_710.png,-1,-1
2759,covid_711.png,-1,-1
2760,covid_712.png,-1,-1
2761,covid_713.png,-1,-1
2762,covid_714.png,-1,-1
2763,covid_716.png,-1,-1
2764,covid_717.png,-1,-1
2765,covid_718.png,-1,-1
2766,covid_72.png,-1,-1
2767,covid_720.png,-1,-1
2768,covid_721.png,-1,-1
2769,covid_724.png,-1,-1
2770,covid_725.png,-1,-1
2771,covid_728.png,-1,-1
2772,covid_729.png,-1,-1
2773,covid_732.png,-1,-1
2774,covid_733.png,-1,-1
2775,covid_734.png,-1,-1
2776,covid_736.png,-1,-1
2777,covid_739.png,-1,-1
2778,covid_740.png,-1,-1
2779,covid_741.png,-1,-1
2780,covid_742.png,-1,-1
2781,covid_743.png,-1,-1
2782,covid_744.png,-1,-1
2783,covid_745.png,-1,-1
2784,covid_747.png,-1,-1
2785,covid_749.png,-1,-1
2786,covid_750.png,-1,-1
2787,covid_751.png,-1,-1
2788,covid_753.png,-1,-1
2789,covid_757.png,-1,-1
2790,covid_759.png,-1,-1
2791,covid_76.png,-1,-1
2792,covid_761.png,-1,-1
2793,covid_762.png,-1,-1
2794,covid_765.png,-1,-1
2795,covid_767.png,-1,-1
2796,covid_768.png,-1,-1
2797,covid_77.png,-1,-1
2798,covid_770.png,-1,-1
2799,covid_771.png,-1,-1
2800,covid_776.png,-1,-1
2801,covid_777.png,-1,-1
2802,covid_778.png,-1,-1
2803,covid_779.png,-1,-1
2804,covid_78.png,-1,-1
2805,covid_781.png,-1,-1
2806,covid_782.png,-1,-1
2807,covid_784.png,-1,-1
2808,covid_785.png,-1,-1
2809,covid_786.png,-1,-1
2810,covid_788.png,-1,-1
2811,covid_79.png,-1,-1
2812,covid_790.png,-1,-1
2813,covid_791.png,-1,-1
2814,covid_792.png,-1,-1
2815,covid_793.png,-1,-1
2816,covid_794.png,-1,-1
2817,covid_796.png,-1,-1
2818,covid_797.png,-1,-1
2819,covid_798.png,-1,-1
2820,covid_80.png,-1,-1
2821,covid_800.png,-1,-1
2822,covid_802.png,-1,-1
2823,covid_803.png,-1,-1
2824,covid_804.png,-1,-1
2825,covid_806.png,-1,-1
2826,covid_808.png,-1,-1
2827,covid_809.png,-1,-1
2828,covid_81.png,-1,-1
2829,covid_811.png,-1,-1
2830,covid_812.png,-1,-1
2831,covid_813.png,-1,-1
2832,covid_815.png,-1,-1
2833,covid_819.png,-1,-1
2834,covid_820.png,-1,-1
2835,covid_823.png,-1,-1
2836,covid_826.png,-1,-1
2837,covid_827.png,-1,-1
2838,covid_828.png,-1,-1
2839,covid_829.png,-1,-1
2840,covid_83.png,-1,-1
2841,covid_832.png,-1,-1
2842,covid_833.png,-1,-1
2843,covid_834.png,-1,-1
2844,covid_837.png,-1,-1
2845,covid_838.png,-1,-1
2846,covid_844.png,-1,-1
2847,covid_845.png,-1,-1
2848,covid_846.png,-1,-1
2849,covid_847.png,-1,-1
2850,covid_848.png,-1,-1
2851,covid_850.png,-1,-1
2852,covid_851.png,-1,-1
2853,covid_852.png,-1,-1
2854,covid_853.png,-1,-1
2855,covid_855.png,-1,-1
2856,covid_856.png,-1,-1
2857,covid_858.png,-1,-1
2858,covid_859.png,-1,-1
2859,covid_860.png,-1,-1
2860,covid_861.png,-1,-1
2861,covid_862.png,-1,-1
2862,covid_863.png,-1,-1
2863,covid_864.png,-1,-1
2864,covid_865.png,-1,-1
2865,covid_866.png,-1,-1
2866,covid_867.png,-1,-1
2867,covid_870.png,-1,-1
2868,covid_871.png,-1,-1
2869,covid_872.png,-1,-1
2870,covid_874.png,-1,-1
2871,covid_875.png,-1,-1
2872,covid_878.png,-1,-1
2873,covid_879.png,-1,-1
2874,covid_880.png,-1,-1
2875,covid_884.png,-1,-1
2876,covid_886.png,-1,-1
2877,covid_888.png,-1,-1
2878,covid_889.png,-1,-1
2879,covid_89.png,-1,-1
2880,covid_891.png,-1,-1
2881,covid_892.png,-1,-1
2882,covid_893.png,-1,-1
2883,covid_896.png,-1,-1
2884,covid_897.png,-1,-1
2885,covid_898.png,-1,-1
2886,covid_899.png,-1,-1
2887,covid_9.png,-1,-1
2888,covid_900.png,-1,-1
2889,covid_901.png,-1,-1
2890,covid_902.png,-1,-1
2891,covid_903.png,-1,-1
2892,covid_904.png,-1,-1
2893,covid_908.png,-1,-1
2894,covid_910.png,-1,-1
2895,covid_911.png,-1,-1
2896,covid_912.png,-1,-1
2897,covid_915.png,-1,-1
2898,covid_916.png,-1,-1
2899,covid_919.png,-1,-1
2900,covid_92.png,-1,-1
2901,covid_920.png,-1,-1
2902,covid_922.png,-1,-1
2903,covid_923.png,-1,-1
2904,covid_924.png,-1,-1
2905,covid_927.png,-1,-1
2906,covid_928.png,-1,-1
2907,covid_929.png,-1,-1
2908,covid_931.png,-1,-1
2909,covid_933.png,-1,-1
2910,covid_934.png,-1,-1
2911,covid_935.png,-1,-1
2912,covid_937.png,-1,-1
2913,covid_939.png,-1,-1
2914,covid_940.png,-1,-1
2915,covid_942.png,-1,-1
2916,covid_944.png,-1,-1
2917,covid_945.png,-1,-1
2918,covid_946.png,-1,-1
2919,covid_95.png,-1,-1
2920,covid_950.png,-1,-1
2921,covid_951.png,-1,-1
2922,covid_952.png,-1,-1
2923,covid_954.png,-1,-1
2924,covid_957.png,-1,-1
2925,covid_959.png,-1,-1
2926,covid_96.png,-1,-1
2927,covid_960.png,-1,-1
2928,covid_962.png,-1,-1
2929,covid_967.png,-1,-1
2930,covid_968.png,-1,-1
2931,covid_969.png,-1,-1
2932,covid_97.png,-1,-1
2933,covid_970.png,-1,-1
2934,covid_971.png,-1,-1
2935,covid_973.png,-1,-1
2936,covid_974.png,-1,-1
2937,covid_98.png,-1,-1
2938,covid_980.png,-1,-1
2939,covid_981.png,-1,-1
2940,covid_982.png,-1,-1
2941,covid_983.png,-1,-1
2942,covid_987.png,-1,-1
2943,covid_988.png,-1,-1
2944,covid_991.png,-1,-1
2945,covid_993.png,-1,-1
2946,covid_994.png,-1,-1
2947,covid_995.png,-1,-1
2948,covid_997.png,-1,-1
2949,covid_998.png,-1,-1
2950,covid_999.png,-1,-1
2951,sub-S08046_ses-E17352_run-2_bp-chest_vp-ap_dx.png,-1,-1
2952,sub-S10037_ses-E24704_run-1_bp-chest_vp-ap_dx.png,-1,-1
2953,sub-S10037_ses-E25408_run-1_bp-chest_vp-ap_cr.png,-1,-1
2954,sub-S10039_ses-E17269_run-1_bp-chest_vp-ap_dx.png,-1,-1
2955,sub-S10040_ses-E17270_run-1_bp-chest_vp-pa_dx.png,-1,-1
2956,sub-S10040_ses-E20660_run-1_bp-chest_vp-pa_cr.png,-1,-1
2957,sub-S10040_ses-E22581_run-1_bp-chest_vp-ap_cr.png,-1,-1
2958,sub-S10047_ses-E19223_run-1_bp-chest_vp-ap_dx.png,-1,-1
2959,sub-S10047_ses-E24303_run-1_bp-chest_vp-pa_dx.png,-1,-1
2960,sub-S10047_ses-E25544_run-1_bp-chest_vp-ap_dx.png,-1,-1
2961,sub-S10049_ses-E23373_run-1_bp-chest_vp-ap_cr.png,-1,-1
2962,sub-S10049_ses-E23848_run-1_bp-chest_vp-pa_dx.png,-1,-1
2963,sub-S10050_ses-E17289_run-1_bp-chest_vp-pa_dx.png,-1,-1
2964,sub-S10050_ses-E19466_run-1_bp-chest_vp-pa_dx.png,-1,-1
2965,sub-S10050_ses-E19704_run-1_bp-chest_vp-ap_dx.png,-1,-1
2966,sub-S10051_ses-E22626_run-1_bp-chest_vp-ap_dx.png,-1,-1
2967,sub-S10054_ses-E19491_run-1_bp-chest_vp-ap_cr.png,-1,-1
2968,sub-S10054_ses-E19880_run-1_bp-chest_vp-ap_cr.png,-1,-1
2969,sub-S10054_ses-E22394_run-1_bp-chest_vp-ap_cr.png,-1,-1
2970,sub-S10056_ses-E18255_run-1_bp-chest_vp-ap_cr.png,-1,-1
2971,sub-S10056_ses-E19033_run-1_bp-chest_vp-ap_cr.png,-1,-1
2972,sub-S10056_ses-E19543_run-1_bp-chest_vp-ap_cr.png,-1,-1
2973,sub-S10056_ses-E20096_run-1_bp-chest_vp-ap_cr.png,-1,-1
2974,sub-S10056_ses-E21561_run-1_bp-chest_vp-ap_cr.png,-1,-1
2975,sub-S10056_ses-E22437_run-1_bp-chest_vp-ap_cr.png,-1,-1
2976,sub-S10056_ses-E22883_run-1_bp-chest_vp-ap_cr.png,-1,-1
2977,sub-S10056_ses-E24371_run-1_bp-chest_vp-ap_cr.png,-1,-1
2978,sub-S10056_ses-E25918_run-1_bp-chest_vp-ap_cr.png,-1,-1
2979,sub-S10056_ses-E26400_run-1_bp-chest_vp-pa_cr.png,-1,-1
2980,sub-S10058_ses-E17303_run-1_bp-chest_vp-pa_cr.png,-1,-1
2981,sub-S10059_ses-E18286_run-1_bp-chest_vp-ap_dx.png,-1,-1
2982,sub-S10059_ses-E19915_run-1_bp-chest_vp-ap_dx.png,-1,-1
2983,sub-S10059_ses-E21442_run-1_bp-chest_vp-ap_dx.png,-1,-1
2984,sub-S10059_ses-E22473_run-1_bp-chest_vp-ap_dx.png,-1,-1
2985,sub-S10059_ses-E23703_run-1_bp-chest_vp-ap_dx.png,-1,-1
2986,sub-S10059_ses-E24386_run-1_bp-chest_vp-ap_dx.png,-1,-1
2987,sub-S10059_ses-E24917_run-1_bp-chest_vp-ap_dx.png,-1,-1
2988,sub-S10059_ses-E25947_run-1_bp-chest_vp-ap_dx.png,-1,-1
2989,sub-S10059_ses-E26176_run-1_bp-chest_vp-ap_dx.png,-1,-1
2990,sub-S10059_ses-E26403_run-1_bp-chest_vp-ap_dx.png,-1,-1
2991,sub-S10060_ses-E25484_run-1_bp-chest_vp-pa_dx.png,-1,-1
2992,sub-S10062_ses-E26833_run-1_bp-chest_vp-pa_dx.png,-1,-1
2993,sub-S10064_ses-E17315_run-1_bp-chest_vp-ap_dx.png,-1,-1
2994,sub-S10064_ses-E19331_acq-2_run-1_bp-chest_vp-ap_dx.png,-1,-1
2995,sub-S10064_ses-E20578_run-1_bp-chest_cr.png,-1,-1
2996,sub-S10064_ses-E21285_run-1_bp-chest_vp-ap_dx.png,-1,-1
2997,sub-S10064_ses-E21608_run-1_bp-chest_vp-ap_dx.png,-1,-1
2998,sub-S10064_ses-E21775_run-1_bp-chest_vp-ap_dx.png,-1,-1
2999,sub-S10064_ses-E22119_acq-1_run-1_bp-chest_vp-ap_dx.png,-1,-1
3000,sub-S10064_ses-E22502_run-1_bp-chest_vp-ap_dx.png,-1,-1
3001,sub-S10064_ses-E26001_run-1_bp-chest_vp-ap_dx.png,-1,-1
3002,sub-S10064_ses-E26428_run-1_bp-chest_vp-ap_dx.png,-1,-1
3003,sub-S10065_ses-E24811_run-1_bp-chest_vp-pa_dx.png,-1,-1
3004,sub-S10065_ses-E25359_run-1_bp-chest_vp-pa_dx.png,-1,-1
3005,sub-S10065_ses-E26461_run-1_bp-chest_vp-ap_dx.png,-1,-1
3006,sub-S10066_ses-E18339_run-1_bp-chest_vp-ap_dx.png,-1,-1
3007,sub-S10066_ses-E19350_run-1_bp-chest_vp-ap_cr.png,-1,-1
3008,sub-S10066_ses-E19962_run-1_bp-chest_vp-ap_dx.png,-1,-1
3009,sub-S10066_ses-E24439_run-1_bp-chest_vp-pa_dx.png,-1,-1
3010,sub-S10066_ses-E26442_run-2_bp-chest_vp-ap_dx.png,-1,-1
3011,sub-S10068_ses-E17321_run-1_bp-chest_vp-ap_dx.png,-1,-1
3012,sub-S10070_ses-E19393_run-1_bp-chest_vp-ap_dx.png,-1,-1
3013,sub-S10071_ses-E19998_run-1_bp-chest_vp-ap_dx.png,-1,-1
3014,sub-S10071_ses-E21136_run-1_bp-chest_vp-ap_dx.png,-1,-1
3015,sub-S10071_ses-E23614_run-1_bp-chest_vp-ap_dx.png,-1,-1
3016,sub-S10071_ses-E24056_run-1_bp-chest_vp-ap_dx.png,-1,-1
3017,sub-S10072_ses-E21149_run-1_bp-chest_vp-pa_dx.png,-1,-1
3018,sub-S10073_ses-E17335_run-1_bp-chest_vp-pa_cr.png,-1,-1
3019,sub-S10073_ses-E18995_run-1_bp-chest_vp-ap_dx.png,-1,-1
3020,sub-S10073_ses-E22359_run-1_bp-chest_vp-ap_dx.png,-1,-1
3021,sub-S10075_ses-E17340_run-1_bp-chest_vp-pa_cr.png,-1,-1
3022,sub-S10075_ses-E19843_run-1_bp-chest_cr.png,-1,-1
3023,sub-S10075_ses-E20013_run-1_bp-chest_vp-ap_cr.png,-1,-1
3024,sub-S10075_ses-E20210_run-1_bp-chest_cr.png,-1,-1
3025,sub-S10075_ses-E20282_run-1_bp-chest_vp-ap_dx.png,-1,-1
3026,sub-S10075_ses-E21371_run-1_bp-chest_cr.png,-1,-1
3027,sub-S10075_ses-E21679_run-1_bp-chest_vp-ap_dx.png,-1,-1
3028,sub-S10075_ses-E22810_run-1_bp-chest_vp-ap_dx.png,-1,-1
3029,sub-S10075_ses-E23335_run-1_bp-chest_vp-ap_dx.png,-1,-1
3030,sub-S10078_ses-E25412_acq-1_run-1_bp-chest_vp-pa_dx.png,-1,-1
3031,sub-S10078_ses-E25791_run-1_bp-chest_vp-ap_dx.png,-1,-1
3032,sub-S10079_ses-E23849_run-1_bp-chest_vp-ap_cr.png,-1,-1
3033,sub-S10079_ses-E24992_acq-2_run-1_bp-chest_vp-ap_dx.png,-1,-1
3034,sub-S10079_ses-E26332_run-1_bp-chest_vp-ap_dx.png,-1,-1
3035,sub-S10081_ses-E18210_run-2_bp-chest_vp-pa_cr.png,-1,-1
3036,sub-S10081_ses-E22377_run-1_bp-chest_vp-pa_cr.png,-1,-1
3037,sub-S10081_ses-E23865_run-1_bp-chest_vp-pa_cr.png,-1,-1
3038,sub-S10081_ses-E25440_run-1_bp-chest_vp-ap_cr.png,-1,-1
3039,sub-S10082_ses-E17355_run-1_bp-chest_vp-ap_cr.png,-1,-1
3040,sub-S10083_ses-E23690_run-1_bp-chest_vp-ap_cr.png,-1,-1
3041,sub-S10083_ses-E23894_run-1_bp-chest_vp-ap_dx.png,-1,-1
3042,sub-S10085_ses-E18226_run-1_bp-chest_vp-pa_cr.png,-1,-1
3043,sub-S10086_ses-E23039_run-1_bp-chest_dx.png,-1,-1
3044,sub-S10087_ses-E17366_run-1_bp-chest_vp-pa_cr.png,-1,-1
3045,sub-S10087_ses-E20478_run-1_bp-chest_vp-ap_dx.png,-1,-1
3046,sub-S10087_ses-E23426_run-1_bp-chest_vp-ap_dx.png,-1,-1
3047,sub-S10087_ses-E23884_run-1_bp-chest_vp-ap_dx.png,-1,-1
3048,sub-S10087_ses-E25594_run-1_bp-chest_vp-ap_dx.png,-1,-1
3049,sub-S10087_ses-E25890_run-1_bp-chest_vp-ap_dx.png,-1,-1
3050,sub-S10088_ses-E17368_run-1_bp-chest_vp-ap_dx.png,-1,-1
3051,sub-S10088_ses-E22082_run-1_bp-chest_vp-ap_dx.png,-1,-1
3052,sub-S10089_ses-E17372_run-1_bp-chest_vp-ap_cr.png,-1,-1
3053,sub-S10089_ses-E25912_run-1_bp-chest_vp-ap_cr.png,-1,-1
3054,sub-S10093_ses-E23818_run-1_bp-chest_vp-ap_cr.png,-1,-1
3055,sub-S10095_ses-E19297_run-1_bp-chest_vp-ap_dx.png,-1,-1
3056,sub-S10097_ses-E20871_acq-1_run-1_bp-chest_vp-pa_cr.png,-1,-1
3057,sub-S10101_ses-E17391_run-1_bp-chest_vp-pa_cr.png,-1,-1
3058,sub-S10101_ses-E19321_run-1_bp-chest_vp-ap_dx.png,-1,-1
3059,sub-S10101_ses-E23507_run-1_bp-chest_vp-ap_dx.png,-1,-1
3060,sub-S10101_ses-E23962_run-1_bp-chest_vp-ap_dx.png,-1,-1
3061,sub-S10101_ses-E25991_run-1_bp-chest_vp-ap_dx.png,-1,-1
3062,sub-S10101_ses-E26182_run-1_bp-chest_vp-ap_cr.png,-1,-1
3063,sub-S10101_ses-E26418_run-1_bp-chest_vp-ap_dx.png,-1,-1
3064,sub-S10103_ses-E17401_run-1_bp-chest_cr.png,-1,-1
3065,sub-S10106_ses-E20760_run-1_bp-chest_vp-pa_cr.png,-1,-1
3066,sub-S10107_ses-E18362_run-1_bp-chest_cr.png,-1,-1
3067,sub-S10107_ses-E19365_run-1_bp-chest_vp-ap_dx.png,-1,-1
3068,sub-S10107_ses-E24674_run-1_bp-chest_vp-pa_cr.png,-1,-1
3069,sub-S10107_ses-E26063_run-1_bp-chest_vp-ap_dx.png,-1,-1
3070,sub-S10108_ses-E17411_run-1_bp-chest_vp-pa_cr.png,-1,-1
3071,sub-S10108_ses-E23575_run-1_bp-chest_vp-ap_dx.png,-1,-1
3072,sub-S10108_ses-E24001_run-1_bp-chest_vp-ap_dx.png,-1,-1
3073,sub-S10108_ses-E24676_run-1_bp-chest_vp-ap_dx.png,-1,-1
3074,sub-S10108_ses-E25135_run-1_bp-chest_cr.png,-1,-1
3075,sub-S10108_ses-E26040_run-1_bp-chest_vp-ap_dx.png,-1,-1
3076,sub-S10108_ses-E26463_run-1_bp-chest_vp-ap_dx.png,-1,-1
3077,sub-S10109_ses-E17413_run-1_bp-chest_vp-ap_cr.png,-1,-1
3078,sub-S10109_ses-E23297_run-1_bp-chest_vp-ap_cr.png,-1,-1
3079,sub-S10109_ses-E23600_run-1_bp-chest_vp-ap_cr.png,-1,-1
3080,sub-S10109_ses-E25174_run-1_bp-chest_vp-pa_cr.png,-1,-1
3081,sub-S10110_ses-E23588_run-1_bp-chest_vp-pa_dx.png,-1,-1
3082,sub-S10112_ses-E24040_run-1_bp-chest_vp-ap_cr.png,-1,-1
3083,sub-S10112_ses-E26292_run-1_bp-chest_vp-pa_cr.png,-1,-1
3084,sub-S10114_ses-E19664_run-1_bp-chest_vp-ap_dx.png,-1,-1
3085,sub-S10114_ses-E19830_run-1_bp-chest_vp-ap_cr.png,-1,-1
3086,sub-S10114_ses-E20653_run-1_bp-chest_vp-ap_cr.png,-1,-1
3087,sub-S10114_ses-E24496_run-1_bp-chest_vp-pa_cr.png,-1,-1
3088,sub-S10114_ses-E24706_run-1_bp-chest_vp-ap_cr.png,-1,-1
3089,sub-S10115_ses-E19412_run-1_bp-chest_vp-pa_dx.png,-1,-1
3090,sub-S10115_ses-E21142_run-1_bp-chest_vp-ap_cr.png,-1,-1
3091,sub-S10116_ses-E20003_run-1_bp-chest_vp-ap_dx.png,-1,-1
3092,sub-S10116_ses-E23627_run-1_bp-chest_vp-ap_dx.png,-1,-1
3093,sub-S10116_ses-E24508_run-1_bp-chest_vp-pa_dx.png,-1,-1
3094,sub-S10116_ses-E25778_run-1_bp-chest_vp-ap_dx.png,-1,-1
3095,sub-S10117_ses-E19423_run-1_bp-chest_vp-ap_dx.png,-1,-1
3096,sub-S10117_ses-E23752_run-1_bp-chest_vp-ap_cr.png,-1,-1
3097,sub-S10117_ses-E24091_run-1_bp-chest_vp-ap_cr.png,-1,-1
3098,sub-S10117_ses-E24695_run-1_bp-chest_vp-ap_dx.png,-1,-1
3099,sub-S10118_ses-E18441_run-1_bp-chest_vp-ap_dx.png,-1,-1
3100,sub-S10118_ses-E20010_run-1_bp-chest_vp-ap_dx.png,-1,-1
3101,sub-S10118_ses-E20674_run-1_bp-chest_vp-ap_dx.png,-1,-1
3102,sub-S10118_ses-E24087_run-1_bp-chest_vp-ap_dx.png,-1,-1
3103,sub-S10118_ses-E25202_run-1_bp-chest_cr.png,-1,-1
3104,sub-S10118_ses-E25207_run-1_bp-chest_vp-ap_dx.png,-1,-1
3105,sub-S10122_ses-E17438_run-1_bp-chest_vp-ap_cr.png,-1,-1
3106,sub-S10122_ses-E20213_run-1_bp-chest_vp-ap_cr.png,-1,-1
3107,sub-S10122_ses-E22826_run-1_bp-chest_vp-ap_dx.png,-1,-1
3108,sub-S10124_ses-E17444_run-1_bp-chest_vp-ap_dx.png,-1,-1
3109,sub-S10124_ses-E18517_run-1_bp-chest_vp-ap_dx.png,-1,-1
3110,sub-S10124_ses-E23050_run-1_bp-chest_cr.png,-1,-1
3111,sub-S10125_ses-E17448_run-1_bp-chest_vp-ap_dx.png,-1,-1
3112,sub-S10126_ses-E17460_acq-1_run-1_bp-chest_vp-ll_dx.png,-1,-1
3113,sub-S10127_ses-E17461_run-1_bp-chest_vp-ap_cr.png,-1,-1
3114,sub-S10128_ses-E18688_run-1_bp-chest_vp-ap_cr.png,-1,-1
3115,sub-S10128_ses-E22127_run-1_bp-chest_vp-ap_cr.png,-1,-1
3116,sub-S10128_ses-E23265_run-1_bp-chest_vp-ap_cr.png,-1,-1
3117,sub-S10133_ses-E17494_run-1_bp-chest_vp-pa_cr.png,-1,-1
3118,sub-S10134_ses-E19734_run-1_bp-chest_vp-ap_cr.png,-1,-1
3119,sub-S10134_ses-E22407_run-1_bp-chest_vp-ap_dx.png,-1,-1
3120,sub-S10134_ses-E23180_run-1_bp-chest_vp-ap_cr.png,-1,-1
3121,sub-S10134_ses-E24351_run-1_bp-chest_vp-ap_dx.png,-1,-1
3122,sub-S10138_ses-E17505_run-1_bp-chest_vp-ap_dx.png,-1,-1
3123,sub-S10138_ses-E21291_run-1_bp-chest_vp-ap_cr.png,-1,-1
3124,sub-S10139_ses-E17507_run-1_bp-chest_vp-ap_dx.png,-1,-1
3125,sub-S10139_ses-E17873_run-1_bp-chest_vp-ap_cr.png,-1,-1
3126,sub-S10139_ses-E18692_run-1_bp-chest_vp-pa_cr.png,-1,-1
3127,sub-S10141_ses-E17517_run-1_bp-chest_vp-pa_cr.png,-1,-1
3128,sub-S10141_ses-E25770_run-1_bp-chest_vp-pa_cr.png,-1,-1
3129,sub-S10141_ses-E26310_run-1_bp-chest_vp-pa_cr.png,-1,-1
3130,sub-S10143_ses-E17524_run-1_bp-chest_dx.png,-1,-1
3131,sub-S10146_ses-E17530_run-1_bp-chest_vp-ap_cr.png,-1,-1
3132,sub-S10147_ses-E17531_run-1_bp-chest_vp-pa_dx.png,-1,-1
3133,sub-S10147_ses-E20052_run-1_bp-chest_vp-ap_cr.png,-1,-1
3134,sub-S10147_ses-E20442_run-1_bp-chest_vp-ap_cr.png,-1,-1
3135,sub-S10147_ses-E21202_run-1_bp-chest_vp-pa_cr.png,-1,-1
3136,sub-S10147_ses-E21531_run-1_bp-chest_vp-ap_cr.png,-1,-1
3137,sub-S10147_ses-E23387_run-1_bp-chest_vp-ap_cr.png,-1,-1
3138,sub-S10147_ses-E23761_run-1_bp-chest_vp-ap_cr.png,-1,-1
3139,sub-S10147_ses-E24151_run-1_bp-chest_vp-ap_cr.png,-1,-1
3140,sub-S10147_ses-E24735_run-1_bp-chest_vp-ap_cr.png,-1,-1
3141,sub-S10147_ses-E24899_run-1_bp-chest_vp-ap_cr.png,-1,-1
3142,sub-S10147_ses-E25007_run-1_bp-chest_vp-ap_cr.png,-1,-1
3143,sub-S10147_ses-E25254_run-1_bp-chest_vp-ap_cr.png,-1,-1
3144,sub-S10149_ses-E23320_run-1_bp-chest_vp-pa_cr.png,-1,-1
3145,sub-S10151_ses-E19485_run-1_bp-chest_vp-ap_cr.png,-1,-1
3146,sub-S10151_ses-E20446_run-1_bp-chest_vp-pa_cr.png,-1,-1
3147,sub-S10151_ses-E23391_run-1_bp-chest_vp-pa_cr.png,-1,-1
3148,sub-S10153_ses-E17545_run-1_bp-chest_vp-ap_cr.png,-1,-1
3149,sub-S10154_ses-E17548_run-1_bp-chest_vp-pa_dx.png,-1,-1
3150,sub-S10158_ses-E19726_run-1_bp-chest_vp-ap_dx.png,-1,-1
3151,sub-S10158_ses-E20465_run-1_bp-chest_vp-ap_dx.png,-1,-1
3152,sub-S10158_ses-E23890_run-1_bp-chest_vp-pa_cr.png,-1,-1
3153,sub-S10158_ses-E25874_run-1_bp-chest_cr.png,-1,-1
3154,sub-S10160_ses-E25928_run-1_bp-chest_vp-pa_cr.png,-1,-1
3155,sub-S10161_ses-E26398_run-1_bp-chest_vp-pa_cr.png,-1,-1
3156,sub-S10162_ses-E23907_run-1_bp-chest_vp-pa_dx.png,-1,-1
3157,sub-S10164_ses-E25619_run-1_bp-chest_vp-pa_cr.png,-1,-1
3158,sub-S10165_ses-E25058_run-1_bp-chest_vp-pa_cr.png,-1,-1
3159,sub-S10169_ses-E17571_run-1_bp-chest_vp-ap_dx.png,-1,-1
3160,sub-S10170_ses-E19563_run-1_bp-chest_vp-ap_dx.png,-1,-1
3161,sub-S10170_ses-E19764_run-1_bp-chest_vp-ap_dx.png,-1,-1
3162,sub-S10170_ses-E23940_run-1_bp-chest_cr.png,-1,-1
3163,sub-S10170_ses-E24387_run-1_bp-chest_cr.png,-1,-1
3164,sub-S10171_ses-E18337_run-1_bp-chest_vp-pa_cr.png,-1,-1
3165,sub-S10171_ses-E19788_run-1_bp-chest_vp-pa_cr.png,-1,-1
3166,sub-S10172_ses-E20744_run-1_bp-chest_vp-ap_dx.png,-1,-1
3167,sub-S10172_ses-E24819_run-1_bp-chest_vp-ap_dx.png,-1,-1
3168,sub-S10172_ses-E25693_run-1_bp-chest_vp-ap_dx.png,-1,-1
3169,sub-S10172_ses-E26534_run-1_bp-chest_vp-ap_dx.png,-1,-1
3170,sub-S10174_ses-E19353_run-1_bp-chest_vp-ap_cr.png,-1,-1
3171,sub-S10174_ses-E19950_run-1_bp-chest_vp-ap_cr.png,-1,-1
3172,sub-S10174_ses-E21629_run-1_bp-chest_vp-ap_cr.png,-1,-1
3173,sub-S10174_ses-E22742_run-1_bp-chest_vp-ap_cr.png,-1,-1
3174,sub-S10174_ses-E22931_run-1_bp-chest_vp-ap_cr.png,-1,-1
3175,sub-S10176_ses-E17587_run-1_bp-chest_vp-pa_cr.png,-1,-1
3176,sub-S10177_ses-E19794_run-1_bp-chest_vp-ap_cr.png,-1,-1
3177,sub-S10177_ses-E21304_run-1_bp-chest_vp-ap_cr.png,-1,-1
3178,sub-S10180_ses-E19624_acq-1_run-1_bp-chest_vp-ap_cr.png,-1,-1
3179,sub-S10182_ses-E20607_run-1_bp-chest_vp-pa_dx.png,-1,-1
3180,sub-S10182_ses-E25152_run-1_bp-chest_vp-ap_dx.png,-1,-1
3181,sub-S10182_ses-E25354_run-1_bp-chest_vp-ap_dx.png,-1,-1
3182,sub-S10183_ses-E17888_acq-1_run-1_bp-chest_vp-pa_dx.png,-1,-1
3183,sub-S10185_ses-E18898_run-1_bp-chest_vp-pa_cr.png,-1,-1
3184,sub-S10186_ses-E17599_run-2_bp-chest_vp-pa_dx.png,-1,-1
3185,sub-S10186_ses-E26050_run-1_bp-chest_vp-pa_cr.png,-1,-1
3186,sub-S10188_ses-E25170_run-1_bp-chest_vp-pa_dx.png,-1,-1
3187,sub-S10188_ses-E26080_run-1_bp-chest_vp-ap_dx.png,-1,-1
3188,sub-S10196_ses-E18431_run-1_bp-chest_vp-pa_cr.png,-1,-1
3189,sub-S10196_ses-E24099_run-1_bp-chest_vp-ap_cr.png,-1,-1
3190,sub-S10196_ses-E24296_run-1_bp-chest_vp-ap_cr.png,-1,-1
3191,sub-S10196_ses-E26224_run-1_bp-chest_vp-ap_cr.png,-1,-1
3192,sub-S10196_ses-E26225_run-1_bp-chest_vp-ap_cr.png,-1,-1
3193,sub-S10197_ses-E17622_run-1_bp-chest_vp-ap_cr.png,-1,-1
3194,sub-S10198_ses-E20030_run-1_bp-chest_vp-pa_cr.png,-1,-1
3195,sub-S10198_ses-E25246_run-1_bp-chest_vp-pa_cr.png,-1,-1
3196,sub-S10201_ses-E18214_run-1_bp-chest_vp-ap_dx.png,-1,-1
3197,sub-S10201_ses-E18499_run-1_bp-chest_vp-pa_dx.png,-1,-1
3198,sub-S10201_ses-E18767_run-1_bp-chest_vp-ap_dx.png,-1,-1
3199,sub-S10201_ses-E25257_run-1_bp-chest_vp-pa_dx.png,-1,-1
3200,sub-S10204_ses-E17637_run-1_bp-chest_vp-ap_dx.png,-1,-1
3201,sub-S10204_ses-E17772_run-1_bp-chest_vp-ap_dx.png,-1,-1
3202,sub-S10205_ses-E18796_run-1_bp-chest_vp-ap_cr.png,-1,-1
3203,sub-S10205_ses-E21020_acq-1_run-1_bp-chest_vp-ll_dx.png,-1,-1
3204,sub-S10208_ses-E17645_run-2_bp-chest_dx.png,-1,-1
3205,sub-S10209_ses-E17647_run-1_bp-chest_vp-pa_cr.png,-1,-1
3206,sub-S10209_ses-E19056_run-1_bp-chest_vp-ap_dx.png,-1,-1
3207,sub-S10209_ses-E20553_run-1_bp-chest_vp-ap_dx.png,-1,-1
3208,sub-S10209_ses-E22713_run-1_bp-chest_vp-ap_dx.png,-1,-1
3209,sub-S10209_ses-E24402_run-1_bp-chest_vp-pa_dx.png,-1,-1
3210,sub-S10213_ses-E17658_run-1_bp-chest_vp-pa_cr.png,-1,-1
3211,sub-S10213_ses-E18864_run-1_bp-chest_vp-ap_dx.png,-1,-1
3212,sub-S10214_ses-E17659_run-1_bp-chest_vp-pa_cr.png,-1,-1
3213,sub-S10214_ses-E18561_run-1_bp-chest_vp-pa_cr.png,-1,-1
3214,sub-S10214_ses-E22525_run-1_bp-chest_vp-ap_cr.png,-1,-1
3215,sub-S10215_ses-E26452_run-1_bp-chest_vp-pa_dx.png,-1,-1
3216,sub-S10216_ses-E18872_run-1_bp-chest_vp-ap_dx.png,-1,-1
3217,sub-S10216_ses-E19084_run-1_bp-chest_vp-ap_dx.png,-1,-1
3218,sub-S10216_ses-E19591_run-1_bp-chest_vp-ap_dx.png,-1,-1
3219,sub-S10216_ses-E20572_run-1_bp-chest_vp-ap_dx.png,-1,-1
3220,sub-S10216_ses-E22530_run-1_bp-chest_vp-ap_dx.png,-1,-1
3221,sub-S10216_ses-E24800_run-1_bp-chest_vp-pa_dx.png,-1,-1
3222,sub-S10216_ses-E24923_run-1_bp-chest_vp-pa_dx.png,-1,-1
3223,sub-S10216_ses-E26007_run-1_bp-chest_vp-pa_dx.png,-1,-1
3224,sub-S10217_ses-E19621_run-1_bp-chest_vp-ap_dx.png,-1,-1
3225,sub-S10217_ses-E19958_run-1_bp-chest_vp-pa_dx.png,-1,-1
3226,sub-S10217_ses-E24661_run-1_bp-chest_vp-ap_dx.png,-1,-1
3227,sub-S10220_ses-E17670_run-1_bp-chest_vp-pa_cr.png,-1,-1
3228,sub-S10222_ses-E24066_run-1_bp-chest_vp-pa_cr.png,-1,-1
3229,sub-S10223_ses-E19139_run-1_bp-chest_vp-ap_dx.png,-1,-1
3230,sub-S10223_ses-E22613_run-1_bp-chest_vp-ap_dx.png,-1,-1
3231,sub-S10225_ses-E17687_run-1_bp-chest_vp-ap_cr.png,-1,-1
3232,sub-S10228_ses-E17694_run-1_bp-chest_vp-ap_dx.png,-1,-1
3233,sub-S10228_ses-E18349_run-1_bp-chest_vp-ap_dx.png,-1,-1
3234,sub-S10228_ses-E25699_run-1_bp-chest_vp-pa_dx.png,-1,-1
3235,sub-S10230_ses-E17696_run-1_bp-chest_vp-ap_dx.png,-1,-1
3236,sub-S10231_ses-E17697_run-1_bp-chest_vp-ap_dx.png,-1,-1
3237,sub-S10232_ses-E22369_run-1_bp-chest_vp-ap_dx.png,-1,-1
3238,sub-S10232_ses-E25865_run-1_bp-chest_vp-pa_dx.png,-1,-1
3239,sub-S10233_ses-E17702_acq-1_run-1_bp-chest_vp-pa_dx.png,-1,-1
3240,sub-S10233_ses-E25252_acq-1_run-1_bp-chest_vp-pa_dx.png,-1,-1
3241,sub-S10233_ses-E26559_run-1_bp-chest_vp-ap_cr.png,-1,-1
3242,sub-S10235_ses-E17704_run-1_bp-chest_vp-pa_dx.png,-1,-1
3243,sub-S10235_ses-E25543_run-1_bp-chest_vp-pa_dx.png,-1,-1
3244,sub-S10236_ses-E25024_run-1_bp-chest_vp-ap_dx.png,-1,-1
3245,sub-S10236_ses-E25269_run-1_bp-chest_vp-pa_dx.png,-1,-1
3246,sub-S10236_ses-E25881_run-1_bp-chest_vp-ap_dx.png,-1,-1
3247,sub-S10237_ses-E17708_run-1_bp-chest_vp-ap_cr.png,-1,-1
3248,sub-S10239_ses-E19287_run-1_bp-chest_vp-pa_dx.png,-1,-1
3249,sub-S10241_ses-E19897_run-1_bp-chest_vp-ap_dx.png,-1,-1
3250,sub-S10241_ses-E24601_run-1_bp-chest_vp-pa_dx.png,-1,-1
3251,sub-S10242_ses-E25074_run-1_bp-chest_vp-pa_dx.png,-1,-1
3252,sub-S10247_ses-E23512_run-1_bp-chest_cr.png,-1,-1
3253,sub-S10247_ses-E24419_run-1_bp-chest_vp-pa_cr.png,-1,-1
3254,sub-S10247_ses-E25666_run-1_bp-chest_vp-ap_dx.png,-1,-1
3255,sub-S10249_ses-E17734_run-1_bp-chest_vp-pa_cr.png,-1,-1
3256,sub-S10251_ses-E17953_run-1_bp-chest_cr.png,-1,-1
3257,sub-S10252_ses-E24086_run-1_bp-chest_vp-pa_dx.png,-1,-1
3258,sub-S10253_ses-E17741_run-1_bp-chest_vp-pa_dx.png,-1,-1
3259,sub-S10253_ses-E24682_run-1_bp-chest_vp-pa_dx.png,-1,-1
3260,sub-S10256_ses-E17744_run-1_bp-chest_dx.png,-1,-1
3261,sub-S10256_ses-E19116_run-2_bp-chest_vp-ap_dx.png,-1,-1
3262,sub-S10256_ses-E20000_run-1_bp-chest_vp-ap_dx.png,-1,-1
3263,sub-S10256_ses-E21659_run-1_bp-chest_vp-ap_dx.png,-1,-1
3264,sub-S10256_ses-E21999_run-1_bp-chest_vp-ap_dx.png,-1,-1
3265,sub-S10256_ses-E23290_run-1_bp-chest_vp-ap_dx.png,-1,-1
3266,sub-S10256_ses-E23750_run-1_bp-chest_vp-ap_dx.png,-1,-1
3267,sub-S10256_ses-E23751_run-1_bp-chest_dx.png,-1,-1
3268,sub-S10256_ses-E25761_run-1_bp-chest_vp-ap_dx.png,-1,-1
3269,sub-S10256_ses-E26608_run-2_bp-chest_dx.png,-1,-1
3270,sub-S10256_ses-E26728_run-1_bp-chest_dx.png,-1,-1
3271,sub-S10259_ses-E20432_run-1_bp-chest_vp-ap_dx.png,-1,-1
3272,sub-S10259_ses-E20969_run-1_bp-chest_vp-ap_dx.png,-1,-1
3273,sub-S10264_ses-E24897_run-1_bp-chest_vp-pa_dx.png,-1,-1
3274,sub-S10267_ses-E24747_run-1_bp-chest_vp-pa_dx.png,-1,-1
3275,sub-S10268_ses-E17764_run-1_bp-chest_vp-pa_dx.png,-1,-1
3276,sub-S10268_ses-E18218_run-1_bp-chest_vp-pa_dx.png,-1,-1
3277,sub-S10268_ses-E19874_run-1_bp-chest_vp-ap_dx.png,-1,-1
3278,sub-S10269_ses-E17765_run-1_bp-chest_vp-ap_cr.png,-1,-1
3279,sub-S10269_ses-E18770_run-1_bp-chest_vp-ap_cr.png,-1,-1
3280,sub-S10269_ses-E19158_run-1_bp-chest_vp-ap_cr.png,-1,-1
3281,sub-S10269_ses-E21544_run-1_bp-chest_vp-ap_cr.png,-1,-1
3282,sub-S10270_ses-E17768_run-1_bp-chest_dx.png,-1,-1
3283,sub-S10271_ses-E20978_run-1_bp-chest_vp-ap_cr.png,-1,-1
3284,sub-S10271_ses-E25858_run-1_bp-chest_vp-pa_cr.png,-1,-1
3285,sub-S10274_ses-E17780_run-1_bp-chest_vp-pa_dx.png,-1,-1
3286,sub-S10274_ses-E18288_run-1_bp-chest_vp-ap_dx.png,-1,-1
3287,sub-S10274_ses-E23927_run-1_bp-chest_vp-ap_cr.png,-1,-1
3288,sub-S10274_ses-E24382_run-1_bp-chest_vp-pa_dx.png,-1,-1
3289,sub-S10274_ses-E25641_run-1_bp-chest_vp-ap_dx.png,-1,-1
3290,sub-S10275_ses-E17783_run-1_bp-chest_vp-pa_dx.png,-1,-1
3291,sub-S10275_ses-E20549_run-1_bp-chest_vp-ap_cr.png,-1,-1
3292,sub-S10275_ses-E21261_run-1_bp-chest_vp-ap_cr.png,-1,-1
3293,sub-S10275_ses-E23236_run-1_bp-chest_vp-ap_cr.png,-1,-1
3294,sub-S10275_ses-E24394_run-1_bp-chest_vp-ap_cr.png,-1,-1
3295,sub-S10275_ses-E24797_run-1_bp-chest_vp-pa_cr.png,-1,-1
3296,sub-S10275_ses-E26406_run-1_bp-chest_vp-ap_cr.png,-1,-1
3297,sub-S10276_ses-E19599_run-1_bp-chest_vp-ap_dx.png,-1,-1
3298,sub-S10276_ses-E20564_run-1_bp-chest_vp-ap_dx.png,-1,-1
3299,sub-S10277_ses-E17785_acq-1_run-1_bp-chest_vp-ll_dx.png,-1,-1
3300,sub-S10277_ses-E19778_acq-1_run-1_bp-chest_vp-ll_dx.png,-1,-1
3301,sub-S10279_ses-E17793_run-1_bp-chest_vp-pa_dx.png,-1,-1
3302,sub-S10279_ses-E18693_run-1_bp-chest_vp-ap_dx.png,-1,-1
3303,sub-S10279_ses-E20912_run-1_bp-chest_vp-ap_dx.png,-1,-1
3304,sub-S10279_ses-E22731_run-1_bp-chest_vp-ap_dx.png,-1,-1
3305,sub-S10279_ses-E23247_run-1_bp-chest_vp-pa_dx.png,-1,-1
3306,sub-S10279_ses-E24152_run-1_bp-chest_vp-pa_dx.png,-1,-1
3307,sub-S10281_ses-E17796_run-1_bp-chest_vp-ap_cr.png,-1,-1
3308,sub-S10281_ses-E21798_run-1_bp-chest_vp-ap_dx.png,-1,-1
3309,sub-S10281_ses-E25508_run-1_bp-chest_vp-pa_dx.png,-1,-1
3310,sub-S10282_ses-E20388_run-1_bp-chest_vp-pa_cr.png,-1,-1
3311,sub-S10285_ses-E17804_run-1_bp-chest_vp-ap_cr.png,-1,-1
3312,sub-S10286_ses-E17805_run-1_bp-chest_dx.png,-1,-1
3313,sub-S10286_ses-E23649_run-1_bp-chest_vp-ap_dx.png,-1,-1
3314,sub-S10286_ses-E24071_run-1_bp-chest_vp-ap_dx.png,-1,-1
3315,sub-S10286_ses-E25531_run-1_bp-chest_vp-ap_dx.png,-1,-1
3316,sub-S10287_ses-E24492_run-1_bp-chest_vp-pa_dx.png,-1,-1
3317,sub-S10288_ses-E20676_acq-1_run-1_bp-chest_vp-pa_cr.png,-1,-1
3318,sub-S10291_ses-E17813_run-1_bp-chest_vp-ap_cr.png,-1,-1
3319,sub-S10293_ses-E20707_run-1_bp-chest_vp-ap_dx.png,-1,-1
3320,sub-S10293_ses-E21511_run-1_bp-chest_vp-ap_dx.png,-1,-1
3321,sub-S10293_ses-E22185_run-1_bp-chest_vp-pa_dx.png,-1,-1
3322,sub-S10293_ses-E24860_run-1_bp-chest_vp-ap_dx.png,-1,-1
3323,sub-S10293_ses-E25795_run-1_bp-chest_vp-ap_dx.png,-1,-1
3324,sub-S10294_ses-E17817_run-1_bp-chest_vp-pa_cr.png,-1,-1
3325,sub-S10294_ses-E26234_run-1_bp-chest_vp-ap_cr.png,-1,-1
3326,sub-S10295_ses-E19715_run-1_bp-chest_vp-ap_dx.png,-1,-1
3327,sub-S10295_ses-E25857_run-1_bp-chest_cr.png,-1,-1
3328,sub-S10298_ses-E17824_run-1_bp-chest_vp-pa_cr.png,-1,-1
3329,sub-S10298_ses-E23850_run-1_bp-chest_vp-ap_cr.png,-1,-1
3330,sub-S10298_ses-E25433_run-1_bp-chest_vp-ap_cr.png,-1,-1
3331,sub-S10298_ses-E25850_run-1_bp-chest_vp-pa_cr.png,-1,-1
3332,sub-S10298_ses-E26329_run-1_bp-chest_vp-pa_cr.png,-1,-1
3333,sub-S10300_ses-E17830_run-1_bp-chest_cr.png,-1,-1
3334,sub-S10300_ses-E18248_run-1_bp-chest_vp-ap_dx.png,-1,-1
3335,sub-S10300_ses-E18795_run-1_bp-chest_vp-ap_dx.png,-1,-1
3336,sub-S10300_ses-E19024_run-1_bp-chest_vp-ap_dx.png,-1,-1
3337,sub-S10300_ses-E19738_run-1_bp-chest_vp-ap_dx.png,-1,-1
3338,sub-S10300_ses-E20325_run-1_bp-chest_vp-ap_dx.png,-1,-1
3339,sub-S10300_ses-E20868_run-1_bp-chest_vp-ap_dx.png,-1,-1
3340,sub-S10300_ses-E21019_acq-2_run-1_bp-chest_vp-ap_dx.png,-1,-1
3341,sub-S10300_ses-E21571_run-1_bp-chest_vp-ap_dx.png,-1,-1
3342,sub-S10300_ses-E25915_run-1_bp-chest_vp-pa_cr.png,-1,-1
3343,sub-S10301_ses-E17831_run-1_bp-chest_vp-ap_dx.png,-1,-1
3344,sub-S10301_ses-E18519_run-1_bp-chest_vp-ap_dx.png,-1,-1
3345,sub-S10302_ses-E17832_run-1_bp-chest_vp-ap_cr.png,-1,-1
3346,sub-S10304_ses-E19271_run-1_bp-chest_vp-ap_dx.png,-1,-1
3347,sub-S10304_ses-E19896_run-1_bp-chest_vp-ap_dx.png,-1,-1
3348,sub-S10304_ses-E20513_run-1_bp-chest_vp-ap_dx.png,-1,-1
3349,sub-S10304_ses-E24604_run-1_bp-chest_vp-ap_dx.png,-1,-1
3350,sub-S10304_ses-E25599_run-1_bp-chest_vp-pa_cr.png,-1,-1
3351,sub-S10305_ses-E17836_acq-1_run-1_bp-chest_vp-ll_cr.png,-1,-1
3352,sub-S10305_ses-E25620_acq-1_run-1_bp-chest_vp-ll_cr.png,-1,-1
3353,sub-S10306_ses-E24372_run-1_bp-chest_vp-ap_cr.png,-1,-1
3354,sub-S10307_ses-E17843_run-1_bp-chest_vp-pa_cr.png,-1,-1
3355,sub-S10307_ses-E18263_run-1_bp-chest_vp-ap_cr.png,-1,-1
3356,sub-S10307_ses-E18664_run-1_bp-chest_vp-ap_cr.png,-1,-1
3357,sub-S10307_ses-E19536_run-1_bp-chest_vp-ap_cr.png,-1,-1
3358,sub-S10307_ses-E19754_run-1_bp-chest_vp-ap_cr.png,-1,-1
3359,sub-S10307_ses-E20094_run-1_bp-chest_vp-ap_cr.png,-1,-1
3360,sub-S10307_ses-E20242_run-1_bp-chest_vp-ap_cr.png,-1,-1
3361,sub-S10307_ses-E21877_run-1_bp-chest_vp-ap_cr.png,-1,-1
3362,sub-S10307_ses-E22252_run-1_bp-chest_vp-ap_cr.png,-1,-1
3363,sub-S10307_ses-E22457_run-1_bp-chest_vp-ap_cr.png,-1,-1
3364,sub-S10307_ses-E23469_run-1_bp-chest_vp-ap_cr.png,-1,-1
3365,sub-S10307_ses-E24225_run-1_bp-chest_vp-ap_cr.png,-1,-1
3366,sub-S10307_ses-E25479_run-1_bp-chest_vp-ap_cr.png,-1,-1
3367,sub-S10309_ses-E19284_run-1_bp-chest_vp-ap_dx.png,-1,-1
3368,sub-S10309_ses-E23918_run-1_bp-chest_vp-ap_dx.png,-1,-1
3369,sub-S10309_ses-E24617_run-1_bp-chest_vp-ap_dx.png,-1,-1
3370,sub-S10309_ses-E25930_run-1_bp-chest_vp-ap_dx.png,-1,-1
3371,sub-S10309_ses-E26392_run-1_bp-chest_vp-ap_dx.png,-1,-1
3372,sub-S10310_ses-E17851_run-1_bp-chest_vp-pa_cr.png,-1,-1
3373,sub-S10310_ses-E18298_acq-2_run-1_bp-chest_vp-ap_dx.png,-1,-1
3374,sub-S10310_ses-E21262_run-1_bp-chest_dx.png,-1,-1
3375,sub-S10310_ses-E22495_run-1_bp-chest_vp-ap_dx.png,-1,-1
3376,sub-S10310_ses-E24619_run-1_bp-chest_cr.png,-1,-1
3377,sub-S10310_ses-E25962_run-1_bp-chest_vp-ap_dx.png,-1,-1
3378,sub-S10311_ses-E18299_run-1_bp-chest_vp-ap_cr.png,-1,-1
3379,sub-S10312_ses-E19566_acq-2_run-1_bp-chest_vp-ap_dx.png,-1,-1
3380,sub-S10312_ses-E20554_run-1_bp-chest_vp-ap_dx.png,-1,-1
3381,sub-S10312_ses-E23493_run-1_bp-chest_vp-ap_dx.png,-1,-1
3382,sub-S10312_ses-E24657_run-1_bp-chest_vp-pa_cr.png,-1,-1
3383,sub-S10313_ses-E24401_run-1_bp-chest_vp-pa_cr.png,-1,-1
3384,sub-S10313_ses-E25652_run-1_bp-chest_vp-pa_cr.png,-1,-1
3385,sub-S10314_ses-E17858_acq-1_run-1_bp-chest_vp-pa_dx.png,-1,-1
3386,sub-S10314_ses-E23730_run-1_bp-chest_vp-ap_cr.png,-1,-1
3387,sub-S10314_ses-E26532_acq-1_run-1_bp-chest_vp-ll_dx.png,-1,-1
3388,sub-S10316_ses-E17862_run-1_bp-chest_vp-pa_cr.png,-1,-1
3389,sub-S10317_ses-E17863_acq-1_run-1_bp-chest_vp-pa_cr.png,-1,-1
3390,sub-S10317_ses-E20901_acq-1_run-1_bp-chest_vp-pa_dx.png,-1,-1
3391,sub-S10318_ses-E21066_run-1_bp-chest_vp-ap_dx.png,-1,-1
3392,sub-S10319_ses-E17867_run-1_bp-chest_vp-pa_cr.png,-1,-1
3393,sub-S10319_ses-E18682_run-1_bp-chest_vp-ap_cr.png,-1,-1
3394,sub-S10319_ses-E19597_run-1_bp-chest_vp-ap_dx.png,-1,-1
3395,sub-S10319_ses-E19928_run-1_bp-chest_vp-pa_cr.png,-1,-1
3396,sub-S10319_ses-E24632_run-1_bp-chest_vp-pa_cr.png,-1,-1
3397,sub-S10319_ses-E24633_run-1_bp-chest_vp-ap_dx.png,-1,-1
3398,sub-S10322_ses-E19791_acq-2_run-1_bp-chest_vp-ap_dx.png,-1,-1
3399,sub-S10322_ses-E20584_run-1_bp-chest_vp-pa_dx.png,-1,-1
3400,sub-S10322_ses-E21292_run-1_bp-chest_vp-ap_dx.png,-1,-1
3401,sub-S10323_ses-E17877_run-1_bp-chest_vp-pa_dx.png,-1,-1
3402,sub-S10324_ses-E17879_run-1_bp-chest_vp-pa_cr.png,-1,-1
3403,sub-S10324_ses-E19367_run-1_bp-chest_cr.png,-1,-1
3404,sub-S10324_ses-E20610_run-1_bp-chest_vp-ap_dx.png,-1,-1
3405,sub-S10324_ses-E21783_run-1_bp-chest_vp-ap_dx.png,-1,-1
3406,sub-S10324_ses-E23564_run-1_bp-chest_vp-ap_dx.png,-1,-1
3407,sub-S10324_ses-E25145_run-1_bp-chest_vp-pa_cr.png,-1,-1
3408,sub-S10327_ses-E18373_run-1_bp-chest_vp-pa_cr.png,-1,-1
3409,sub-S10327_ses-E26469_run-1_bp-chest_vp-ap_cr.png,-1,-1
3410,sub-S10328_ses-E17885_run-1_bp-chest_vp-pa_cr.png,-1,-1
3411,sub-S10328_ses-E18371_run-1_bp-chest_vp-ap_dx.png,-1,-1
3412,sub-S10328_ses-E21317_run-1_bp-chest_vp-ap_dx.png,-1,-1
3413,sub-S10328_ses-E23594_run-1_bp-chest_vp-pa_cr.png,-1,-1
3414,sub-S10329_ses-E24038_run-1_bp-chest_vp-pa_cr.png,-1,-1
3415,sub-S10329_ses-E26059_run-1_bp-chest_vp-pa_cr.png,-1,-1
3416,sub-S10330_ses-E18374_run-1_bp-chest_vp-ap_cr.png,-1,-1
3417,sub-S10330_ses-E22562_run-1_bp-chest_vp-ap_cr.png,-1,-1
3418,sub-S10330_ses-E25735_run-1_bp-chest_vp-pa_cr.png,-1,-1
3419,sub-S10330_ses-E26055_run-1_bp-chest_vp-ap_cr.png,-1,-1
3420,sub-S10331_ses-E17893_run-1_bp-chest_vp-ap_cr.png,-1,-1
3421,sub-S10334_ses-E17896_run-1_bp-chest_vp-ap_dx.png,-1,-1
3422,sub-S10335_ses-E17897_run-1_bp-chest_vp-ap_dx.png,-1,-1
3423,sub-S10338_ses-E17901_run-1_bp-chest_vp-pa_cr.png,-1,-1
3424,sub-S10338_ses-E19395_run-1_bp-chest_cr.png,-1,-1
3425,sub-S10338_ses-E19822_run-1_bp-chest_vp-ap_dx.png,-1,-1
3426,sub-S10338_ses-E23604_run-1_bp-chest_vp-ap_dx.png,-1,-1
3427,sub-S10338_ses-E24059_run-1_bp-chest_vp-ap_dx.png,-1,-1
3428,sub-S10338_ses-E25173_run-1_bp-chest_vp-ap_dx.png,-1,-1
3429,sub-S10340_ses-E18436_run-1_bp-chest_vp-pa_cr.png,-1,-1
3430,sub-S10340_ses-E21157_run-1_bp-chest_vp-pa_cr.png,-1,-1
3431,sub-S10341_ses-E17907_run-1_bp-chest_vp-pa_cr.png,-1,-1
3432,sub-S10343_ses-E19672_run-1_bp-chest_vp-ap_dx.png,-1,-1
3433,sub-S10346_ses-E17917_run-1_bp-chest_vp-ap_cr.png,-1,-1
3434,sub-S10348_ses-E17920_run-1_bp-chest_vp-ap_cr.png,-1,-1
3435,sub-S10349_ses-E17921_run-1_bp-chest_cr.png,-1,-1
3436,sub-S10349_ses-E20420_run-1_bp-chest_vp-ap_dx.png,-1,-1
3437,sub-S10351_ses-E24286_run-1_bp-chest_vp-pa_cr.png,-1,-1
3438,sub-S10353_ses-E17931_run-1_bp-chest_vp-pa_cr.png,-1,-1
3439,sub-S10355_ses-E17939_run-1_bp-chest_vp-pa_cr.png,-1,-1
3440,sub-S10357_ses-E17954_run-1_bp-chest_vp-pa_cr.png,-1,-1
3441,sub-S10357_ses-E18757_run-1_bp-chest_vp-ap_dx.png,-1,-1
3442,sub-S10357_ses-E19002_run-1_bp-chest_vp-ap_dx.png,-1,-1
3443,sub-S10357_ses-E19226_run-1_bp-chest_vp-ap_dx.png,-1,-1
3444,sub-S10357_ses-E19712_run-1_bp-chest_cr.png,-1,-1
3445,sub-S10357_ses-E21197_run-1_bp-chest_vp-ap_dx.png,-1,-1
3446,sub-S10357_ses-E21399_run-1_bp-chest_vp-ap_dx.png,-1,-1
3447,sub-S10357_ses-E21715_run-1_bp-chest_vp-ap_dx.png,-1,-1
3448,sub-S10357_ses-E22666_run-1_bp-chest_vp-ap_dx.png,-1,-1
3449,sub-S10357_ses-E23161_run-1_bp-chest_vp-ap_dx.png,-1,-1
3450,sub-S10357_ses-E23392_run-1_bp-chest_vp-ap_dx.png,-1,-1
3451,sub-S10357_ses-E24566_run-1_bp-chest_vp-ap_dx.png,-1,-1
3452,sub-S10357_ses-E25563_run-1_bp-chest_vp-ap_dx.png,-1,-1
3453,sub-S10357_ses-E25847_run-1_bp-chest_vp-ap_dx.png,-1,-1
3454,sub-S10357_ses-E26342_run-1_bp-chest_vp-ap_dx.png,-1,-1
3455,sub-S10358_ses-E21169_run-1_bp-chest_vp-ap_dx.png,-1,-1
3456,sub-S10358_ses-E23671_run-1_bp-chest_vp-ap_dx.png,-1,-1
3457,sub-S10358_ses-E24515_acq-1_run-1_bp-chest_vp-pa_dx.png,-1,-1
3458,sub-S10359_ses-E17958_run-1_bp-chest_vp-ap_dx.png,-1,-1
3459,sub-S10361_ses-E17961_run-1_bp-chest_vp-pa_dx.png,-1,-1
3460,sub-S10361_ses-E23845_run-1_bp-chest_vp-ap_dx.png,-1,-1
3461,sub-S10361_ses-E25435_run-1_bp-chest_vp-pa_dx.png,-1,-1
3462,sub-S10361_ses-E25541_run-1_bp-chest_vp-ap_dx.png,-1,-1
3463,sub-S10362_ses-E21201_run-1_bp-chest_vp-ap_dx.png,-1,-1
3464,sub-S10363_ses-E17963_run-1_bp-chest_vp-ap_cr.png,-1,-1
3465,sub-S10364_ses-E17964_run-1_bp-chest_vp-pa_dx.png,-1,-1
3466,sub-S10364_ses-E22362_run-1_bp-chest_vp-ap_dx.png,-1,-1
3467,sub-S10364_ses-E24298_run-1_bp-chest_vp-pa_dx.png,-1,-1
3468,sub-S10364_ses-E25831_run-1_bp-chest_vp-ap_dx.png,-1,-1
3469,sub-S10365_ses-E17965_run-1_bp-chest_vp-pa_dx.png,-1,-1
3470,sub-S10369_ses-E26246_run-1_bp-chest_vp-pa_dx.png,-1,-1
3471,sub-S10372_ses-E17975_run-1_bp-chest_vp-ap_dx.png,-1,-1
3472,sub-S10372_ses-E18251_run-1_bp-chest_vp-ap_cr.png,-1,-1
3473,sub-S10373_ses-E17976_run-1_bp-chest_vp-pa_cr.png,-1,-1
3474,sub-S10373_ses-E18245_run-1_bp-chest_vp-ap_dx.png,-1,-1
3475,sub-S10373_ses-E19037_run-1_bp-chest_vp-ap_dx.png,-1,-1
3476,sub-S10373_ses-E19268_run-1_bp-chest_vp-ap_dx.png,-1,-1
3477,sub-S10373_ses-E19510_run-1_bp-chest_vp-ap_dx.png,-1,-1
3478,sub-S10373_ses-E19740_run-1_bp-chest_vp-ap_dx.png,-1,-1
3479,sub-S10373_ses-E19887_run-1_bp-chest_vp-ap_dx.png,-1,-1
3480,sub-S10373_ses-E20504_run-1_bp-chest_vp-ap_dx.png,-1,-1
3481,sub-S10373_ses-E21028_run-1_bp-chest_vp-ap_dx.png,-1,-1
3482,sub-S10373_ses-E21253_run-1_bp-chest_vp-ap_dx.png,-1,-1
3483,sub-S10373_ses-E21413_run-1_bp-chest_vp-ap_dx.png,-1,-1
3484,sub-S10373_ses-E21737_run-1_bp-chest_vp-ap_dx.png,-1,-1
3485,sub-S10373_ses-E22429_run-1_bp-chest_vp-ap_dx.png,-1,-1
3486,sub-S10373_ses-E23448_run-1_bp-chest_cr.png,-1,-1
3487,sub-S10373_ses-E24217_run-1_bp-chest_cr.png,-1,-1
3488,sub-S10373_ses-E24605_run-1_bp-chest_vp-ap_dx.png,-1,-1
3489,sub-S10373_ses-E25603_run-1_bp-chest_cr.png,-1,-1
3490,sub-S10373_ses-E26360_run-1_bp-chest_cr.png,-1,-1
3491,sub-S10374_ses-E17977_run-1_bp-chest_vp-pa_cr.png,-1,-1
3492,sub-S10374_ses-E18256_run-1_bp-chest_vp-ap_dx.png,-1,-1
3493,sub-S10374_ses-E18812_run-1_bp-chest_vp-ap_dx.png,-1,-1
3494,sub-S10374_ses-E19032_run-1_bp-chest_vp-ap_dx.png,-1,-1
3495,sub-S10374_ses-E19276_run-1_bp-chest_vp-ap_dx.png,-1,-1
3496,sub-S10374_ses-E19544_run-1_bp-chest_vp-ap_dx.png,-1,-1
3497,sub-S10374_ses-E19903_run-1_bp-chest_vp-ap_dx.png,-1,-1
3498,sub-S10374_ses-E20091_run-1_bp-chest_vp-ap_dx.png,-1,-1
3499,sub-S10374_ses-E21026_run-1_bp-chest_vp-ap_dx.png,-1,-1
3500,sub-S10374_ses-E21244_run-1_bp-chest_vp-ap_dx.png,-1,-1
3501,sub-S10374_ses-E21423_run-1_bp-chest_vp-ap_dx.png,-1,-1
3502,sub-S10374_ses-E21739_run-1_bp-chest_vp-ap_dx.png,-1,-1
3503,sub-S10374_ses-E22436_run-1_bp-chest_vp-ap_dx.png,-1,-1
3504,sub-S10374_ses-E23203_run-1_bp-chest_vp-ap_dx.png,-1,-1
3505,sub-S10374_ses-E23466_run-1_bp-chest_vp-pa_cr.png,-1,-1
3506,sub-S10374_ses-E23467_run-1_bp-chest_vp-ap_dx.png,-1,-1
3507,sub-S10375_ses-E19034_run-1_bp-chest_cr.png,-1,-1
3508,sub-S10375_ses-E19530_run-1_bp-chest_cr.png,-1,-1
3509,sub-S10375_ses-E19531_run-1_bp-chest_cr.png,-1,-1
3510,sub-S10375_ses-E19743_run-1_bp-chest_cr.png,-1,-1
3511,sub-S10375_ses-E19907_run-1_bp-chest_cr.png,-1,-1
3512,sub-S10375_ses-E20089_run-1_bp-chest_cr.png,-1,-1
3513,sub-S10375_ses-E21574_run-1_bp-chest_vp-ap_dx.png,-1,-1
3514,sub-S10375_ses-E22695_run-1_bp-chest_vp-ap_dx.png,-1,-1
3515,sub-S10375_ses-E25063_run-1_bp-chest_vp-ap_dx.png,-1,-1
3516,sub-S10376_ses-E17980_run-1_bp-chest_vp-pa_dx.png,-1,-1
3517,sub-S10376_ses-E19282_run-1_bp-chest_vp-pa_dx.png,-1,-1
3518,sub-S10377_ses-E17985_run-1_bp-chest_vp-pa_cr.png,-1,-1
3519,sub-S10377_ses-E19577_run-1_bp-chest_vp-pa_cr.png,-1,-1
3520,sub-S10378_ses-E17988_run-1_bp-chest_vp-ap_dx.png,-1,-1
3521,sub-S10378_ses-E24408_run-1_bp-chest_vp-pa_cr.png,-1,-1
3522,sub-S10378_ses-E25091_run-1_bp-chest_vp-ap_dx.png,-1,-1
3523,sub-S10378_ses-E26432_run-1_bp-chest_vp-ap_dx.png,-1,-1
3524,sub-S10379_ses-E17989_run-1_bp-chest_vp-pa_cr.png,-1,-1
3525,sub-S10379_ses-E18318_run-1_bp-chest_vp-ap_dx.png,-1,-1
3526,sub-S10379_ses-E19087_run-1_bp-chest_vp-ap_dx.png,-1,-1
3527,sub-S10379_ses-E19337_run-1_bp-chest_vp-ap_dx.png,-1,-1
3528,sub-S10379_ses-E19596_run-1_bp-chest_vp-ap_dx.png,-1,-1
3529,sub-S10379_ses-E19774_run-1_bp-chest_vp-ap_dx.png,-1,-1
3530,sub-S10379_ses-E19933_run-1_bp-chest_vp-ap_dx.png,-1,-1
3531,sub-S10379_ses-E20150_run-1_bp-chest_vp-ap_dx.png,-1,-1
3532,sub-S10379_ses-E20561_run-1_bp-chest_vp-ap_dx.png,-1,-1
3533,sub-S10379_ses-E21064_run-1_bp-chest_vp-ap_dx.png,-1,-1
3534,sub-S10379_ses-E21295_run-1_bp-chest_vp-ap_dx.png,-1,-1
3535,sub-S10379_ses-E21782_run-1_bp-chest_vp-ap_dx.png,-1,-1
3536,sub-S10379_ses-E22515_run-1_bp-chest_dx.png,-1,-1
3537,sub-S10379_ses-E23526_run-1_bp-chest_vp-ap_dx.png,-1,-1
3538,sub-S10379_ses-E24417_run-1_bp-chest_vp-ap_dx.png,-1,-1
3539,sub-S10379_ses-E25109_run-1_bp-chest_vp-ap_dx.png,-1,-1
3540,sub-S10380_ses-E23530_run-1_bp-chest_vp-ap_dx.png,-1,-1
3541,sub-S10382_ses-E19590_run-1_bp-chest_vp-ap_dx.png,-1,-1
3542,sub-S10382_ses-E19771_run-1_bp-chest_vp-ap_dx.png,-1,-1
3543,sub-S10382_ses-E20155_run-1_bp-chest_vp-ap_dx.png,-1,-1
3544,sub-S10382_ses-E21061_run-1_bp-chest_vp-ap_dx.png,-1,-1
3545,sub-S10382_ses-E21458_run-1_bp-chest_vp-ap_dx.png,-1,-1
3546,sub-S10382_ses-E21615_run-1_bp-chest_vp-ap_dx.png,-1,-1
3547,sub-S10382_ses-E23262_run-1_bp-chest_vp-ap_dx.png,-1,-1
3548,sub-S10382_ses-E23533_run-1_bp-chest_vp-ap_dx.png,-1,-1
3549,sub-S10382_ses-E25323_run-1_bp-chest_vp-ap_dx.png,-1,-1
3550,sub-S10382_ses-E25691_run-2_bp-chest_vp-ap_dx.png,-1,-1
3551,sub-S10385_ses-E19612_run-1_bp-chest_vp-ap_dx.png,-1,-1
3552,sub-S10385_ses-E19945_run-1_bp-chest_vp-ap_dx.png,-1,-1
3553,sub-S10385_ses-E21073_run-1_bp-chest_vp-ap_dx.png,-1,-1
3554,sub-S10385_ses-E21294_run-1_bp-chest_vp-ap_dx.png,-1,-1
3555,sub-S10386_ses-E26794_run-1_bp-chest_vp-pa_dx.png,-1,-1
3556,sub-S10386_ses-E26923_run-1_bp-chest_vp-pa_dx.png,-1,-1
3557,sub-S10388_ses-E18003_run-1_bp-chest_vp-ap_cr.png,-1,-1
3558,sub-S10389_ses-E18004_run-1_bp-chest_vp-pa_cr.png,-1,-1
3559,sub-S10389_ses-E19109_run-1_bp-chest_vp-ap_dx.png,-1,-1
3560,sub-S10389_ses-E19642_run-1_bp-chest_vp-ap_dx.png,-1,-1
3561,sub-S10389_ses-E19804_run-1_bp-chest_cr.png,-1,-1
3562,sub-S10389_ses-E20166_run-1_bp-chest_vp-ap_dx.png,-1,-1
3563,sub-S10389_ses-E20621_run-1_bp-chest_cr.png,-1,-1
3564,sub-S10389_ses-E21324_run-1_bp-chest_vp-ap_dx.png,-1,-1
3565,sub-S10389_ses-E21478_run-1_bp-chest_vp-ap_dx.png,-1,-1
3566,sub-S10389_ses-E21806_acq-1_run-1_bp-chest_vp-ap_dx.png,-1,-1
3567,sub-S10389_ses-E21806_acq-2_run-1_bp-chest_vp-ap_dx.png,-1,-1
3568,sub-S10389_ses-E23589_run-1_bp-chest_cr.png,-1,-1
3569,sub-S10389_ses-E24666_run-1_bp-chest_cr.png,-1,-1
3570,sub-S10389_ses-E25734_run-1_bp-chest_vp-ap_dx.png,-1,-1
3571,sub-S10389_ses-E26474_run-1_bp-chest_vp-ap_dx.png,-1,-1
3572,sub-S10390_ses-E18006_run-1_bp-chest_vp-pa_cr.png,-1,-1
3573,sub-S10391_ses-E18008_run-1_bp-chest_vp-pa_cr.png,-1,-1
3574,sub-S10391_ses-E18941_run-1_bp-chest_vp-ap_dx.png,-1,-1
3575,sub-S10391_ses-E19133_run-1_bp-chest_vp-ap_dx.png,-1,-1
3576,sub-S10391_ses-E19668_run-1_bp-chest_vp-ap_dx.png,-1,-1
3577,sub-S10391_ses-E19838_run-1_bp-chest_vp-ap_dx.png,-1,-1
3578,sub-S10391_ses-E20204_run-1_bp-chest_vp-ap_dx.png,-1,-1
3579,sub-S10391_ses-E21152_run-1_bp-chest_vp-ap_dx.png,-1,-1
3580,sub-S10391_ses-E21352_run-1_bp-chest_vp-ap_dx.png,-1,-1
3581,sub-S10391_ses-E21833_run-1_bp-chest_vp-ap_cr.png,-1,-1
3582,sub-S10391_ses-E23316_run-1_bp-chest_vp-ap_dx.png,-1,-1
3583,sub-S10392_ses-E18010_run-1_bp-chest_dx.png,-1,-1
3584,sub-S10392_ses-E20025_run-1_bp-chest_vp-pa_dx.png,-1,-1
3585,sub-S10392_ses-E20296_run-1_bp-chest_vp-pa_dx.png,-1,-1
3586,sub-S10392_ses-E23765_run-1_bp-chest_vp-ap_dx.png,-1,-1
3587,sub-S10392_ses-E23766_run-1_bp-chest_vp-pa_dx.png,-1,-1
3588,sub-S10392_ses-E24516_run-1_bp-chest_vp-ap_dx.png,-1,-1
3589,sub-S10392_ses-E24969_run-1_bp-chest_dx.png,-1,-1
3590,sub-S10392_ses-E25790_run-1_bp-chest_vp-ap_dx.png,-1,-1
3591,sub-S10392_ses-E26144_run-1_bp-chest_vp-ap_dx.png,-1,-1
3592,sub-S10393_ses-E24306_run-1_bp-chest_vp-ap_cr.png,-1,-1
3593,sub-S10393_ses-E24898_run-1_bp-chest_vp-ap_cr.png,-1,-1
3594,sub-S10393_ses-E24957_run-1_bp-chest_vp-ap_dx.png,-1,-1
3595,sub-S10395_ses-E19005_run-1_bp-chest_vp-ap_dx.png,-1,-1
3596,sub-S10395_ses-E19484_run-1_bp-chest_vp-ap_dx.png,-1,-1
3597,sub-S10395_ses-E20973_run-1_bp-chest_vp-ap_dx.png,-1,-1
3598,sub-S10395_ses-E22375_run-1_bp-chest_vp-ap_dx.png,-1,-1
3599,sub-S10396_ses-E18756_run-1_bp-chest_cr.png,-1,-1
3600,sub-S10396_ses-E19003_run-1_bp-chest_cr.png,-1,-1
3601,sub-S10396_ses-E19713_run-1_bp-chest_dx.png,-1,-1
3602,sub-S10396_ses-E19870_run-1_bp-chest_vp-ap_dx.png,-1,-1
3603,sub-S10396_ses-E20977_run-1_bp-chest_cr.png,-1,-1
3604,sub-S10396_ses-E21199_run-1_bp-chest_cr.png,-1,-1
3605,sub-S10396_ses-E21716_run-1_bp-chest_cr.png,-1,-1
3606,sub-S10396_ses-E22389_run-1_bp-chest_vp-ap_dx.png,-1,-1
3607,sub-S10400_ses-E18029_run-1_bp-chest_vp-ap_dx.png,-1,-1
3608,sub-S10400_ses-E21215_run-1_bp-chest_vp-ap_dx.png,-1,-1
3609,sub-S10400_ses-E21939_run-1_bp-chest_vp-ap_dx.png,-1,-1
3610,sub-S10400_ses-E26692_run-1_bp-chest_vp-ap_dx.png,-1,-1
3611,sub-S10400_ses-E27128_run-1_bp-chest_vp-ap_dx.png,-1,-1
3612,sub-S10402_ses-E18803_run-1_bp-chest_vp-ap_dx.png,-1,-1
3613,sub-S10402_ses-E19267_run-1_bp-chest_vp-ap_dx.png,-1,-1
3614,sub-S10402_ses-E20492_run-1_bp-chest_vp-ap_dx.png,-1,-1
3615,sub-S10402_ses-E21411_run-1_bp-chest_vp-ap_dx.png,-1,-1
3616,sub-S10402_ses-E21735_run-1_bp-chest_vp-ap_dx.png,-1,-1
3617,sub-S10402_ses-E22425_run-1_bp-chest_vp-ap_dx.png,-1,-1
3618,sub-S10402_ses-E23442_run-1_bp-chest_vp-ap_dx.png,-1,-1
3619,sub-S10402_ses-E25605_run-1_bp-chest_vp-ap_dx.png,-1,-1
3620,sub-S10404_ses-E21408_run-1_bp-chest_vp-pa_cr.png,-1,-1
3621,sub-S10404_ses-E22241_run-1_bp-chest_vp-pa_cr.png,-1,-1
3622,sub-S10404_ses-E22885_run-1_bp-chest_vp-pa_cr.png,-1,-1
3623,sub-S10405_ses-E18044_run-1_bp-chest_vp-pa_cr.png,-1,-1
3624,sub-S10405_ses-E18279_run-1_bp-chest_cr.png,-1,-1
3625,sub-S10405_ses-E18821_run-1_bp-chest_vp-ap_dx.png,-1,-1
3626,sub-S10405_ses-E19049_run-1_bp-chest_vp-ap_dx.png,-1,-1
3627,sub-S10405_ses-E19290_run-1_bp-chest_cr.png,-1,-1
3628,sub-S10405_ses-E19547_run-1_bp-chest_cr.png,-1,-1
3629,sub-S10405_ses-E19758_run-1_bp-chest_cr.png,-1,-1
3630,sub-S10405_ses-E20090_run-1_bp-chest_vp-ap_dx.png,-1,-1
3631,sub-S10405_ses-E20244_run-1_bp-chest_vp-ap_dx.png,-1,-1
3632,sub-S10405_ses-E21428_run-1_bp-chest_vp-ap_dx.png,-1,-1
3633,sub-S10405_ses-E21581_run-1_bp-chest_vp-ap_dx.png,-1,-1
3634,sub-S10405_ses-E22704_run-1_bp-chest_vp-ap_dx.png,-1,-1
3635,sub-S10405_ses-E22896_run-1_bp-chest_vp-ap_dx.png,-1,-1
3636,sub-S10405_ses-E24230_run-1_bp-chest_cr.png,-1,-1
3637,sub-S10405_ses-E24231_run-1_bp-chest_cr.png,-1,-1
3638,sub-S10405_ses-E26387_run-1_bp-chest_cr.png,-1,-1
3639,sub-S10407_ses-E18051_run-2_bp-chest_dx.png,-1,-1
3640,sub-S10409_ses-E18053_run-1_bp-chest_vp-pa_dx.png,-1,-1
3641,sub-S10409_ses-E18280_run-1_bp-chest_vp-ap_cr.png,-1,-1
3642,sub-S10409_ses-E19181_run-1_bp-chest_vp-ap_dx.png,-1,-1
3643,sub-S10409_ses-E19769_run-1_bp-chest_vp-ap_dx.png,-1,-1
3644,sub-S10409_ses-E20113_run-1_bp-chest_vp-ap_dx.png,-1,-1
3645,sub-S10409_ses-E20349_run-1_bp-chest_vp-ap_dx.png,-1,-1
3646,sub-S10409_ses-E20542_run-1_bp-chest_vp-ap_dx.png,-1,-1
3647,sub-S10409_ses-E20887_run-1_bp-chest_vp-ap_dx.png,-1,-1
3648,sub-S10409_ses-E21593_run-1_bp-chest_vp-ap_dx.png,-1,-1
3649,sub-S10409_ses-E22482_run-1_bp-chest_vp-ap_dx.png,-1,-1
3650,sub-S10409_ses-E23067_run-1_bp-chest_vp-ap_dx.png,-1,-1
3651,sub-S10410_ses-E18846_run-1_bp-chest_vp-ap_dx.png,-1,-1
3652,sub-S10410_ses-E19074_run-1_bp-chest_vp-ap_dx.png,-1,-1
3653,sub-S10410_ses-E19781_run-1_bp-chest_vp-ap_dx.png,-1,-1
3654,sub-S10410_ses-E20130_run-1_bp-chest_vp-ap_dx.png,-1,-1
3655,sub-S10410_ses-E20555_run-1_bp-chest_cr.png,-1,-1
3656,sub-S10410_ses-E21069_run-1_bp-chest_vp-ap_dx.png,-1,-1
3657,sub-S10410_ses-E21773_run-1_bp-chest_vp-ap_dx.png,-1,-1
3658,sub-S10410_ses-E23964_run-1_bp-chest_vp-ap_dx.png,-1,-1
3659,sub-S10410_ses-E24407_run-1_bp-chest_vp-pa_cr.png,-1,-1
3660,sub-S10410_ses-E25672_run-1_bp-chest_cr.png,-1,-1
3661,sub-S10411_ses-E18057_run-1_bp-chest_vp-pa_cr.png,-1,-1
3662,sub-S10411_ses-E18314_run-1_bp-chest_vp-ap_dx.png,-1,-1
3663,sub-S10411_ses-E19088_run-1_bp-chest_vp-ap_dx.png,-1,-1
3664,sub-S10411_ses-E19322_run-1_bp-chest_vp-ap_dx.png,-1,-1
3665,sub-S10411_ses-E19581_run-1_bp-chest_vp-ap_dx.png,-1,-1
3666,sub-S10411_ses-E19782_run-1_bp-chest_dx.png,-1,-1
3667,sub-S10411_ses-E19919_acq-2_run-1_bp-chest_vp-ap_dx.png,-1,-1
3668,sub-S10411_ses-E20133_run-1_bp-chest_vp-ap_dx.png,-1,-1
3669,sub-S10411_ses-E20544_run-1_bp-chest_vp-ap_dx.png,-1,-1
3670,sub-S10411_ses-E21054_run-1_bp-chest_vp-ap_dx.png,-1,-1
3671,sub-S10411_ses-E21281_run-1_bp-chest_vp-ap_dx.png,-1,-1
3672,sub-S10411_ses-E21599_run-1_bp-chest_vp-ap_dx.png,-1,-1
3673,sub-S10411_ses-E21768_run-1_bp-chest_vp-ap_dx.png,-1,-1
3674,sub-S10411_ses-E22510_run-1_bp-chest_vp-ap_dx.png,-1,-1
3675,sub-S10411_ses-E24249_run-1_bp-chest_cr.png,-1,-1
3676,sub-S10411_ses-E24914_run-1_bp-chest_vp-pa_cr.png,-1,-1
3677,sub-S10411_ses-E26419_run-1_bp-chest_cr.png,-1,-1
3678,sub-S10412_ses-E24412_run-1_bp-chest_vp-pa_dx.png,-1,-1
3679,sub-S10413_ses-E18873_run-1_bp-chest_vp-pa_cr.png,-1,-1
3680,sub-S10413_ses-E22751_run-1_bp-chest_vp-ap_dx.png,-1,-1
3681,sub-S10413_ses-E23260_run-1_bp-chest_vp-ap_dx.png,-1,-1
3682,sub-S10414_ses-E18067_acq-1_run-1_bp-chest_cr.png,-1,-1
3683,sub-S10417_ses-E23719_run-1_bp-chest_vp-pa_dx.png,-1,-1
3684,sub-S10417_ses-E24449_run-1_bp-chest_vp-ap_dx.png,-1,-1
3685,sub-S10418_ses-E18354_run-1_bp-chest_vp-ap_cr.png,-1,-1
3686,sub-S10418_ses-E24660_run-1_bp-chest_vp-ap_dx.png,-1,-1
3687,sub-S10418_ses-E26264_run-1_bp-chest_vp-ap_cr.png,-1,-1
3688,sub-S10420_ses-E18910_run-1_bp-chest_vp-ap_dx.png,-1,-1
3689,sub-S10420_ses-E19108_run-1_bp-chest_vp-ap_dx.png,-1,-1
3690,sub-S10420_ses-E19644_run-1_bp-chest_vp-ap_dx.png,-1,-1
3691,sub-S10420_ses-E20165_run-1_bp-chest_vp-ap_dx.png,-1,-1
3692,sub-S10420_ses-E21113_run-1_bp-chest_vp-pa_cr.png,-1,-1
3693,sub-S10420_ses-E21329_run-1_bp-chest_vp-ap_dx.png,-1,-1
3694,sub-S10420_ses-E21479_run-1_bp-chest_vp-ap_dx.png,-1,-1
3695,sub-S10420_ses-E21810_run-1_bp-chest_vp-ap_dx.png,-1,-1
3696,sub-S10420_ses-E23272_acq-2_run-1_bp-chest_vp-ap_dx.png,-1,-1
3697,sub-S10422_ses-E18085_run-1_bp-chest_vp-pa_dx.png,-1,-1
3698,sub-S10422_ses-E19394_run-1_bp-chest_vp-ap_dx.png,-1,-1
3699,sub-S10422_ses-E19652_run-1_bp-chest_vp-pa_dx.png,-1,-1
3700,sub-S10424_ses-E18088_run-1_bp-chest_vp-ap_cr.png,-1,-1
3701,sub-S10424_ses-E25210_run-1_bp-chest_vp-pa_dx.png,-1,-1
3702,sub-S10424_ses-E26119_run-1_bp-chest_vp-ap_cr.png,-1,-1
3703,sub-S10431_ses-E24952_run-1_bp-chest_vp-ap_dx.png,-1,-1
3704,sub-S10433_ses-E24568_run-1_bp-chest_vp-pa_dx.png,-1,-1
3705,sub-S10437_ses-E19015_acq-1_run-1_bp-chest_vp-ap_dx.png,-1,-1
3706,sub-S10437_ses-E19495_run-1_bp-chest_vp-ap_dx.png,-1,-1
3707,sub-S10437_ses-E20319_run-1_bp-chest_vp-ap_dx.png,-1,-1
3708,sub-S10437_ses-E20467_run-1_bp-chest_vp-ap_dx.png,-1,-1
3709,sub-S10437_ses-E22402_run-1_bp-chest_vp-ap_dx.png,-1,-1
3710,sub-S10437_ses-E22675_run-1_bp-chest_vp-ap_dx.png,-1,-1
3711,sub-S10437_ses-E22680_run-1_bp-chest_vp-ap_dx.png,-1,-1
3712,sub-S10437_ses-E22862_run-1_bp-chest_vp-ap_dx.png,-1,-1
3713,sub-S10437_ses-E23171_run-1_bp-chest_vp-ap_dx.png,-1,-1
3714,sub-S10439_ses-E23352_run-1_bp-chest_vp-ap_dx.png,-1,-1
3715,sub-S10439_ses-E23816_run-1_bp-chest_vp-ap_dx.png,-1,-1
3716,sub-S10439_ses-E24136_run-1_bp-chest_vp-ap_dx.png,-1,-1
3717,sub-S10439_ses-E24138_run-1_bp-chest_vp-ap_dx.png,-1,-1
3718,sub-S10439_ses-E24158_run-1_bp-chest_vp-ap_dx.png,-1,-1
3719,sub-S10439_ses-E24845_run-1_bp-chest_vp-ap_dx.png,-1,-1
3720,sub-S10439_ses-E24869_run-1_bp-chest_vp-ap_dx.png,-1,-1
3721,sub-S10439_ses-E24886_run-1_bp-chest_vp-ap_dx.png,-1,-1
3722,sub-S10439_ses-E25477_run-1_bp-chest_vp-ap_dx.png,-1,-1
3723,sub-S10439_ses-E25814_run-1_bp-chest_vp-ap_dx.png,-1,-1
3724,sub-S10439_ses-E26517_run-2_bp-chest_vp-ap_dx.png,-1,-1
3725,sub-S10439_ses-E26525_run-1_bp-chest_vp-ap_dx.png,-1,-1
3726,sub-S10443_ses-E18126_acq-1_run-1_bp-chest_cr.png,-1,-1
3727,sub-S10443_ses-E19554_acq-1_run-1_bp-chest_cr.png,-1,-1
3728,sub-S10446_ses-E24925_run-1_bp-chest_vp-pa_dx.png,-1,-1
3729,sub-S10447_ses-E23707_run-1_bp-chest_vp-ap_dx.png,-1,-1
3730,sub-S10448_ses-E19081_run-1_bp-chest_vp-pa_cr.png,-1,-1
3731,sub-S10448_ses-E23534_run-1_bp-chest_vp-ap_dx.png,-1,-1
3732,sub-S10450_ses-E18137_run-1_bp-chest_vp-pa_cr.png,-1,-1
3733,sub-S10453_ses-E23101_run-2_bp-chest_dx.png,-1,-1
3734,sub-S10456_ses-E18148_run-1_bp-chest_vp-ap_cr.png,-1,-1
3735,sub-S10456_ses-E19204_run-1_bp-chest_vp-ap_cr.png,-1,-1
3736,sub-S10456_ses-E25168_run-1_bp-chest_vp-ap_cr.png,-1,-1
3737,sub-S10457_ses-E18150_run-1_bp-chest_dx.png,-1,-1
3738,sub-S10459_ses-E20184_run-1_bp-chest_vp-pa_dx.png,-1,-1
3739,sub-S10459_ses-E20940_run-1_bp-chest_vp-ap_dx.png,-1,-1
3740,sub-S10461_ses-E26801_acq-1_run-1_bp-chest_vp-ll_dx.png,-1,-1
3741,sub-S10464_ses-E22599_run-1_bp-chest_vp-ap_dx.png,-1,-1
3742,sub-S10468_ses-E21665_run-1_bp-chest_vp-pa_dx.png,-1,-1
3743,sub-S10469_ses-E18611_run-1_bp-chest_vp-pa_dx.png,-1,-1
3744,sub-S10470_ses-E25525_run-1_bp-chest_vp-ap_dx.png,-1,-1
3745,sub-S10470_ses-E25525_run-1_bp-chest_vp-pa_dx.png,-1,-1
3746,sub-S10473_ses-E18176_run-1_bp-chest_vp-ap_cr.png,-1,-1
3747,sub-S10473_ses-E19705_run-1_bp-chest_vp-ap_cr.png,-1,-1
3748,sub-S10473_ses-E20034_run-1_bp-chest_vp-ap_cr.png,-1,-1
3749,sub-S10473_ses-E20966_run-1_bp-chest_vp-ap_cr.png,-1,-1
3750,sub-S10473_ses-E21387_run-1_bp-chest_vp-ap_cr.png,-1,-1
3751,sub-S10473_ses-E21905_run-1_bp-chest_vp-ap_dx.png,-1,-1
3752,sub-S10473_ses-E22035_acq-2_run-1_bp-chest_vp-ap_dx.png,-1,-1
3753,sub-S10473_ses-E23760_run-1_bp-chest_vp-ap_cr.png,-1,-1
3754,sub-S10473_ses-E23802_run-1_bp-chest_vp-ap_cr.png,-1,-1
3755,sub-S10473_ses-E24195_run-1_bp-chest_vp-ap_cr.png,-1,-1
3756,sub-S10473_ses-E26549_acq-1_run-1_bp-chest_vp-pa_dx.png,-1,-1
3757,sub-S10474_ses-E18177_run-1_bp-chest_vp-ap_dx.png,-1,-1
3758,sub-S10474_ses-E18737_run-1_bp-chest_vp-ap_dx.png,-1,-1
3759,sub-S10474_ses-E19701_run-1_bp-chest_vp-ap_dx.png,-1,-1
3760,sub-S10474_ses-E20430_run-1_bp-chest_vp-ap_dx.png,-1,-1
3761,sub-S10474_ses-E20958_run-1_bp-chest_vp-ap_dx.png,-1,-1
3762,sub-S10474_ses-E21384_run-1_bp-chest_vp-ap_dx.png,-1,-1
3763,sub-S10474_ses-E22836_run-1_bp-chest_vp-ap_dx.png,-1,-1
3764,sub-S10474_ses-E23367_run-1_bp-chest_vp-ap_dx.png,-1,-1
3765,sub-S10474_ses-E24300_run-1_bp-chest_vp-pa_dx.png,-1,-1
3766,sub-S10474_ses-E24988_run-1_bp-chest_vp-ap_dx.png,-1,-1
3767,sub-S10474_ses-E24990_run-1_bp-chest_vp-ap_dx.png,-1,-1
3768,sub-S10474_ses-E25539_run-1_bp-chest_vp-ap_dx.png,-1,-1
3769,sub-S10475_ses-E18179_run-1_bp-chest_vp-ap_dx.png,-1,-1
3770,sub-S10475_ses-E19465_run-1_bp-chest_vp-ap_cr.png,-1,-1
3771,sub-S10475_ses-E23762_acq-1_run-1_bp-chest_vp-ll_dx.png,-1,-1
3772,sub-S10475_ses-E24538_run-1_bp-chest_vp-ap_dx.png,-1,-1
3773,sub-S10475_ses-E25236_acq-2_run-1_bp-chest_vp-pa_dx.png,-1,-1
3774,sub-S10476_ses-E18181_run-1_bp-chest_vp-ap_dx.png,-1,-1
3775,sub-S10476_ses-E20428_run-1_bp-chest_vp-ap_dx.png,-1,-1
3776,sub-S10476_ses-E20967_run-1_bp-chest_vp-ap_dx.png,-1,-1
3777,sub-S10476_ses-E23376_run-1_bp-chest_vp-ap_dx.png,-1,-1
3778,sub-S10477_ses-E18184_run-1_bp-chest_vp-ap_dx.png,-1,-1
3779,sub-S10477_ses-E18745_run-1_bp-chest_vp-ap_dx.png,-1,-1
3780,sub-S10477_ses-E19469_run-1_bp-chest_vp-ap_dx.png,-1,-1
3781,sub-S10477_ses-E19708_run-1_bp-chest_vp-ap_dx.png,-1,-1
3782,sub-S10477_ses-E21704_run-1_bp-chest_vp-ap_dx.png,-1,-1
3783,sub-S10477_ses-E23372_run-1_bp-chest_vp-ap_dx.png,-1,-1
3784,sub-S10477_ses-E24551_run-1_bp-chest_vp-ap_dx.png,-1,-1
3785,sub-S10477_ses-E25545_run-1_bp-chest_vp-ap_dx.png,-1,-1
3786,sub-S10477_ses-E25830_run-1_bp-chest_vp-ap_dx.png,-1,-1
3787,sub-S10477_ses-E26324_run-1_bp-chest_vp-ap_dx.png,-1,-1
3788,sub-S10479_ses-E18186_run-1_bp-chest_vp-ap_dx.png,-1,-1
3789,sub-S10479_ses-E20438_run-1_bp-chest_vp-ap_dx.png,-1,-1
3790,sub-S10479_ses-E23377_run-1_bp-chest_vp-ap_dx.png,-1,-1
3791,sub-S10479_ses-E24280_run-1_bp-chest_vp-ap_cr.png,-1,-1
3792,sub-S10480_ses-E18187_acq-1_run-1_bp-chest_vp-pa_dx.png,-1,-1
3793,sub-S10480_ses-E23810_run-1_bp-chest_vp-ap_cr.png,-1,-1
3794,sub-S10480_ses-E24140_run-1_bp-chest_vp-pa_cr.png,-1,-1
3795,sub-S10482_ses-E18189_run-1_bp-chest_vp-pa_dx.png,-1,-1
3796,sub-S10482_ses-E24305_run-1_bp-chest_vp-pa_dx.png,-1,-1
3797,sub-S10483_ses-E19222_run-1_bp-chest_vp-pa_dx.png,-1,-1
3798,sub-S10484_ses-E18191_run-1_bp-chest_vp-pa_cr.png,-1,-1
3799,sub-S10485_ses-E18192_run-1_bp-chest_vp-pa_dx.png,-1,-1
3800,sub-S10486_ses-E24130_run-1_bp-chest_vp-ap_cr.png,-1,-1
3801,sub-S10486_ses-E24741_run-1_bp-chest_vp-ap_cr.png,-1,-1
3802,sub-S10487_ses-E18194_run-1_bp-chest_vp-pa_cr.png,-1,-1
3803,sub-S10488_ses-E18195_run-1_bp-chest_vp-pa_cr.png,-1,-1
3804,sub-S10488_ses-E20226_run-1_bp-chest_vp-pa_cr.png,-1,-1
3805,sub-S10488_ses-E20965_run-1_bp-chest_vp-pa_cr.png,-1,-1
3806,sub-S10488_ses-E22048_run-1_bp-chest_vp-pa_cr.png,-1,-1
3807,sub-S10488_ses-E23384_run-1_bp-chest_vp-pa_cr.png,-1,-1
3808,sub-S10488_ses-E25550_run-1_bp-chest_vp-pa_cr.png,-1,-1
3809,sub-S10489_ses-E18196_run-1_bp-chest_vp-pa_cr.png,-1,-1
3810,sub-S10489_ses-E22370_run-1_bp-chest_vp-ap_dx.png,-1,-1
3811,sub-S10490_ses-E18197_run-1_bp-chest_vp-ap_dx.png,-1,-1
3812,sub-S10491_ses-E18198_run-2_bp-chest_vp-ap_dx.png,-1,-1
3813,sub-S10491_ses-E23389_run-1_bp-chest_vp-ap_dx.png,-1,-1
3814,sub-S10492_ses-E18199_run-1_bp-chest_vp-ap_cr.png,-1,-1
3815,sub-S10492_ses-E19481_run-1_bp-chest_vp-ap_dx.png,-1,-1
3816,sub-S10492_ses-E19711_run-1_bp-chest_vp-ap_dx.png,-1,-1
3817,sub-S10492_ses-E19867_acq-1_run-1_bp-chest_vp-ap_dx.png,-1,-1
3818,sub-S10492_ses-E20441_run-1_bp-chest_vp-ap_dx.png,-1,-1
3819,sub-S10492_ses-E20975_run-1_bp-chest_vp-ap_cr.png,-1,-1
3820,sub-S10492_ses-E21203_run-1_bp-chest_vp-ap_dx.png,-1,-1
3821,sub-S10492_ses-E22386_run-1_bp-chest_vp-ap_dx.png,-1,-1
3822,sub-S10492_ses-E23388_run-1_bp-chest_vp-ap_dx.png,-1,-1
3823,sub-S10492_ses-E24317_run-1_bp-chest_vp-ap_cr.png,-1,-1
3824,sub-S10492_ses-E25006_run-1_bp-chest_vp-ap_dx.png,-1,-1
3825,sub-S10493_ses-E18201_run-1_bp-chest_vp-ap_cr.png,-1,-1
3826,sub-S10493_ses-E22387_run-1_bp-chest_vp-ap_dx.png,-1,-1
3827,sub-S10494_ses-E18200_run-1_bp-chest_vp-pa_cr.png,-1,-1
3828,sub-S10494_ses-E23862_run-1_bp-chest_vp-pa_dx.png,-1,-1
3829,sub-S10495_ses-E18202_run-1_bp-chest_vp-ap_dx.png,-1,-1
3830,sub-S10495_ses-E19230_run-1_bp-chest_vp-ap_dx.png,-1,-1
3831,sub-S10495_ses-E20055_run-1_bp-chest_vp-ap_dx.png,-1,-1
3832,sub-S10495_ses-E21396_run-1_bp-chest_vp-ap_dx.png,-1,-1
3833,sub-S10495_ses-E21546_run-1_bp-chest_vp-ap_dx.png,-1,-1
3834,sub-S10495_ses-E24314_run-1_bp-chest_vp-ap_dx.png,-1,-1
3835,sub-S10495_ses-E25434_run-1_bp-chest_vp-ap_dx.png,-1,-1
3836,sub-S10495_ses-E25856_run-1_bp-chest_vp-ap_dx.png,-1,-1
3837,sub-S10495_ses-E26220_run-1_bp-chest_vp-ap_dx.png,-1,-1
3838,sub-S10495_ses-E26343_run-1_bp-chest_vp-ap_dx.png,-1,-1
3839,sub-S10497_ses-E18205_run-1_bp-chest_vp-ap_cr.png,-1,-1
3840,sub-S10497_ses-E19471_run-1_bp-chest_vp-ap_dx.png,-1,-1
3841,sub-S10497_ses-E23151_run-1_bp-chest_vp-ap_cr.png,-1,-1
3842,sub-S10498_ses-E19723_acq-1_run-1_bp-chest_vp-pa_dx.png,-1,-1
3843,sub-S10499_ses-E18207_run-1_bp-chest_vp-ap_cr.png,-1,-1
3844,sub-S10499_ses-E18760_run-2_bp-chest_vp-ap_cr.png,-1,-1
3845,sub-S10499_ses-E19236_run-1_bp-chest_vp-ap_cr.png,-1,-1
3846,sub-S10499_ses-E19873_run-1_bp-chest_vp-ap_cr.png,-1,-1
3847,sub-S10499_ses-E21729_run-1_bp-chest_vp-ap_dx.png,-1,-1
3848,sub-S10499_ses-E22206_run-1_bp-chest_vp-ap_dx.png,-1,-1
3849,sub-S10499_ses-E23398_run-1_bp-chest_vp-ap_cr.png,-1,-1
3850,sub-S10500_ses-E18208_run-1_bp-chest_vp-ap_dx.png,-1,-1
3851,sub-S10500_ses-E25003_run-1_bp-chest_vp-pa_cr.png,-1,-1
3852,sub-S10502_ses-E18211_run-1_bp-chest_vp-ap_cr.png,-1,-1
3853,sub-S10502_ses-E19475_run-1_bp-chest_vp-ap_cr.png,-1,-1
3854,sub-S10502_ses-E19725_run-1_bp-chest_vp-ap_cr.png,-1,-1
3855,sub-S10502_ses-E19872_run-1_bp-chest_vp-ap_cr.png,-1,-1
3856,sub-S10502_ses-E20056_run-1_bp-chest_vp-ap_cr.png,-1,-1
3857,sub-S10502_ses-E22384_run-1_bp-chest_vp-ap_cr.png,-1,-1
3858,sub-S10502_ses-E25574_run-1_bp-chest_vp-ap_cr.png,-1,-1
3859,sub-S10503_ses-E18213_run-1_bp-chest_vp-ap_cr.png,-1,-1
3860,sub-S10503_ses-E22379_run-1_bp-chest_vp-ap_cr.png,-1,-1
3861,sub-S10503_ses-E23402_run-1_bp-chest_vp-ap_dx.png,-1,-1
3862,sub-S10503_ses-E25002_run-1_bp-chest_vp-ap_cr.png,-1,-1
3863,sub-S10504_ses-E18215_run-1_bp-chest_vp-ap_cr.png,-1,-1
3864,sub-S10504_ses-E23885_run-2_bp-chest_vp-ap_dx.png,-1,-1
3865,sub-S10504_ses-E25458_run-1_bp-chest_vp-ap_cr.png,-1,-1
3866,sub-S10504_ses-E26217_run-1_bp-chest_vp-ap_cr.png,-1,-1
3867,sub-S10505_ses-E18216_run-1_bp-chest_vp-pa_cr.png,-1,-1
3868,sub-S10505_ses-E21208_run-1_bp-chest_vp-pa_cr.png,-1,-1
3869,sub-S10505_ses-E22392_run-1_bp-chest_vp-pa_cr.png,-1,-1
3870,sub-S10506_ses-E18217_run-1_bp-chest_cr.png,-1,-1
3871,sub-S10506_ses-E24564_run-1_bp-chest_vp-ap_dx.png,-1,-1
3872,sub-S10507_ses-E18219_run-1_bp-chest_vp-ap_cr.png,-1,-1
3873,sub-S10507_ses-E23165_run-1_bp-chest_vp-ap_cr.png,-1,-1
3874,sub-S10507_ses-E26348_run-1_bp-chest_vp-pa_cr.png,-1,-1
3875,sub-S10508_ses-E18220_run-1_bp-chest_vp-ap_cr.png,-1,-1
3876,sub-S10508_ses-E19243_run-1_bp-chest_vp-ap_dx.png,-1,-1
3877,sub-S10508_ses-E19489_run-1_bp-chest_vp-ap_cr.png,-1,-1
3878,sub-S10508_ses-E22397_run-1_bp-chest_vp-ap_dx.png,-1,-1
3879,sub-S10508_ses-E24569_acq-1_run-1_bp-chest_vp-ll_dx.png,-1,-1
3880,sub-S10509_ses-E18221_run-1_bp-chest_vp-pa_cr.png,-1,-1
3881,sub-S10511_ses-E18227_run-1_bp-chest_vp-ap_dx.png,-1,-1
3882,sub-S10511_ses-E18642_run-1_bp-chest_vp-ap_dx.png,-1,-1
3883,sub-S10511_ses-E18789_run-1_bp-chest_vp-ap_dx.png,-1,-1
3884,sub-S10511_ses-E19013_run-1_bp-chest_vp-ap_dx.png,-1,-1
3885,sub-S10511_ses-E20069_run-1_bp-chest_vp-ap_dx.png,-1,-1
3886,sub-S10511_ses-E20071_run-1_bp-chest_vp-ap_dx.png,-1,-1
3887,sub-S10511_ses-E20999_run-1_bp-chest_vp-ap_dx.png,-1,-1
3888,sub-S10511_ses-E21407_run-1_bp-chest_vp-ap_dx.png,-1,-1
3889,sub-S10511_ses-E21548_run-1_bp-chest_vp-ap_dx.png,-1,-1
3890,sub-S10511_ses-E21725_run-1_bp-chest_vp-ap_dx.png,-1,-1
3891,sub-S10511_ses-E22689_run-1_bp-chest_vp-ap_dx.png,-1,-1
3892,sub-S10511_ses-E23172_run-1_bp-chest_vp-ap_dx.png,-1,-1
3893,sub-S10511_ses-E23420_run-1_bp-chest_vp-pa_dx.png,-1,-1
3894,sub-S10511_ses-E24361_run-1_bp-chest_vp-ap_dx.png,-1,-1
3895,sub-S10511_ses-E25274_run-2_bp-chest_vp-ap_dx.png,-1,-1
3896,sub-S10511_ses-E25587_run-1_bp-chest_vp-ap_dx.png,-1,-1
3897,sub-S10511_ses-E25889_run-1_bp-chest_vp-ap_dx.png,-1,-1
3898,sub-S10512_ses-E23434_run-1_bp-chest_vp-ap_dx.png,-1,-1
3899,sub-S10512_ses-E26244_acq-1_run-1_bp-chest_vp-ll_dx.png,-1,-1
3900,sub-S10513_ses-E18229_run-1_bp-chest_vp-ap_cr.png,-1,-1
3901,sub-S10513_ses-E23777_run-1_bp-chest_vp-ap_cr.png,-1,-1
3902,sub-S10513_ses-E24209_run-1_bp-chest_vp-ap_cr.png,-1,-1
3903,sub-S10513_ses-E24953_run-1_bp-chest_vp-ap_cr.png,-1,-1
3904,sub-S10513_ses-E26171_run-1_bp-chest_vp-ap_cr.png,-1,-1
3905,sub-S10513_ses-E26221_run-1_bp-chest_vp-ap_cr.png,-1,-1
3906,sub-S10513_ses-E26358_run-1_bp-chest_vp-ap_cr.png,-1,-1
3907,sub-S10514_ses-E18232_run-1_bp-chest_vp-ap_dx.png,-1,-1
3908,sub-S10514_ses-E19521_run-1_bp-chest_vp-ap_dx.png,-1,-1
3909,sub-S10514_ses-E20076_run-1_bp-chest_vp-ap_dx.png,-1,-1
3910,sub-S10514_ses-E20869_run-1_bp-chest_vp-ap_cr.png,-1,-1
3911,sub-S10514_ses-E23429_run-1_bp-chest_vp-ap_dx.png,-1,-1
3912,sub-S10514_ses-E23882_acq-1_run-1_bp-chest_vp-pa_dx.png,-1,-1
3913,sub-S10515_ses-E18233_run-1_bp-chest_vp-ap_dx.png,-1,-1
3914,sub-S10516_ses-E21554_run-1_bp-chest_vp-pa_cr.png,-1,-1
3915,sub-S10516_ses-E23430_run-1_bp-chest_vp-ap_cr.png,-1,-1
3916,sub-S10516_ses-E23876_run-1_bp-chest_vp-pa_cr.png,-1,-1
3917,sub-S10516_ses-E25591_run-1_bp-chest_vp-pa_cr.png,-1,-1
3918,sub-S10517_ses-E18237_run-1_bp-chest_vp-ap_cr.png,-1,-1
3919,sub-S10517_ses-E20477_run-1_bp-chest_vp-ap_cr.png,-1,-1
3920,sub-S10517_ses-E25026_acq-1_run-1_bp-chest_vp-ll_dx.png,-1,-1
3921,sub-S10518_ses-E18241_run-1_bp-chest_vp-ap_cr.png,-1,-1
3922,sub-S10518_ses-E20494_run-1_bp-chest_vp-ap_cr.png,-1,-1
3923,sub-S10518_ses-E24215_run-1_bp-chest_vp-ap_cr.png,-1,-1
3924,sub-S10518_ses-E25283_run-1_bp-chest_vp-ap_cr.png,-1,-1
3925,sub-S10518_ses-E26369_run-1_bp-chest_vp-ap_cr.png,-1,-1
3926,sub-S10519_ses-E18243_run-1_bp-chest_vp-ap_cr.png,-1,-1
3927,sub-S10519_ses-E25039_acq-1_run-1_bp-chest_vp-pa_dx.png,-1,-1
3928,sub-S10520_ses-E18244_run-1_bp-chest_vp-ap_dx.png,-1,-1
3929,sub-S10520_ses-E22405_run-1_bp-chest_vp-ap_dx.png,-1,-1
3930,sub-S10520_ses-E23437_run-2_bp-chest_vp-pa_dx.png,-1,-1
3931,sub-S10521_ses-E18247_run-1_bp-chest_vp-ap_cr.png,-1,-1
3932,sub-S10521_ses-E21015_run-1_bp-chest_vp-ap_dx.png,-1,-1
3933,sub-S10521_ses-E21744_run-1_bp-chest_vp-ap_dx.png,-1,-1
3934,sub-S10521_ses-E25040_run-1_bp-chest_vp-ap_cr.png,-1,-1
3935,sub-S10522_ses-E18249_run-1_bp-chest_vp-pa_cr.png,-1,-1
3936,sub-S10522_ses-E25601_run-1_bp-chest_vp-pa_cr.png,-1,-1
3937,sub-S10523_ses-E18250_run-1_bp-chest_vp-ap_dx.png,-1,-1
3938,sub-S10523_ses-E22430_run-1_bp-chest_vp-ap_dx.png,-1,-1
3939,sub-S10524_ses-E18252_run-1_bp-chest_vp-ap_dx.png,-1,-1
3940,sub-S10524_ses-E23451_run-1_bp-chest_vp-ap_dx.png,-1,-1
3941,sub-S10524_ses-E25051_run-1_bp-chest_vp-pa_dx.png,-1,-1
3942,sub-S10525_ses-E18253_run-1_bp-chest_cr.png,-1,-1
3943,sub-S10525_ses-E19750_acq-2_run-1_bp-chest_vp-ap_cr.png,-1,-1
3944,sub-S10525_ses-E22432_run-1_bp-chest_cr.png,-1,-1
3945,sub-S10525_ses-E26380_run-1_bp-chest_cr.png,-1,-1
3946,sub-S10527_ses-E18257_run-1_bp-chest_vp-ap_dx.png,-1,-1
3947,sub-S10527_ses-E23457_run-1_bp-chest_vp-pa_dx.png,-1,-1
3948,sub-S10528_ses-E18258_run-1_bp-chest_vp-ap_cr.png,-1,-1
3949,sub-S10529_ses-E21248_run-1_bp-chest_vp-ap_dx.png,-1,-1
3950,sub-S10529_ses-E22423_run-1_bp-chest_vp-ap_cr.png,-1,-1
3951,sub-S10530_ses-E18261_run-1_bp-chest_vp-ap_dx.png,-1,-1
3952,sub-S10530_ses-E19278_run-1_bp-chest_vp-ap_dx.png,-1,-1
3953,sub-S10530_ses-E19528_run-1_bp-chest_vp-ap_dx.png,-1,-1
3954,sub-S10530_ses-E19744_run-1_bp-chest_vp-ap_dx.png,-1,-1
3955,sub-S10530_ses-E19900_run-1_bp-chest_vp-ap_dx.png,-1,-1
3956,sub-S10530_ses-E20506_run-1_bp-chest_vp-ap_dx.png,-1,-1
3957,sub-S10530_ses-E21016_run-1_bp-chest_vp-ap_dx.png,-1,-1
3958,sub-S10530_ses-E22448_run-1_bp-chest_vp-ap_dx.png,-1,-1
3959,sub-S10530_ses-E23468_run-1_bp-chest_vp-ap_dx.png,-1,-1
3960,sub-S10530_ses-E23911_run-1_bp-chest_vp-ap_dx.png,-1,-1
3961,sub-S10530_ses-E24625_run-1_bp-chest_vp-ap_dx.png,-1,-1
3962,sub-S10530_ses-E25922_run-1_bp-chest_vp-ap_dx.png,-1,-1
3963,sub-S10530_ses-E26391_run-1_bp-chest_vp-ap_dx.png,-1,-1
3964,sub-S10531_ses-E25611_run-1_bp-chest_vp-ap_cr.png,-1,-1
3965,sub-S10532_ses-E18264_run-1_bp-chest_vp-ap_cr.png,-1,-1
3966,sub-S10532_ses-E18667_run-1_bp-chest_vp-ap_cr.png,-1,-1
3967,sub-S10532_ses-E18832_run-1_bp-chest_vp-ap_cr.png,-1,-1
3968,sub-S10532_ses-E19532_run-1_bp-chest_vp-ap_dx.png,-1,-1
3969,sub-S10532_ses-E25925_run-1_bp-chest_vp-ap_dx.png,-1,-1
3970,sub-S10532_ses-E26401_acq-1_run-1_bp-chest_vp-pa_dx.png,-1,-1
3971,sub-S10533_ses-E18265_run-1_bp-chest_vp-ap_dx.png,-1,-1
3972,sub-S10533_ses-E23917_run-1_bp-chest_vp-ap_dx.png,-1,-1
3973,sub-S10534_ses-E25941_run-1_bp-chest_vp-ap_dx.png,-1,-1
3974,sub-S10535_ses-E18267_run-1_bp-chest_vp-ap_dx.png,-1,-1
3975,sub-S10535_ses-E19539_run-1_bp-chest_vp-ap_dx.png,-1,-1
3976,sub-S10536_ses-E18268_run-1_bp-chest_vp-pa_cr.png,-1,-1
3977,sub-S10536_ses-E20514_run-1_bp-chest_vp-pa_cr.png,-1,-1
3978,sub-S10536_ses-E25054_run-1_bp-chest_vp-pa_cr.png,-1,-1
3979,sub-S10537_ses-E18269_run-1_bp-chest_vp-ap_cr.png,-1,-1
3980,sub-S10538_ses-E18272_run-1_bp-chest_vp-ap_dx.png,-1,-1
3981,sub-S10538_ses-E21239_run-1_bp-chest_vp-ap_dx.png,-1,-1
3982,sub-S10538_ses-E22450_run-1_bp-chest_vp-pa_dx.png,-1,-1
3983,sub-S10538_ses-E25055_run-1_bp-chest_vp-pa_dx.png,-1,-1
3984,sub-S10538_ses-E25945_run-1_bp-chest_vp-ap_dx.png,-1,-1
3985,sub-S10539_ses-E18273_run-1_bp-chest_vp-ap_dx.png,-1,-1
3986,sub-S10539_ses-E23484_run-1_bp-chest_vp-ap_cr.png,-1,-1
3987,sub-S10539_ses-E25293_acq-1_run-1_bp-chest_vp-ll_dx.png,-1,-1
3988,sub-S10539_ses-E25632_run-1_bp-chest_vp-ap_dx.png,-1,-1
3989,sub-S10540_ses-E18274_run-1_bp-chest_vp-ap_dx.png,-1,-1
3990,sub-S10540_ses-E19761_run-1_bp-chest_vp-ap_dx.png,-1,-1
3991,sub-S10540_ses-E20111_run-1_bp-chest_vp-ap_dx.png,-1,-1
3992,sub-S10540_ses-E20533_run-1_bp-chest_vp-ap_dx.png,-1,-1
3993,sub-S10540_ses-E21033_run-1_bp-chest_vp-ap_dx.png,-1,-1
3994,sub-S10540_ses-E21270_run-1_bp-chest_vp-ap_dx.png,-1,-1
3995,sub-S10540_ses-E22721_acq-2_run-1_bp-chest_vp-ap_dx.png,-1,-1
3996,sub-S10540_ses-E22903_run-1_bp-chest_vp-ap_dx.png,-1,-1
3997,sub-S10540_ses-E23220_run-1_bp-chest_vp-ap_dx.png,-1,-1
3998,sub-S10541_ses-E18275_run-1_bp-chest_vp-ap_dx.png,-1,-1
3999,sub-S10541_ses-E19904_run-1_bp-chest_vp-ap_dx.png,-1,-1
4000,sub-S10541_ses-E25065_run-1_bp-chest_vp-pa_dx.png,-1,-1
4001,sub-S10541_ses-E25940_run-1_bp-chest_vp-ap_dx.png,-1,-1
4002,sub-S10542_ses-E18276_run-1_bp-chest_cr.png,-1,-1
4003,sub-S10542_ses-E18823_run-1_bp-chest_vp-ap_dx.png,-1,-1
4004,sub-S10542_ses-E20521_run-1_bp-chest_vp-ap_dx.png,-1,-1
4005,sub-S10542_ses-E24615_run-1_bp-chest_vp-ap_dx.png,-1,-1
4006,sub-S10543_ses-E18277_run-1_bp-chest_vp-ap_cr.png,-1,-1
4007,sub-S10543_ses-E19552_run-1_bp-chest_vp-ap_cr.png,-1,-1
4008,sub-S10543_ses-E22096_run-1_bp-chest_vp-ap_dx.png,-1,-1
4009,sub-S10543_ses-E22705_run-1_bp-chest_vp-ap_dx.png,-1,-1
4010,sub-S10544_ses-E18283_run-1_bp-chest_vp-pa_cr.png,-1,-1
4011,sub-S10544_ses-E19550_run-1_bp-chest_vp-pa_cr.png,-1,-1
4012,sub-S10544_ses-E23213_run-1_bp-chest_vp-pa_cr.png,-1,-1
4013,sub-S10545_ses-E18284_run-1_bp-chest_vp-ap_cr.png,-1,-1
4014,sub-S10545_ses-E18828_run-1_bp-chest_vp-ap_dx.png,-1,-1
4015,sub-S10545_ses-E19568_run-1_bp-chest_vp-ap_dx.png,-1,-1
4016,sub-S10545_ses-E19923_run-1_bp-chest_vp-ap_dx.png,-1,-1
4017,sub-S10545_ses-E20108_run-1_bp-chest_vp-ap_dx.png,-1,-1
4018,sub-S10545_ses-E20541_run-1_bp-chest_vp-ap_dx.png,-1,-1
4019,sub-S10545_ses-E21042_run-1_bp-chest_vp-ap_dx.png,-1,-1
4020,sub-S10545_ses-E21265_run-1_bp-chest_vp-ap_dx.png,-1,-1
4021,sub-S10545_ses-E21441_run-1_bp-chest_vp-ap_dx.png,-1,-1
4022,sub-S10545_ses-E21760_run-1_bp-chest_vp-ap_cr.png,-1,-1
4023,sub-S10545_ses-E22468_run-1_bp-chest_vp-ap_dx.png,-1,-1
4024,sub-S10545_ses-E23235_run-1_bp-chest_vp-ap_dx.png,-1,-1
4025,sub-S10545_ses-E23944_run-1_bp-chest_vp-ap_cr.png,-1,-1
4026,sub-S10545_ses-E24392_run-1_bp-chest_vp-ap_cr.png,-1,-1
4027,sub-S10545_ses-E25084_run-1_bp-chest_vp-ap_dx.png,-1,-1
4028,sub-S10545_ses-E25307_run-1_bp-chest_vp-ap_cr.png,-1,-1
4029,sub-S10545_ses-E25471_run-1_bp-chest_vp-pa_dx.png,-1,-1
4030,sub-S10545_ses-E25638_run-1_bp-chest_vp-ap_dx.png,-1,-1
4031,sub-S10546_ses-E18289_run-1_bp-chest_vp-ap_dx.png,-1,-1
4032,sub-S10546_ses-E21035_run-1_bp-chest_vp-ap_dx.png,-1,-1
4033,sub-S10546_ses-E26409_run-1_bp-chest_vp-pa_dx.png,-1,-1
4034,sub-S10547_ses-E18290_run-1_bp-chest_vp-ap_cr.png,-1,-1
4035,sub-S10547_ses-E25071_acq-1_run-1_bp-chest_vp-ll_dx.png,-1,-1
4036,sub-S10548_ses-E18292_run-1_bp-chest_vp-ap_cr.png,-1,-1
4037,sub-S10548_ses-E22496_run-1_bp-chest_vp-ap_dx.png,-1,-1
4038,sub-S10548_ses-E23477_run-1_bp-chest_vp-ap_dx.png,-1,-1
4039,sub-S10548_ses-E24395_acq-1_run-1_bp-chest_vp-pa_dx.png,-1,-1
4040,sub-S10548_ses-E24612_run-1_bp-chest_vp-ap_dx.png,-1,-1
4041,sub-S10549_ses-E18293_run-1_bp-chest_vp-ap_dx.png,-1,-1
4042,sub-S10549_ses-E20534_run-1_bp-chest_vp-ap_dx.png,-1,-1
4043,sub-S10549_ses-E21034_run-1_bp-chest_vp-ap_dx.png,-1,-1
4044,sub-S10549_ses-E23489_run-1_bp-chest_vp-pa_dx.png,-1,-1
4045,sub-S10551_ses-E18295_run-1_bp-chest_vp-pa_cr.png,-1,-1
4046,sub-S10552_ses-E18296_run-1_bp-chest_vp-ap_cr.png,-1,-1
4047,sub-S10552_ses-E24629_run-1_bp-chest_vp-ap_cr.png,-1,-1
4048,sub-S10552_ses-E25993_run-1_bp-chest_vp-ap_cr.png,-1,-1
4049,sub-S10553_ses-E18297_run-1_bp-chest_vp-ap_cr.png,-1,-1
4050,sub-S10553_ses-E19315_run-1_bp-chest_vp-ap_cr.png,-1,-1
4051,sub-S10553_ses-E20548_run-1_bp-chest_vp-ap_cr.png,-1,-1
4052,sub-S10553_ses-E23500_run-1_bp-chest_vp-ap_cr.png,-1,-1
4053,sub-S10553_ses-E23824_acq-1_run-1_bp-chest_vp-ll_dx.png,-1,-1
4054,sub-S10553_ses-E24236_run-1_bp-chest_vp-ap_cr.png,-1,-1
4055,sub-S10553_ses-E24406_run-1_bp-chest_vp-ap_cr.png,-1,-1
4056,sub-S10553_ses-E26253_run-1_bp-chest_vp-ap_cr.png,-1,-1
4057,sub-S10553_ses-E26412_run-1_bp-chest_vp-pa_cr.png,-1,-1
4058,sub-S10554_ses-E18300_run-1_bp-chest_vp-pa_cr.png,-1,-1
4059,sub-S10554_ses-E18839_run-1_bp-chest_vp-ap_cr.png,-1,-1
4060,sub-S10554_ses-E19576_run-1_bp-chest_vp-ap_cr.png,-1,-1
4061,sub-S10554_ses-E19920_run-1_bp-chest_vp-ap_cr.png,-1,-1
4062,sub-S10554_ses-E20352_run-1_bp-chest_vp-ap_cr.png,-1,-1
4063,sub-S10554_ses-E20757_run-1_bp-chest_vp-ap_cr.png,-1,-1
4064,sub-S10554_ses-E22487_run-1_bp-chest_vp-ap_cr.png,-1,-1
4065,sub-S10554_ses-E23506_run-1_bp-chest_vp-ap_cr.png,-1,-1
4066,sub-S10554_ses-E25482_run-1_bp-chest_vp-ap_cr.png,-1,-1
4067,sub-S10554_ses-E25483_run-1_bp-chest_vp-ap_cr.png,-1,-1
4068,sub-S10555_ses-E18302_run-1_bp-chest_vp-ap_dx.png,-1,-1
4069,sub-S10555_ses-E18673_run-1_bp-chest_vp-ap_cr.png,-1,-1
4070,sub-S10555_ses-E18835_run-1_bp-chest_vp-ap_dx.png,-1,-1
4071,sub-S10555_ses-E19183_run-1_bp-chest_vp-ap_dx.png,-1,-1
4072,sub-S10555_ses-E19922_run-1_bp-chest_vp-ap_dx.png,-1,-1
4073,sub-S10555_ses-E20115_run-1_bp-chest_vp-ap_dx.png,-1,-1
4074,sub-S10555_ses-E20351_run-1_bp-chest_vp-ap_cr.png,-1,-1
4075,sub-S10555_ses-E20886_run-1_bp-chest_vp-ap_dx.png,-1,-1
4076,sub-S10555_ses-E21053_run-1_bp-chest_vp-ap_dx.png,-1,-1
4077,sub-S10555_ses-E21435_run-1_bp-chest_vp-ap_dx.png,-1,-1
4078,sub-S10555_ses-E21601_run-1_bp-chest_vp-ap_dx.png,-1,-1
4079,sub-S10555_ses-E21767_run-1_bp-chest_vp-ap_cr.png,-1,-1
4080,sub-S10555_ses-E21986_run-1_bp-chest_vp-ap_dx.png,-1,-1
4081,sub-S10555_ses-E22107_run-1_bp-chest_vp-ap_dx.png,-1,-1
4082,sub-S10555_ses-E22278_run-1_bp-chest_vp-ap_dx.png,-1,-1
4083,sub-S10555_ses-E22718_run-1_bp-chest_vp-ap_dx.png,-1,-1
4084,sub-S10555_ses-E23072_run-1_bp-chest_vp-ap_dx.png,-1,-1
4085,sub-S10555_ses-E23232_run-1_bp-chest_vp-ap_dx.png,-1,-1
4086,sub-S10555_ses-E23951_run-1_bp-chest_vp-ap_cr.png,-1,-1
4087,sub-S10555_ses-E25310_run-1_bp-chest_vp-ap_cr.png,-1,-1
4088,sub-S10555_ses-E25654_run-1_bp-chest_vp-ap_dx.png,-1,-1
4089,sub-S10556_ses-E18303_run-1_bp-chest_vp-ap_cr.png,-1,-1
4090,sub-S10556_ses-E19311_run-2_bp-chest_vp-ap_cr.png,-1,-1
4091,sub-S10556_ses-E19558_run-1_bp-chest_vp-ap_cr.png,-1,-1
4092,sub-S10556_ses-E20255_run-1_bp-chest_vp-ap_cr.png,-1,-1
4093,sub-S10556_ses-E20753_run-1_bp-chest_vp-ap_cr.png,-1,-1
4094,sub-S10556_ses-E21600_run-1_bp-chest_vp-ap_cr.png,-1,-1
4095,sub-S10556_ses-E22279_run-1_bp-chest_vp-ap_cr.png,-1,-1
4096,sub-S10556_ses-E22476_run-1_bp-chest_vp-ap_cr.png,-1,-1
4097,sub-S10556_ses-E22716_run-1_bp-chest_vp-ap_cr.png,-1,-1
4098,sub-S10556_ses-E22901_run-1_bp-chest_vp-ap_cr.png,-1,-1
4099,sub-S10556_ses-E23497_run-1_bp-chest_vp-ap_cr.png,-1,-1
4100,sub-S10556_ses-E23948_run-1_bp-chest_vp-pa_cr.png,-1,-1
4101,sub-S10556_ses-E25656_run-1_bp-chest_vp-ap_cr.png,-1,-1
4102,sub-S10556_ses-E25975_run-1_bp-chest_vp-ap_cr.png,-1,-1
4103,sub-S10557_ses-E18306_run-1_bp-chest_vp-ap_dx.png,-1,-1
4104,sub-S10557_ses-E23523_run-1_bp-chest_vp-ap_cr.png,-1,-1
4105,sub-S10558_ses-E18307_run-1_bp-chest_vp-ap_dx.png,-1,-1
4106,sub-S10558_ses-E20580_run-1_bp-chest_vp-ap_cr.png,-1,-1
4107,sub-S10558_ses-E21284_run-1_bp-chest_vp-ap_cr.png,-1,-1
4108,sub-S10558_ses-E22117_run-1_bp-chest_vp-ap_cr.png,-1,-1
4109,sub-S10558_ses-E22283_run-1_bp-chest_vp-ap_cr.png,-1,-1
4110,sub-S10558_ses-E22733_run-1_bp-chest_vp-ap_cr.png,-1,-1
4111,sub-S10558_ses-E23242_run-1_bp-chest_vp-ap_cr.png,-1,-1
4112,sub-S10558_ses-E25334_acq-1_run-1_bp-chest_vp-pa_dx.png,-1,-1
4113,sub-S10559_ses-E22506_run-1_bp-chest_vp-ap_cr.png,-1,-1
4114,sub-S10559_ses-E23514_run-1_bp-chest_vp-ap_dx.png,-1,-1
4115,sub-S10559_ses-E25677_run-1_bp-chest_vp-ap_dx.png,-1,-1
4116,sub-S10560_ses-E18309_run-1_bp-chest_vp-ap_cr.png,-1,-1
4117,sub-S10560_ses-E19784_run-1_bp-chest_vp-ap_cr.png,-1,-1
4118,sub-S10560_ses-E23966_run-1_bp-chest_vp-ap_dx.png,-1,-1
4119,sub-S10560_ses-E25488_acq-1_run-1_bp-chest_vp-pa_dx.png,-1,-1
4120,sub-S10560_ses-E25674_run-1_bp-chest_vp-ap_cr.png,-1,-1
4121,sub-S10560_ses-E25998_run-1_bp-chest_vp-ap_cr.png,-1,-1
4122,sub-S10562_ses-E18313_run-1_bp-chest_vp-ap_dx.png,-1,-1
4123,sub-S10562_ses-E22511_run-1_bp-chest_vp-ap_cr.png,-1,-1
4124,sub-S10562_ses-E24424_run-1_bp-chest_vp-pa_dx.png,-1,-1
4125,sub-S10562_ses-E25104_run-1_bp-chest_vp-ap_dx.png,-1,-1
4126,sub-S10563_ses-E18315_run-1_bp-chest_vp-pa_cr.png,-1,-1
4127,sub-S10563_ses-E23502_run-1_bp-chest_cr.png,-1,-1
4128,sub-S10564_ses-E18316_run-1_bp-chest_vp-ap_cr.png,-1,-1
4129,sub-S10564_ses-E19310_run-1_bp-chest_vp-ap_cr.png,-1,-1
4130,sub-S10564_ses-E19578_run-1_bp-chest_vp-ap_cr.png,-1,-1
4131,sub-S10564_ses-E20546_run-1_bp-chest_vp-ap_cr.png,-1,-1
4132,sub-S10564_ses-E21276_run-1_bp-chest_vp-ap_cr.png,-1,-1
4133,sub-S10564_ses-E22478_run-1_bp-chest_vp-ap_cr.png,-1,-1
4134,sub-S10564_ses-E23239_run-1_bp-chest_vp-ap_dx.png,-1,-1
4135,sub-S10564_ses-E23505_run-1_bp-chest_vp-ap_cr.png,-1,-1
4136,sub-S10564_ses-E23955_run-1_bp-chest_vp-ap_cr.png,-1,-1
4137,sub-S10564_ses-E26413_run-2_bp-chest_vp-ap_cr.png,-1,-1
4138,sub-S10565_ses-E18319_run-1_bp-chest_vp-ap_cr.png,-1,-1
4139,sub-S10565_ses-E24411_acq-1_run-1_bp-chest_vp-ll_dx.png,-1,-1
4140,sub-S10565_ses-E25997_run-2_bp-chest_vp-ap_dx.png,-1,-1
4141,sub-S10566_ses-E18320_run-1_bp-chest_vp-ap_cr.png,-1,-1
4142,sub-S10566_ses-E18859_run-1_bp-chest_vp-ap_dx.png,-1,-1
4143,sub-S10566_ses-E19085_run-1_bp-chest_vp-ap_dx.png,-1,-1
4144,sub-S10566_ses-E19601_run-1_bp-chest_vp-ap_dx.png,-1,-1
4145,sub-S10566_ses-E19773_run-1_bp-chest_vp-ap_dx.png,-1,-1
4146,sub-S10566_ses-E19937_run-1_bp-chest_vp-ap_dx.png,-1,-1
4147,sub-S10566_ses-E20140_run-1_bp-chest_vp-ap_dx.png,-1,-1
4148,sub-S10566_ses-E20559_run-1_bp-chest_vp-ap_dx.png,-1,-1
4149,sub-S10566_ses-E20566_run-1_bp-chest_vp-ap_dx.png,-1,-1
4150,sub-S10566_ses-E21067_run-1_bp-chest_vp-ap_dx.png,-1,-1
4151,sub-S10566_ses-E21286_run-1_bp-chest_vp-ap_dx.png,-1,-1
4152,sub-S10566_ses-E21471_run-1_bp-chest_vp-ap_dx.png,-1,-1
4153,sub-S10566_ses-E22504_run-1_bp-chest_vp-ap_dx.png,-1,-1
4154,sub-S10566_ses-E22753_run-2_bp-chest_vp-ap_dx.png,-1,-1
4155,sub-S10566_ses-E23256_run-1_bp-chest_vp-ap_dx.png,-1,-1
4156,sub-S10566_ses-E23979_run-1_bp-chest_vp-ap_cr.png,-1,-1
4157,sub-S10566_ses-E24410_run-1_bp-chest_vp-ap_dx.png,-1,-1
4158,sub-S10566_ses-E24636_acq-2_run-1_bp-chest_vp-ap_dx.png,-1,-1
4159,sub-S10566_ses-E24784_run-1_bp-chest_vp-ap_dx.png,-1,-1
4160,sub-S10566_ses-E25332_run-1_bp-chest_vp-ap_dx.png,-1,-1
4161,sub-S10566_ses-E25681_run-1_bp-chest_vp-pa_cr.png,-1,-1
4162,sub-S10567_ses-E18322_run-1_bp-chest_vp-ap_dx.png,-1,-1
4163,sub-S10567_ses-E21606_run-1_bp-chest_vp-ap_dx.png,-1,-1
4164,sub-S10568_ses-E18323_run-1_bp-chest_vp-ap_cr.png,-1,-1
4165,sub-S10568_ses-E26003_run-1_bp-chest_vp-ap_cr.png,-1,-1
4166,sub-S10569_ses-E18324_run-2_bp-chest_vp-ap_dx.png,-1,-1
4167,sub-S10569_ses-E25682_acq-1_run-1_bp-chest_vp-pa_dx.png,-1,-1
4168,sub-S10570_ses-E18325_run-1_bp-chest_vp-ap_cr.png,-1,-1
4169,sub-S10570_ses-E19335_run-1_bp-chest_vp-ap_cr.png,-1,-1
4170,sub-S10570_ses-E23522_run-1_bp-chest_vp-ap_dx.png,-1,-1
4171,sub-S10570_ses-E26017_run-1_bp-chest_vp-ap_dx.png,-1,-1
4172,sub-S10573_ses-E18328_run-1_bp-chest_vp-ap_dx.png,-1,-1
4173,sub-S10573_ses-E23732_run-1_bp-chest_vp-ap_dx.png,-1,-1
4174,sub-S10573_ses-E23981_run-1_bp-chest_cr.png,-1,-1
4175,sub-S10573_ses-E25697_run-1_bp-chest_vp-ap_dx.png,-1,-1
4176,sub-S10573_ses-E26013_run-1_bp-chest_vp-ap_dx.png,-1,-1
4177,sub-S10574_ses-E19602_run-1_bp-chest_vp-pa_cr.png,-1,-1
4178,sub-S10574_ses-E23525_run-1_bp-chest_vp-ap_cr.png,-1,-1
4179,sub-S10574_ses-E25316_run-1_bp-chest_vp-ap_cr.png,-1,-1
4180,sub-S10575_ses-E19611_run-1_bp-chest_vp-ap_cr.png,-1,-1
4181,sub-S10575_ses-E22517_run-1_bp-chest_vp-ap_cr.png,-1,-1
4182,sub-S10576_ses-E18332_run-1_bp-chest_vp-ap_dx.png,-1,-1
4183,sub-S10576_ses-E18869_run-1_bp-chest_vp-ap_dx.png,-1,-1
4184,sub-S10576_ses-E19089_run-1_bp-chest_vp-ap_dx.png,-1,-1
4185,sub-S10576_ses-E19340_run-1_bp-chest_vp-ap_dx.png,-1,-1
4186,sub-S10576_ses-E19593_run-1_bp-chest_vp-ap_dx.png,-1,-1
4187,sub-S10576_ses-E19785_run-1_bp-chest_dx.png,-1,-1
4188,sub-S10576_ses-E19947_run-1_bp-chest_vp-ap_dx.png,-1,-1
4189,sub-S10576_ses-E20153_run-1_bp-chest_vp-ap_dx.png,-1,-1
4190,sub-S10576_ses-E20574_run-1_bp-chest_vp-ap_dx.png,-1,-1
4191,sub-S10576_ses-E21051_run-1_bp-chest_vp-ap_dx.png,-1,-1
4192,sub-S10576_ses-E21298_run-1_bp-chest_vp-ap_dx.png,-1,-1
4193,sub-S10576_ses-E21781_run-1_bp-chest_vp-ap_cr.png,-1,-1
4194,sub-S10576_ses-E23535_run-1_bp-chest_vp-ap_dx.png,-1,-1
4195,sub-S10576_ses-E23985_run-1_bp-chest_vp-ap_dx.png,-1,-1
4196,sub-S10576_ses-E24431_run-1_bp-chest_vp-ap_dx.png,-1,-1
4197,sub-S10576_ses-E25121_run-1_bp-chest_vp-ap_dx.png,-1,-1
4198,sub-S10576_ses-E26009_run-1_bp-chest_cr.png,-1,-1
4199,sub-S10577_ses-E18336_run-1_bp-chest_vp-ap_cr.png,-1,-1
4200,sub-S10577_ses-E22523_run-1_bp-chest_vp-pa_cr.png,-1,-1
4201,sub-S10577_ses-E23539_run-1_bp-chest_vp-pa_cr.png,-1,-1
4202,sub-S10578_ses-E18340_run-1_bp-chest_vp-ap_cr.png,-1,-1
4203,sub-S10578_ses-E21468_run-1_bp-chest_vp-ap_cr.png,-1,-1
4204,sub-S10578_ses-E23253_run-1_bp-chest_vp-ap_dx.png,-1,-1
4205,sub-S10578_ses-E23974_acq-1_run-1_bp-chest_vp-ll_dx.png,-1,-1
4206,sub-S10578_ses-E26027_run-1_bp-chest_vp-ap_cr.png,-1,-1
4207,sub-S10579_ses-E18341_run-1_bp-chest_vp-ap_cr.png,-1,-1
4208,sub-S10579_ses-E23538_run-1_bp-chest_vp-ap_cr.png,-1,-1
4209,sub-S10579_ses-E25339_acq-1_run-1_bp-chest_vp-pa_dx.png,-1,-1
4210,sub-S10579_ses-E26445_run-1_bp-chest_vp-ap_cr.png,-1,-1
4211,sub-S10580_ses-E18344_run-1_bp-chest_vp-ap_cr.png,-1,-1
4212,sub-S10580_ses-E22533_run-1_bp-chest_vp-pa_cr.png,-1,-1
4213,sub-S10580_ses-E23725_run-1_bp-chest_vp-pa_cr.png,-1,-1
4214,sub-S10580_ses-E24437_run-1_bp-chest_vp-ap_cr.png,-1,-1
4215,sub-S10582_ses-E18346_run-1_bp-chest_vp-ap_cr.png,-1,-1
4216,sub-S10582_ses-E18884_run-1_bp-chest_vp-ap_cr.png,-1,-1
4217,sub-S10582_ses-E19603_run-1_bp-chest_vp-ap_cr.png,-1,-1
4218,sub-S10582_ses-E21993_run-1_bp-chest_vp-ap_cr.png,-1,-1
4219,sub-S10582_ses-E22532_run-1_bp-chest_vp-ap_cr.png,-1,-1
4220,sub-S10582_ses-E22737_run-1_bp-chest_vp-ap_cr.png,-1,-1
4221,sub-S10582_ses-E22935_run-1_bp-chest_vp-ap_cr.png,-1,-1
4222,sub-S10582_ses-E26044_run-1_bp-chest_vp-ap_cr.png,-1,-1
4223,sub-S10583_ses-E18348_run-1_bp-chest_vp-pa_cr.png,-1,-1
4224,sub-S10583_ses-E24645_run-1_bp-chest_vp-ap_cr.png,-1,-1
4225,sub-S10583_ses-E25700_run-1_bp-chest_vp-pa_cr.png,-1,-1
4226,sub-S10583_ses-E26026_run-1_bp-chest_vp-pa_cr.png,-1,-1
4227,sub-S10584_ses-E18350_run-1_bp-chest_vp-ap_cr.png,-1,-1
4228,sub-S10584_ses-E19798_run-1_bp-chest_vp-ap_dx.png,-1,-1
4229,sub-S10584_ses-E20600_run-1_bp-chest_vp-ap_dx.png,-1,-1
4230,sub-S10584_ses-E22536_run-1_bp-chest_vp-ap_dx.png,-1,-1
4231,sub-S10584_ses-E23994_run-1_bp-chest_vp-ap_cr.png,-1,-1
4232,sub-S10584_ses-E24453_run-1_bp-chest_vp-pa_dx.png,-1,-1
4233,sub-S10585_ses-E18352_run-1_bp-chest_vp-ap_dx.png,-1,-1
4234,sub-S10585_ses-E25369_run-1_bp-chest_vp-pa_cr.png,-1,-1
4235,sub-S10586_ses-E18353_run-1_bp-chest_vp-ap_dx.png,-1,-1
4236,sub-S10586_ses-E24433_run-1_bp-chest_vp-pa_dx.png,-1,-1
4237,sub-S10586_ses-E24436_run-1_bp-chest_vp-ap_cr.png,-1,-1
4238,sub-S10587_ses-E22540_run-1_bp-chest_vp-ap_dx.png,-1,-1
4239,sub-S10588_ses-E24434_run-1_bp-chest_vp-pa_dx.png,-1,-1
4240,sub-S10589_ses-E18357_run-1_bp-chest_vp-ap_dx.png,-1,-1
4241,sub-S10589_ses-E19609_run-1_bp-chest_vp-ap_dx.png,-1,-1
4242,sub-S10589_ses-E19795_run-1_bp-chest_vp-ap_dx.png,-1,-1
4243,sub-S10589_ses-E20590_run-1_bp-chest_vp-ap_dx.png,-1,-1
4244,sub-S10589_ses-E22537_run-1_bp-chest_vp-ap_dx.png,-1,-1
4245,sub-S10589_ses-E23541_run-1_bp-chest_vp-ap_dx.png,-1,-1
4246,sub-S10589_ses-E23734_run-1_bp-chest_vp-ap_dx.png,-1,-1
4247,sub-S10589_ses-E24815_run-1_bp-chest_vp-ap_dx.png,-1,-1
4248,sub-S10589_ses-E24972_run-1_bp-chest_vp-ap_dx.png,-1,-1
4249,sub-S10589_ses-E25368_run-1_bp-chest_vp-ap_dx.png,-1,-1
4250,sub-S10589_ses-E25710_run-1_bp-chest_vp-ap_dx.png,-1,-1
4251,sub-S10589_ses-E26537_run-4_bp-chest_vp-ap_dx.png,-1,-1
4252,sub-S10590_ses-E18358_run-1_bp-chest_vp-ap_cr.png,-1,-1
4253,sub-S10591_ses-E18361_run-1_bp-chest_vp-ap_cr.png,-1,-1
4254,sub-S10591_ses-E22552_run-1_bp-chest_vp-ap_cr.png,-1,-1
4255,sub-S10592_ses-E23574_run-1_bp-chest_vp-pa_cr.png,-1,-1
4256,sub-S10593_ses-E18364_run-1_bp-chest_vp-pa_cr.png,-1,-1
4257,sub-S10593_ses-E26462_run-1_bp-chest_vp-pa_cr.png,-1,-1
4258,sub-S10594_ses-E18366_run-1_bp-chest_vp-pa_cr.png,-1,-1
4259,sub-S10594_ses-E20606_run-1_bp-chest_vp-pa_cr.png,-1,-1
4260,sub-S10594_ses-E21098_run-1_bp-chest_vp-ap_cr.png,-1,-1
4261,sub-S10594_ses-E23601_run-1_bp-chest_vp-pa_cr.png,-1,-1
4262,sub-S10594_ses-E26471_run-1_bp-chest_vp-pa_cr.png,-1,-1
4263,sub-S10595_ses-E25156_run-1_bp-chest_vp-pa_dx.png,-1,-1
4264,sub-S10595_ses-E26048_run-1_bp-chest_vp-ap_dx.png,-1,-1
4265,sub-S10596_ses-E18369_run-1_bp-chest_vp-ap_dx.png,-1,-1
4266,sub-S10596_ses-E19387_run-1_bp-chest_vp-ap_dx.png,-1,-1
4267,sub-S10596_ses-E19808_run-1_bp-chest_vp-ap_dx.png,-1,-1
4268,sub-S10596_ses-E19971_run-1_bp-chest_vp-ap_dx.png,-1,-1
4269,sub-S10596_ses-E20605_run-1_bp-chest_vp-ap_dx.png,-1,-1
4270,sub-S10596_ses-E21320_run-1_bp-chest_vp-ap_dx.png,-1,-1
4271,sub-S10596_ses-E21461_run-1_bp-chest_vp-ap_dx.png,-1,-1
4272,sub-S10596_ses-E22549_run-1_bp-chest_vp-ap_dx.png,-1,-1
4273,sub-S10596_ses-E23579_run-1_bp-chest_vp-ap_dx.png,-1,-1
4274,sub-S10596_ses-E24668_run-1_bp-chest_vp-pa_cr.png,-1,-1
4275,sub-S10597_ses-E18370_run-1_bp-chest_vp-ap_dx.png,-1,-1
4276,sub-S10598_ses-E18372_acq-1_run-1_bp-chest_vp-ll_dx.png,-1,-1
4277,sub-S10598_ses-E19982_run-1_bp-chest_vp-ap_cr.png,-1,-1
4278,sub-S10598_ses-E21316_run-1_bp-chest_vp-ap_dx.png,-1,-1
4279,sub-S10599_ses-E18375_run-1_bp-chest_vp-pa_cr.png,-1,-1
4280,sub-S10599_ses-E24032_run-1_bp-chest_vp-ap_cr.png,-1,-1
4281,sub-S10599_ses-E25502_run-1_bp-chest_vp-pa_cr.png,-1,-1
4282,sub-S10600_ses-E18376_run-1_bp-chest_vp-ap_cr.png,-1,-1
4283,sub-S10600_ses-E19974_run-1_bp-chest_vp-ap_cr.png,-1,-1
4284,sub-S10600_ses-E23590_run-1_bp-chest_vp-ap_cr.png,-1,-1
4285,sub-S10600_ses-E25371_run-1_bp-chest_vp-pa_cr.png,-1,-1
4286,sub-S10601_ses-E18377_run-1_bp-chest_vp-ap_cr.png,-1,-1
4287,sub-S10602_ses-E18379_run-1_bp-chest_vp-pa_dx.png,-1,-1
4288,sub-S10603_ses-E18380_run-1_bp-chest_vp-ap_cr.png,-1,-1
4289,sub-S10603_ses-E24473_run-1_bp-chest_vp-ap_cr.png,-1,-1
4290,sub-S10605_ses-E18383_run-1_bp-chest_vp-ap_dx.png,-1,-1
4291,sub-S10605_ses-E21109_run-1_bp-chest_vp-ap_dx.png,-1,-1
4292,sub-S10605_ses-E21473_run-1_bp-chest_vp-ap_dx.png,-1,-1
4293,sub-S10606_ses-E18385_run-1_bp-chest_vp-ap_dx.png,-1,-1
4294,sub-S10606_ses-E19643_run-1_bp-chest_vp-ap_cr.png,-1,-1
4295,sub-S10606_ses-E26052_run-1_bp-chest_vp-ap_cr.png,-1,-1
4296,sub-S10606_ses-E26472_acq-1_run-1_bp-chest_vp-pa_dx.png,-1,-1
4297,sub-S10607_ses-E18386_run-1_bp-chest_vp-ap_dx.png,-1,-1
4298,sub-S10608_ses-E18387_run-1_bp-chest_vp-ap_cr.png,-1,-1
4299,sub-S10608_ses-E23796_run-1_bp-chest_vp-ap_dx.png,-1,-1
4300,sub-S10608_ses-E25743_run-1_bp-chest_vp-ap_dx.png,-1,-1
4301,sub-S10609_ses-E18388_run-1_bp-chest_vp-ap_dx.png,-1,-1
4302,sub-S10609_ses-E20624_run-2_bp-chest_vp-ap_dx.png,-1,-1
4303,sub-S10609_ses-E25383_acq-1_run-1_bp-chest_vp-pa_dx.png,-1,-1
4304,sub-S10609_ses-E26453_run-1_bp-chest_vp-ap_dx.png,-1,-1
4305,sub-S10610_ses-E18389_run-1_bp-chest_vp-ap_dx.png,-1,-1
4306,sub-S10610_ses-E23602_run-1_bp-chest_vp-ap_dx.png,-1,-1
4307,sub-S10610_ses-E24034_acq-1_run-1_bp-chest_vp-pa_dx.png,-1,-1
4308,sub-S10611_ses-E18390_run-1_bp-chest_vp-ap_dx.png,-1,-1
4309,sub-S10612_ses-E18391_run-1_bp-chest_vp-pa_cr.png,-1,-1
4310,sub-S10612_ses-E21335_run-1_bp-chest_vp-pa_cr.png,-1,-1
4311,sub-S10612_ses-E24043_run-1_bp-chest_vp-pa_cr.png,-1,-1
4312,sub-S10612_ses-E24840_run-1_bp-chest_vp-pa_dx.png,-1,-1
4313,sub-S10613_ses-E18392_run-1_bp-chest_vp-ap_cr.png,-1,-1
4314,sub-S10613_ses-E19385_run-1_bp-chest_vp-ap_dx.png,-1,-1
4315,sub-S10613_ses-E25162_acq-1_run-1_bp-chest_vp-ll_dx.png,-1,-1
4316,sub-S10614_ses-E18394_run-1_bp-chest_vp-ap_dx.png,-1,-1
4317,sub-S10614_ses-E23597_run-1_bp-chest_vp-ap_dx.png,-1,-1
4318,sub-S10614_ses-E24481_acq-1_run-1_bp-chest_vp-ll_dx.png,-1,-1
4319,sub-S10614_ses-E25739_run-1_bp-chest_vp-ap_dx.png,-1,-1
4320,sub-S10614_ses-E26599_run-1_bp-chest_vp-ap_cr.png,-1,-1
4321,sub-S10615_ses-E18395_run-1_bp-chest_vp-ap_cr.png,-1,-1
4322,sub-S10615_ses-E19809_run-1_bp-chest_vp-ap_dx.png,-1,-1
4323,sub-S10615_ses-E20638_run-1_bp-chest_vp-ap_dx.png,-1,-1
4324,sub-S10615_ses-E24042_run-1_bp-chest_vp-ap_cr.png,-1,-1
4325,sub-S10615_ses-E24484_run-1_bp-chest_vp-ap_cr.png,-1,-1
4326,sub-S10615_ses-E24838_run-1_bp-chest_vp-pa_dx.png,-1,-1
4327,sub-S10615_ses-E25175_run-1_bp-chest_vp-ap_dx.png,-1,-1
4328,sub-S10615_ses-E25511_run-1_bp-chest_vp-ap_dx.png,-1,-1
4329,sub-S10615_ses-E25747_run-1_bp-chest_vp-ap_dx.png,-1,-1
4330,sub-S10615_ses-E26289_run-1_bp-chest_vp-ap_cr.png,-1,-1
4331,sub-S10616_ses-E18397_run-1_bp-chest_vp-ap_dx.png,-1,-1
4332,sub-S10616_ses-E18706_run-1_bp-chest_vp-ap_cr.png,-1,-1
4333,sub-S10616_ses-E19981_run-1_bp-chest_vp-ap_cr.png,-1,-1
4334,sub-S10616_ses-E20182_run-1_bp-chest_vp-ap_cr.png,-1,-1
4335,sub-S10616_ses-E20790_run-1_bp-chest_vp-ap_cr.png,-1,-1
4336,sub-S10616_ses-E21336_run-1_bp-chest_vp-pa_cr.png,-1,-1
4337,sub-S10616_ses-E21655_run-1_bp-chest_vp-ap_cr.png,-1,-1
4338,sub-S10618_ses-E18399_run-1_bp-chest_cr.png,-1,-1
4339,sub-S10618_ses-E18400_run-1_bp-chest_cr.png,-1,-1
4340,sub-S10618_ses-E18709_run-1_bp-chest_cr.png,-1,-1
4341,sub-S10618_ses-E18922_run-1_bp-chest_cr.png,-1,-1
4342,sub-S10618_ses-E19398_run-1_bp-chest_cr.png,-1,-1
4343,sub-S10618_ses-E19819_run-1_bp-chest_cr.png,-1,-1
4344,sub-S10618_ses-E21901_run-1_bp-chest_vp-ap_dx.png,-1,-1
4345,sub-S10618_ses-E22002_run-1_bp-chest_vp-ap_dx.png,-1,-1
4346,sub-S10618_ses-E22155_run-1_bp-chest_vp-ap_dx.png,-1,-1
4347,sub-S10618_ses-E22978_run-1_bp-chest_vp-ap_dx.png,-1,-1
4348,sub-S10618_ses-E23743_run-1_bp-chest_vp-ap_cr.png,-1,-1
4349,sub-S10618_ses-E24039_run-1_bp-chest_cr.png,-1,-1
4350,sub-S10618_ses-E25751_run-1_bp-chest_cr.png,-1,-1
4351,sub-S10618_ses-E26459_run-1_bp-chest_cr.png,-1,-1
4352,sub-S10620_ses-E18403_run-1_bp-chest_vp-pa_cr.png,-1,-1
4353,sub-S10621_ses-E18405_run-1_bp-chest_vp-ap_dx.png,-1,-1
4354,sub-S10621_ses-E21130_run-1_bp-chest_vp-ap_dx.png,-1,-1
4355,sub-S10621_ses-E24680_run-1_bp-chest_vp-ap_dx.png,-1,-1
4356,sub-S10621_ses-E25389_acq-1_run-1_bp-chest_vp-pa_dx.png,-1,-1
4357,sub-S10622_ses-E18407_run-1_bp-chest_vp-ap_dx.png,-1,-1
4358,sub-S10623_ses-E18409_run-1_bp-chest_vp-ap_cr.png,-1,-1
4359,sub-S10623_ses-E23611_run-1_bp-chest_vp-ap_cr.png,-1,-1
4360,sub-S10623_ses-E24488_run-1_bp-chest_vp-ap_cr.png,-1,-1
4361,sub-S10623_ses-E24700_run-1_bp-chest_vp-ap_cr.png,-1,-1
4362,sub-S10623_ses-E25186_run-1_bp-chest_vp-ap_cr.png,-1,-1
4363,sub-S10624_ses-E18412_run-1_bp-chest_vp-pa_dx.png,-1,-1
4364,sub-S10624_ses-E19113_run-1_bp-chest_vp-pa_dx.png,-1,-1
4365,sub-S10625_ses-E18612_run-1_bp-chest_vp-ap_cr.png,-1,-1
4366,sub-S10625_ses-E18939_run-1_bp-chest_vp-ap_dx.png,-1,-1
4367,sub-S10625_ses-E21342_acq-1_run-1_bp-chest_vp-pa_dx.png,-1,-1
4368,sub-S10625_ses-E21666_run-1_bp-chest_vp-ap_cr.png,-1,-1
4369,sub-S10625_ses-E21831_run-1_bp-chest_vp-ap_cr.png,-1,-1
4370,sub-S10625_ses-E22971_run-1_bp-chest_vp-ap_cr.png,-1,-1
4371,sub-S10627_ses-E18417_acq-1_run-1_bp-chest_vp-pa_dx.png,-1,-1
4372,sub-S10627_ses-E19828_run-1_bp-chest_vp-ap_cr.png,-1,-1
4373,sub-S10627_ses-E20196_run-1_bp-chest_vp-ap_cr.png,-1,-1
4374,sub-S10627_ses-E21349_run-1_bp-chest_vp-ap_cr.png,-1,-1
4375,sub-S10627_ses-E22013_run-1_bp-chest_vp-ap_cr.png,-1,-1
4376,sub-S10627_ses-E22585_run-1_bp-chest_vp-ap_cr.png,-1,-1
4377,sub-S10627_ses-E22586_run-1_bp-chest_vp-ap_cr.png,-1,-1
4378,sub-S10627_ses-E22797_run-1_bp-chest_vp-pa_dx.png,-1,-1
4379,sub-S10628_ses-E18419_run-1_bp-chest_vp-ap_cr.png,-1,-1
4380,sub-S10628_ses-E19660_run-1_bp-chest_vp-ap_cr.png,-1,-1
4381,sub-S10628_ses-E23295_run-1_bp-chest_vp-ap_cr.png,-1,-1
4382,sub-S10629_ses-E18420_run-1_bp-chest_vp-ap_dx.png,-1,-1
4383,sub-S10629_ses-E19121_run-1_bp-chest_vp-ap_dx.png,-1,-1
4384,sub-S10629_ses-E19655_run-1_bp-chest_vp-ap_cr.png,-1,-1
4385,sub-S10629_ses-E22572_run-1_bp-chest_vp-ap_cr.png,-1,-1
4386,sub-S10630_ses-E18421_run-1_bp-chest_vp-ap_dx.png,-1,-1
4387,sub-S10631_ses-E18423_run-1_bp-chest_vp-ap_dx.png,-1,-1
4388,sub-S10632_ses-E18427_run-1_bp-chest_vp-pa_cr.png,-1,-1
4389,sub-S10633_ses-E21354_run-1_bp-chest_vp-pa_cr.png,-1,-1
4390,sub-S10634_ses-E18429_run-1_bp-chest_vp-pa_dx.png,-1,-1
4391,sub-S10634_ses-E22580_run-1_bp-chest_vp-ap_dx.png,-1,-1
4392,sub-S10635_ses-E18432_run-1_bp-chest_vp-ap_dx.png,-1,-1
4393,sub-S10635_ses-E24075_acq-1_run-1_bp-chest_vp-ll_dx.png,-1,-1
4394,sub-S10636_ses-E18433_run-1_bp-chest_vp-ap_cr.png,-1,-1
4395,sub-S10636_ses-E19126_run-1_bp-chest_vp-ap_cr.png,-1,-1
4396,sub-S10636_ses-E19837_run-2_bp-chest_vp-ap_cr.png,-1,-1
4397,sub-S10636_ses-E20194_run-1_bp-chest_vp-ap_cr.png,-1,-1
4398,sub-S10636_ses-E20667_run-1_bp-chest_vp-pa_cr.png,-1,-1
4399,sub-S10636_ses-E21667_run-1_bp-chest_vp-ap_cr.png,-1,-1
4400,sub-S10636_ses-E22793_run-1_bp-chest_vp-ap_cr.png,-1,-1
4401,sub-S10636_ses-E24697_run-1_bp-chest_vp-ap_cr.png,-1,-1
4402,sub-S10636_ses-E26108_run-1_bp-chest_vp-ap_cr.png,-1,-1
4403,sub-S10638_ses-E18437_run-1_bp-chest_vp-pa_dx.png,-1,-1
4404,sub-S10640_ses-E18440_run-1_bp-chest_vp-ap_cr.png,-1,-1
4405,sub-S10640_ses-E24187_run-1_bp-chest_vp-pa_cr.png,-1,-1
4406,sub-S10640_ses-E24273_run-1_bp-chest_vp-pa_cr.png,-1,-1
4407,sub-S10640_ses-E25201_run-1_bp-chest_vp-ap_cr.png,-1,-1
4408,sub-S10640_ses-E25400_run-1_bp-chest_vp-ap_cr.png,-1,-1
4409,sub-S10641_ses-E18442_run-1_bp-chest_vp-ap_cr.png,-1,-1
4410,sub-S10641_ses-E20008_run-1_bp-chest_vp-ap_cr.png,-1,-1
4411,sub-S10641_ses-E20678_run-1_bp-chest_vp-ap_cr.png,-1,-1
4412,sub-S10641_ses-E24502_acq-1_run-1_bp-chest_vp-pa_dx.png,-1,-1
4413,sub-S10642_ses-E18443_run-1_bp-chest_vp-ap_cr.png,-1,-1
4414,sub-S10642_ses-E18959_run-1_bp-chest_vp-ap_dx.png,-1,-1
4415,sub-S10643_ses-E18444_run-1_bp-chest_vp-ap_dx.png,-1,-1
4416,sub-S10643_ses-E19137_run-1_bp-chest_vp-pa_dx.png,-1,-1
4417,sub-S10643_ses-E23640_run-1_bp-chest_vp-ap_dx.png,-1,-1
4418,sub-S10643_ses-E25205_run-1_bp-chest_vp-pa_dx.png,-1,-1
4419,sub-S10644_ses-E18445_run-1_bp-chest_vp-ap_cr.png,-1,-1
4420,sub-S10644_ses-E19682_run-1_bp-chest_vp-ap_cr.png,-1,-1
4421,sub-S10644_ses-E22610_run-1_bp-chest_vp-ap_dx.png,-1,-1
4422,sub-S10644_ses-E23636_run-1_bp-chest_vp-ap_cr.png,-1,-1
4423,sub-S10644_ses-E26296_acq-1_run-1_bp-chest_vp-pa_dx.png,-1,-1
4424,sub-S10644_ses-E26499_run-1_bp-chest_vp-ap_cr.png,-1,-1
4425,sub-S10645_ses-E18446_run-1_bp-chest_vp-ap_cr.png,-1,-1
4426,sub-S10645_ses-E19435_run-1_bp-chest_vp-ap_cr.png,-1,-1
4427,sub-S10645_ses-E20017_run-1_bp-chest_vp-ap_cr.png,-1,-1
4428,sub-S10645_ses-E22611_run-1_bp-chest_vp-ap_cr.png,-1,-1
4429,sub-S10645_ses-E23635_run-1_bp-chest_vp-pa_cr.png,-1,-1
4430,sub-S10645_ses-E24713_run-1_bp-chest_vp-ap_cr.png,-1,-1
4431,sub-S10645_ses-E25787_acq-1_run-1_bp-chest_vp-pa_dx.png,-1,-1
4432,sub-S10646_ses-E25221_acq-1_run-1_bp-chest_vp-ll_dx.png,-1,-1
4433,sub-S10648_ses-E18451_run-1_bp-chest_vp-ap_dx.png,-1,-1
4434,sub-S10648_ses-E25217_acq-2_run-1_bp-chest_vp-pa_dx.png,-1,-1
4435,sub-S10648_ses-E26128_run-1_bp-chest_vp-ap_cr.png,-1,-1
4436,sub-S10649_ses-E18452_run-1_bp-chest_vp-ap_cr.png,-1,-1
4437,sub-S10649_ses-E20688_run-1_bp-chest_vp-ap_cr.png,-1,-1
4438,sub-S10649_ses-E22619_run-1_bp-chest_vp-ap_cr.png,-1,-1
4439,sub-S10649_ses-E25218_run-1_bp-chest_vp-ap_cr.png,-1,-1
4440,sub-S10649_ses-E25524_run-1_bp-chest_vp-ap_cr.png,-1,-1
4441,sub-S10650_ses-E18453_run-1_bp-chest_vp-ap_cr.png,-1,-1
4442,sub-S10650_ses-E26316_run-1_bp-chest_vp-ap_dx.png,-1,-1
4443,sub-S10651_ses-E20684_run-1_bp-chest_vp-ap_cr.png,-1,-1
4444,sub-S10651_ses-E20817_acq-1_run-1_bp-chest_vp-ll_dx.png,-1,-1
4445,sub-S10651_ses-E22623_run-1_bp-chest_vp-ap_dx.png,-1,-1
4446,sub-S10651_ses-E24288_run-1_bp-chest_vp-pa_cr.png,-1,-1
4447,sub-S10651_ses-E25215_run-2_bp-chest_vp-ap_dx.png,-1,-1
4448,sub-S10652_ses-E18455_run-1_bp-chest_vp-ap_dx.png,-1,-1
4449,sub-S10652_ses-E19150_run-1_bp-chest_vp-ap_dx.png,-1,-1
4450,sub-S10652_ses-E19693_run-1_bp-chest_vp-ap_dx.png,-1,-1
4451,sub-S10652_ses-E21500_run-1_bp-chest_vp-ap_dx.png,-1,-1
4452,sub-S10652_ses-E24526_run-1_bp-chest_vp-ap_dx.png,-1,-1
4453,sub-S10652_ses-E25414_run-1_bp-chest_vp-ap_dx.png,-1,-1
4454,sub-S10652_ses-E26137_run-1_bp-chest_vp-ap_dx.png,-1,-1
4455,sub-S10652_ses-E26506_run-1_bp-chest_vp-ap_dx.png,-1,-1
4456,sub-S10654_ses-E18459_run-1_bp-chest_vp-pa_dx.png,-1,-1
4457,sub-S10654_ses-E25232_run-1_bp-chest_vp-pa_dx.png,-1,-1
4458,sub-S10656_ses-E18461_run-1_bp-chest_vp-ap_cr.png,-1,-1
4459,sub-S10656_ses-E19697_run-1_bp-chest_vp-ap_cr.png,-1,-1
4460,sub-S10656_ses-E20691_run-1_bp-chest_vp-ap_cr.png,-1,-1
4461,sub-S10656_ses-E22830_run-1_bp-chest_vp-ap_dx.png,-1,-1
4462,sub-S10656_ses-E23659_run-1_bp-chest_vp-pa_cr.png,-1,-1
4463,sub-S10656_ses-E24846_acq-1_run-1_bp-chest_vp-ll_dx.png,-1,-1
4464,sub-S10656_ses-E26318_run-1_bp-chest_vp-ap_cr.png,-1,-1
4465,sub-S10657_ses-E18463_run-1_bp-chest_vp-pa_cr.png,-1,-1
4466,sub-S10657_ses-E18973_run-1_bp-chest_vp-pa_cr.png,-1,-1
4467,sub-S10657_ses-E21174_run-1_bp-chest_vp-pa_cr.png,-1,-1
4468,sub-S10657_ses-E23657_run-1_bp-chest_vp-pa_cr.png,-1,-1
4469,sub-S10658_ses-E18464_run-1_bp-chest_vp-ap_cr.png,-1,-1
4470,sub-S10658_ses-E22039_run-1_bp-chest_vp-ap_cr.png,-1,-1
4471,sub-S10658_ses-E22633_run-1_bp-chest_vp-ap_cr.png,-1,-1
4472,sub-S10658_ses-E23365_run-1_bp-chest_vp-ap_cr.png,-1,-1
4473,sub-S10658_ses-E23662_run-1_bp-chest_vp-ap_cr.png,-1,-1
4474,sub-S10658_ses-E26150_run-1_bp-chest_vp-ap_cr.png,-1,-1
4475,sub-S10658_ses-E26515_run-1_bp-chest_vp-ap_cr.png,-1,-1
4476,sub-S10659_ses-E18466_run-1_bp-chest_vp-ap_dx.png,-1,-1
4477,sub-S10659_ses-E18988_run-1_bp-chest_vp-ap_dx.png,-1,-1
4478,sub-S10659_ses-E19146_run-1_bp-chest_vp-ap_dx.png,-1,-1
4479,sub-S10659_ses-E19447_run-1_bp-chest_vp-ap_dx.png,-1,-1
4480,sub-S10659_ses-E19687_run-1_bp-chest_vp-ap_dx.png,-1,-1
4481,sub-S10659_ses-E19847_run-1_bp-chest_vp-ap_dx.png,-1,-1
4482,sub-S10659_ses-E20040_run-1_bp-chest_vp-ap_dx.png,-1,-1
4483,sub-S10659_ses-E20219_run-1_bp-chest_vp-ap_dx.png,-1,-1
4484,sub-S10659_ses-E20705_run-1_bp-chest_vp-ap_dx.png,-1,-1
4485,sub-S10659_ses-E21181_run-1_bp-chest_vp-ap_dx.png,-1,-1
4486,sub-S10659_ses-E21376_run-1_bp-chest_vp-ap_dx.png,-1,-1
4487,sub-S10659_ses-E21520_run-1_bp-chest_vp-ap_dx.png,-1,-1
4488,sub-S10659_ses-E21846_run-1_bp-chest_vp-ap_dx.png,-1,-1
4489,sub-S10659_ses-E22631_run-1_bp-chest_vp-ap_dx.png,-1,-1
4490,sub-S10659_ses-E23363_run-1_bp-chest_vp-ap_dx.png,-1,-1
4491,sub-S10659_ses-E24728_run-1_bp-chest_cr.png,-1,-1
4492,sub-S10659_ses-E26151_run-1_bp-chest_vp-ap_dx.png,-1,-1
4493,sub-S10659_ses-E26514_run-1_bp-chest_vp-ap_dx.png,-1,-1
4494,sub-S10660_ses-E18467_run-1_bp-chest_vp-pa_cr.png,-1,-1
4495,sub-S10660_ses-E24121_run-1_bp-chest_vp-pa_cr.png,-1,-1
4496,sub-S10660_ses-E24717_run-1_bp-chest_vp-pa_cr.png,-1,-1
4497,sub-S10662_ses-E18469_run-1_bp-chest_vp-ap_dx.png,-1,-1
4498,sub-S10662_ses-E22628_run-1_bp-chest_vp-ap_dx.png,-1,-1
4499,sub-S10662_ses-E26145_run-1_bp-chest_vp-pa_dx.png,-1,-1
4500,sub-S10663_ses-E18470_run-1_bp-chest_vp-ap_cr.png,-1,-1
4501,sub-S10663_ses-E18471_run-1_bp-chest_vp-ap_dx.png,-1,-1
4502,sub-S10663_ses-E19706_acq-1_run-1_bp-chest_vp-ap_dx.png,-1,-1
4503,sub-S10663_ses-E19848_run-1_bp-chest_vp-ap_dx.png,-1,-1
4504,sub-S10663_ses-E20038_run-1_bp-chest_vp-ap_dx.png,-1,-1
4505,sub-S10663_ses-E20701_acq-2_run-1_bp-chest_vp-ap_dx.png,-1,-1
4506,sub-S10663_ses-E21179_run-1_bp-chest_vp-ap_dx.png,-1,-1
4507,sub-S10663_ses-E21385_run-1_bp-chest_vp-ap_dx.png,-1,-1
4508,sub-S10663_ses-E21519_run-1_bp-chest_vp-ap_dx.png,-1,-1
4509,sub-S10663_ses-E22630_run-1_bp-chest_vp-ap_dx.png,-1,-1
4510,sub-S10663_ses-E24729_run-1_bp-chest_vp-ap_cr.png,-1,-1
4511,sub-S10666_ses-E18473_run-1_bp-chest_vp-ap_dx.png,-1,-1
4512,sub-S10666_ses-E19463_run-1_bp-chest_vp-ap_dx.png,-1,-1
4513,sub-S10666_ses-E19849_run-1_bp-chest_vp-ap_dx.png,-1,-1
4514,sub-S10666_ses-E20037_run-1_bp-chest_vp-ap_dx.png,-1,-1
4515,sub-S10666_ses-E20700_run-1_bp-chest_vp-ap_cr.png,-1,-1
4516,sub-S10666_ses-E22642_run-1_bp-chest_vp-ap_dx.png,-1,-1
4517,sub-S10666_ses-E23685_run-1_bp-chest_cr.png,-1,-1
4518,sub-S10666_ses-E25235_run-1_bp-chest_cr.png,-1,-1
4519,sub-S10666_ses-E25802_run-1_bp-chest_cr.png,-1,-1
4520,sub-S10667_ses-E18474_run-1_bp-chest_cr.png,-1,-1
4521,sub-S10668_ses-E18475_run-1_bp-chest_vp-ap_cr.png,-1,-1
4522,sub-S10668_ses-E23672_acq-1_run-1_bp-chest_vp-ll_dx.png,-1,-1
4523,sub-S10674_ses-E18489_run-1_bp-chest_vp-ap_cr.png,-1,-1
4524,sub-S10674_ses-E19231_run-1_bp-chest_vp-ap_cr.png,-1,-1
4525,sub-S10674_ses-E19868_run-1_bp-chest_vp-ap_cr.png,-1,-1
4526,sub-S10674_ses-E20046_run-1_bp-chest_vp-ap_dx.png,-1,-1
4527,sub-S10674_ses-E20835_run-1_bp-chest_vp-ap_cr.png,-1,-1
4528,sub-S10674_ses-E21206_run-1_bp-chest_vp-ap_cr.png,-1,-1
4529,sub-S10674_ses-E22373_run-1_bp-chest_vp-ap_cr.png,-1,-1
4530,sub-S10674_ses-E23390_run-1_bp-chest_vp-ap_cr.png,-1,-1
4531,sub-S10674_ses-E24740_run-1_bp-chest_vp-ap_cr.png,-1,-1
4532,sub-S10674_ses-E25248_run-1_bp-chest_vp-ap_cr.png,-1,-1
4533,sub-S10675_ses-E18490_run-1_bp-chest_vp-ap_dx.png,-1,-1
4534,sub-S10675_ses-E18997_run-1_bp-chest_vp-ap_cr.png,-1,-1
4535,sub-S10675_ses-E19718_run-1_bp-chest_vp-ap_dx.png,-1,-1
4536,sub-S10675_ses-E20050_run-1_bp-chest_vp-ap_dx.png,-1,-1
4537,sub-S10675_ses-E20439_run-1_bp-chest_vp-ap_cr.png,-1,-1
4538,sub-S10675_ses-E20848_run-1_bp-chest_vp-ap_dx.png,-1,-1
4539,sub-S10675_ses-E20970_run-1_bp-chest_vp-ap_dx.png,-1,-1
4540,sub-S10675_ses-E21924_run-1_bp-chest_vp-ap_dx.png,-1,-1
4541,sub-S10675_ses-E22653_run-1_bp-chest_vp-ap_dx.png,-1,-1
4542,sub-S10675_ses-E23394_run-1_bp-chest_vp-ap_dx.png,-1,-1
4543,sub-S10675_ses-E26330_run-1_bp-chest_vp-ap_cr.png,-1,-1
4544,sub-S10677_ses-E26326_run-1_bp-chest_vp-ap_dx.png,-1,-1
4545,sub-S10678_ses-E18495_run-1_bp-chest_vp-pa_cr.png,-1,-1
4546,sub-S10679_ses-E20985_run-1_bp-chest_vp-pa_dx.png,-1,-1
4547,sub-S10679_ses-E21394_run-1_bp-chest_vp-ap_dx.png,-1,-1
4548,sub-S10679_ses-E21711_run-1_bp-chest_vp-pa_dx.png,-1,-1
4549,sub-S10679_ses-E24326_run-1_bp-chest_vp-pa_dx.png,-1,-1
4550,sub-S10679_ses-E25004_run-1_bp-chest_vp-pa_dx.png,-1,-1
4551,sub-S10680_ses-E18498_run-1_bp-chest_vp-pa_cr.png,-1,-1
4552,sub-S10681_ses-E23889_run-1_bp-chest_vp-ap_cr.png,-1,-1
4553,sub-S10682_ses-E18502_run-1_bp-chest_vp-pa_cr.png,-1,-1
4554,sub-S10683_ses-E18505_run-1_bp-chest_vp-pa_cr.png,-1,-1
4555,sub-S10686_ses-E18509_run-1_bp-chest_vp-ap_dx.png,-1,-1
4556,sub-S10686_ses-E22212_run-1_bp-chest_vp-pa_dx.png,-1,-1
4557,sub-S10688_ses-E25449_run-1_bp-chest_vp-pa_cr.png,-1,-1
4558,sub-S10689_ses-E24621_run-1_bp-chest_vp-ap_dx.png,-1,-1
4559,sub-S10689_ses-E25052_run-1_bp-chest_vp-pa_cr.png,-1,-1
4560,sub-S10689_ses-E26381_run-1_bp-chest_vp-ap_dx.png,-1,-1
4561,sub-S10690_ses-E18521_run-1_bp-chest_vp-ap_dx.png,-1,-1
4562,sub-S10691_ses-E18522_run-1_bp-chest_vp-ap_dx.png,-1,-1
4563,sub-S10692_ses-E18525_run-1_bp-chest_vp-ap_cr.png,-1,-1
4564,sub-S10692_ses-E18814_run-1_bp-chest_vp-ap_cr.png,-1,-1
4565,sub-S10692_ses-E22243_run-1_bp-chest_vp-ap_cr.png,-1,-1
4566,sub-S10693_ses-E18526_run-1_bp-chest_vp-pa_dx.png,-1,-1
4567,sub-S10693_ses-E20343_run-1_bp-chest_vp-pa_dx.png,-1,-1
4568,sub-S10693_ses-E20872_run-1_bp-chest_vp-ap_cr.png,-1,-1
4569,sub-S10693_ses-E21575_run-1_bp-chest_vp-pa_dx.png,-1,-1
4570,sub-S10693_ses-E21878_run-1_bp-chest_vp-ap_dx.png,-1,-1
4571,sub-S10693_ses-E23059_run-1_bp-chest_vp-ap_dx.png,-1,-1
4572,sub-S10694_ses-E23470_run-1_bp-chest_cr.png,-1,-1
4573,sub-S10694_ses-E23915_run-1_bp-chest_vp-ap_dx.png,-1,-1
4574,sub-S10694_ses-E24367_acq-2_run-1_bp-chest_vp-ap_dx.png,-1,-1
4575,sub-S10694_ses-E24616_run-1_bp-chest_vp-ap_dx.png,-1,-1
4576,sub-S10694_ses-E26397_run-1_bp-chest_vp-ap_dx.png,-1,-1
4577,sub-S10695_ses-E18529_run-1_bp-chest_vp-ap_cr.png,-1,-1
4578,sub-S10695_ses-E19176_run-1_bp-chest_vp-ap_cr.png,-1,-1
4579,sub-S10695_ses-E20088_run-1_bp-chest_vp-ap_cr.png,-1,-1
4580,sub-S10695_ses-E20241_run-1_bp-chest_vp-ap_cr.png,-1,-1
4581,sub-S10695_ses-E21030_run-1_bp-chest_vp-ap_cr.png,-1,-1
4582,sub-S10695_ses-E21421_run-1_bp-chest_vp-ap_cr.png,-1,-1
4583,sub-S10695_ses-E21576_run-1_bp-chest_vp-ap_cr.png,-1,-1
4584,sub-S10695_ses-E21583_run-1_bp-chest_vp-ap_cr.png,-1,-1
4585,sub-S10695_ses-E21880_run-1_bp-chest_vp-ap_cr.png,-1,-1
4586,sub-S10695_ses-E21957_run-1_bp-chest_vp-ap_cr.png,-1,-1
4587,sub-S10695_ses-E22251_run-1_bp-chest_vp-ap_cr.png,-1,-1
4588,sub-S10695_ses-E22453_run-1_bp-chest_vp-ap_cr.png,-1,-1
4589,sub-S10695_ses-E25938_acq-1_run-1_bp-chest_vp-pa_dx.png,-1,-1
4590,sub-S10696_ses-E25294_run-1_bp-chest_vp-pa_cr.png,-1,-1
4591,sub-S10698_ses-E18536_run-1_bp-chest_vp-pa_dx.png,-1,-1
4592,sub-S10698_ses-E19292_run-1_bp-chest_vp-pa_dx.png,-1,-1
4593,sub-S10698_ses-E19553_run-1_bp-chest_vp-ap_dx.png,-1,-1
4594,sub-S10698_ses-E20880_run-1_bp-chest_vp-ap_dx.png,-1,-1
4595,sub-S10698_ses-E21748_run-1_bp-chest_vp-ap_dx.png,-1,-1
4596,sub-S10699_ses-E20529_run-1_bp-chest_vp-ap_dx.png,-1,-1
4597,sub-S10699_ses-E23938_run-1_bp-chest_vp-pa_dx.png,-1,-1
4598,sub-S10699_ses-E25634_run-1_bp-chest_vp-ap_dx.png,-1,-1
4599,sub-S10699_ses-E25958_run-1_bp-chest_vp-ap_dx.png,-1,-1
4600,sub-S10700_ses-E23942_run-1_bp-chest_vp-pa_cr.png,-1,-1
4601,sub-S10700_ses-E25087_run-1_bp-chest_vp-ap_dx.png,-1,-1
4602,sub-S10703_ses-E23954_run-1_bp-chest_cr.png,-1,-1
4603,sub-S10703_ses-E25114_run-1_bp-chest_vp-ap_dx.png,-1,-1
4604,sub-S10703_ses-E25644_run-1_bp-chest_vp-ap_dx.png,-1,-1
4605,sub-S10707_ses-E24630_run-1_bp-chest_cr.png,-1,-1
4606,sub-S10708_ses-E23983_run-1_bp-chest_vp-pa_cr.png,-1,-1
4607,sub-S10708_ses-E26011_run-1_bp-chest_vp-pa_cr.png,-1,-1
4608,sub-S10709_ses-E21997_run-1_bp-chest_vp-pa_cr.png,-1,-1
4609,sub-S10709_ses-E23984_run-1_bp-chest_cr.png,-1,-1
4610,sub-S10709_ses-E24432_run-1_bp-chest_vp-pa_cr.png,-1,-1
4611,sub-S10717_ses-E20385_run-1_bp-chest_vp-ap_cr.png,-1,-1
4612,sub-S10717_ses-E22780_run-1_bp-chest_vp-ap_dx.png,-1,-1
4613,sub-S10717_ses-E24143_run-1_bp-chest_vp-pa_dx.png,-1,-1
4614,sub-S10718_ses-E23996_run-1_bp-chest_vp-pa_cr.png,-1,-1
4615,sub-S10719_ses-E24016_run-1_bp-chest_vp-ap_dx.png,-1,-1
4616,sub-S10719_ses-E24675_run-1_bp-chest_vp-ap_dx.png,-1,-1
4617,sub-S10719_ses-E25142_run-1_bp-chest_vp-ap_dx.png,-1,-1
4618,sub-S10719_ses-E25718_run-1_bp-chest_vp-ap_dx.png,-1,-1
4619,sub-S10719_ses-E26067_run-1_bp-chest_vp-ap_dx.png,-1,-1
4620,sub-S10720_ses-E18588_run-1_bp-chest_vp-ap_cr.png,-1,-1
4621,sub-S10721_ses-E18882_run-1_bp-chest_vp-ap_dx.png,-1,-1
4622,sub-S10722_ses-E18590_run-1_bp-chest_vp-pa_cr.png,-1,-1
4623,sub-S10723_ses-E22764_run-1_bp-chest_vp-pa_dx.png,-1,-1
4624,sub-S10723_ses-E26283_run-1_bp-chest_vp-pa_dx.png,-1,-1
4625,sub-S10724_ses-E18593_run-1_bp-chest_dx.png,-1,-1
4626,sub-S10725_ses-E18603_acq-1_run-1_bp-chest_vp-pa_dx.png,-1,-1
4627,sub-S10725_ses-E18917_run-1_bp-chest_vp-ap_dx.png,-1,-1
4628,sub-S10725_ses-E20639_run-1_bp-chest_vp-ap_cr.png,-1,-1
4629,sub-S10725_ses-E21132_run-1_bp-chest_vp-ap_cr.png,-1,-1
4630,sub-S10725_ses-E23299_run-1_bp-chest_vp-ap_dx.png,-1,-1
4631,sub-S10725_ses-E25172_run-1_bp-chest_vp-ap_cr.png,-1,-1
4632,sub-S10726_ses-E18605_run-1_bp-chest_vp-pa_dx.png,-1,-1
4633,sub-S10730_ses-E24711_run-1_bp-chest_vp-ap_dx.png,-1,-1
4634,sub-S10730_ses-E26109_run-1_bp-chest_vp-ap_dx.png,-1,-1
4635,sub-S10733_ses-E18615_run-1_bp-chest_vp-ap_cr.png,-1,-1
4636,sub-S10733_ses-E23315_run-1_bp-chest_vp-ap_dx.png,-1,-1
4637,sub-S10733_ses-E25193_run-1_bp-chest_vp-ap_dx.png,-1,-1
4638,sub-S10733_ses-E25396_run-1_bp-chest_vp-ap_cr.png,-1,-1
4639,sub-S10734_ses-E18617_run-1_bp-chest_vp-pa_cr.png,-1,-1
4640,sub-S10735_ses-E18622_run-1_bp-chest_vp-ap_dx.png,-1,-1
4641,sub-S10735_ses-E20686_run-1_bp-chest_vp-ap_dx.png,-1,-1
4642,sub-S10735_ses-E24101_run-1_bp-chest_vp-ap_dx.png,-1,-1
4643,sub-S10735_ses-E24720_run-1_bp-chest_cr.png,-1,-1
4644,sub-S10736_ses-E19209_run-1_bp-chest_vp-pa_cr.png,-1,-1
4645,sub-S10737_ses-E18627_run-1_bp-chest_vp-ap_cr.png,-1,-1
4646,sub-S10737_ses-E20022_run-1_bp-chest_vp-ap_cr.png,-1,-1
4647,sub-S10737_ses-E21513_run-1_bp-chest_vp-ap_cr.png,-1,-1
4648,sub-S10737_ses-E22029_run-1_bp-chest_vp-ap_cr.png,-1,-1
4649,sub-S10737_ses-E23339_run-1_bp-chest_vp-ap_dx.png,-1,-1
4650,sub-S10737_ses-E23660_run-1_bp-chest_vp-ap_dx.png,-1,-1
4651,sub-S10737_ses-E24111_acq-1_run-1_bp-chest_vp-ll_dx.png,-1,-1
4652,sub-S10737_ses-E26146_run-1_bp-chest_vp-ap_dx.png,-1,-1
4653,sub-S10738_ses-E25804_run-1_bp-chest_vp-pa_cr.png,-1,-1
4654,sub-S10739_ses-E20434_run-1_bp-chest_vp-pa_cr.png,-1,-1
4655,sub-S10739_ses-E25851_run-1_bp-chest_vp-pa_cr.png,-1,-1
4656,sub-S10740_ses-E18635_run-1_bp-chest_vp-ap_dx.png,-1,-1
4657,sub-S10740_ses-E18635_run-2_bp-chest_vp-ap_dx.png,-1,-1
4658,sub-S10740_ses-E20302_run-1_bp-chest_vp-ap_dx.png,-1,-1
4659,sub-S10740_ses-E20842_run-2_bp-chest_vp-ap_dx.png,-1,-1
4660,sub-S10740_ses-E22050_run-2_bp-chest_vp-ap_dx.png,-1,-1
4661,sub-S10740_ses-E22647_run-1_bp-chest_vp-ap_dx.png,-1,-1
4662,sub-S10740_ses-E23015_run-1_bp-chest_vp-ap_dx.png,-1,-1
4663,sub-S10740_ses-E23140_run-1_bp-chest_vp-ap_dx.png,-1,-1
4664,sub-S10740_ses-E27133_run-1_bp-chest_vp-ap_dx.png,-1,-1
4665,sub-S10741_ses-E18636_run-1_bp-chest_vp-ap_dx.png,-1,-1
4666,sub-S10741_ses-E22835_run-1_bp-chest_vp-ap_dx.png,-1,-1
4667,sub-S10745_ses-E19476_run-1_bp-chest_vp-pa_cr.png,-1,-1
4668,sub-S10745_ses-E26339_run-1_bp-chest_vp-pa_cr.png,-1,-1
4669,sub-S10748_ses-E18652_run-1_bp-chest_vp-ap_dx.png,-1,-1
4670,sub-S10748_ses-E19257_run-1_bp-chest_vp-ap_dx.png,-1,-1
4671,sub-S10748_ses-E20499_run-1_bp-chest_vp-ap_dx.png,-1,-1
4672,sub-S10748_ses-E21236_run-1_bp-chest_vp-ap_dx.png,-1,-1
4673,sub-S10748_ses-E22404_run-1_bp-chest_vp-ap_dx.png,-1,-1
4674,sub-S10748_ses-E23175_run-1_bp-chest_vp-ap_dx.png,-1,-1
4675,sub-S10748_ses-E23432_run-1_bp-chest_vp-ap_dx.png,-1,-1
4676,sub-S10748_ses-E26364_run-1_bp-chest_vp-pa_dx.png,-1,-1
4677,sub-S10750_ses-E18654_run-1_bp-chest_vp-ap_cr.png,-1,-1
4678,sub-S10750_ses-E25628_acq-1_run-1_bp-chest_vp-ap_dx.png,-1,-1
4679,sub-S10751_ses-E18655_run-1_bp-chest_vp-ap_dx.png,-1,-1
4680,sub-S10753_ses-E18657_run-1_bp-chest_vp-ap_cr.png,-1,-1
4681,sub-S10753_ses-E19038_run-1_bp-chest_vp-ap_cr.png,-1,-1
4682,sub-S10753_ses-E19266_run-1_bp-chest_vp-pa_cr.png,-1,-1
4683,sub-S10753_ses-E19524_run-1_bp-chest_vp-ap_cr.png,-1,-1
4684,sub-S10753_ses-E21565_run-1_bp-chest_vp-ap_cr.png,-1,-1
4685,sub-S10753_ses-E22427_run-1_bp-chest_vp-ap_cr.png,-1,-1
4686,sub-S10753_ses-E25291_acq-1_run-1_bp-chest_vp-pa_dx.png,-1,-1
4687,sub-S10755_ses-E18662_run-1_bp-chest_vp-ap_cr.png,-1,-1
4688,sub-S10756_ses-E18663_run-1_bp-chest_vp-ap_cr.png,-1,-1
4689,sub-S10756_ses-E18825_run-1_bp-chest_vp-ap_dx.png,-1,-1
4690,sub-S10756_ses-E19535_run-1_bp-chest_vp-ap_dx.png,-1,-1
4691,sub-S10756_ses-E22454_run-1_bp-chest_vp-ap_cr.png,-1,-1
4692,sub-S10757_ses-E18665_run-1_bp-chest_cr.png,-1,-1
4693,sub-S10758_ses-E18670_run-1_bp-chest_vp-ap_cr.png,-1,-1
4694,sub-S10759_ses-E25088_run-1_bp-chest_vp-pa_dx.png,-1,-1
4695,sub-S10760_ses-E18677_run-1_bp-chest_vp-ap_dx.png,-1,-1
4696,sub-S10761_ses-E18681_run-1_bp-chest_vp-ap_cr.png,-1,-1
4697,sub-S10761_ses-E21446_run-1_bp-chest_vp-pa_cr.png,-1,-1
4698,sub-S10761_ses-E21610_run-1_bp-chest_vp-ap_cr.png,-1,-1
4699,sub-S10761_ses-E22923_run-1_bp-chest_vp-ap_cr.png,-1,-1
4700,sub-S10762_ses-E18690_run-1_bp-chest_vp-ap_dx.png,-1,-1
4701,sub-S10762_ses-E19097_run-1_bp-chest_vp-ap_cr.png,-1,-1
4702,sub-S10762_ses-E19625_run-1_bp-chest_vp-ap_cr.png,-1,-1
4703,sub-S10762_ses-E19800_run-1_bp-chest_vp-ap_dx.png,-1,-1
4704,sub-S10762_ses-E20171_run-1_bp-chest_vp-ap_dx.png,-1,-1
4705,sub-S10762_ses-E20597_run-1_bp-chest_vp-pa_cr.png,-1,-1
4706,sub-S10762_ses-E21090_run-1_bp-chest_vp-ap_dx.png,-1,-1
4707,sub-S10762_ses-E22756_run-1_bp-chest_vp-ap_dx.png,-1,-1
4708,sub-S10762_ses-E23573_run-1_bp-chest_vp-ap_dx.png,-1,-1
4709,sub-S10762_ses-E25719_run-1_bp-chest_vp-ap_cr.png,-1,-1
4710,sub-S10763_ses-E18691_run-1_bp-chest_vp-ap_cr.png,-1,-1
4711,sub-S10763_ses-E24812_run-1_bp-chest_vp-ap_cr.png,-1,-1
4712,sub-S10764_ses-E18694_run-1_bp-chest_vp-ap_dx.png,-1,-1
4713,sub-S10764_ses-E21992_run-1_bp-chest_vp-ap_dx.png,-1,-1
4714,sub-S10764_ses-E23726_run-1_bp-chest_vp-pa_dx.png,-1,-1
4715,sub-S10764_ses-E26189_run-1_bp-chest_vp-ap_dx.png,-1,-1
4716,sub-S10765_ses-E18697_run-1_bp-chest_vp-ap_cr.png,-1,-1
4717,sub-S10767_ses-E24416_run-1_bp-chest_vp-pa_cr.png,-1,-1
4718,sub-S10768_ses-E18702_run-1_bp-chest_vp-ap_cr.png,-1,-1
4719,sub-S10768_ses-E19199_run-1_bp-chest_vp-ap_cr.png,-1,-1
4720,sub-S10768_ses-E19635_run-1_bp-chest_vp-ap_cr.png,-1,-1
4721,sub-S10768_ses-E20175_run-1_bp-chest_vp-ap_cr.png,-1,-1
4722,sub-S10768_ses-E20391_run-1_bp-chest_vp-ap_cr.png,-1,-1
4723,sub-S10768_ses-E20604_run-1_bp-chest_vp-ap_cr.png,-1,-1
4724,sub-S10768_ses-E21107_run-1_bp-chest_vp-ap_cr.png,-1,-1
4725,sub-S10768_ses-E21319_run-1_bp-chest_vp-pa_cr.png,-1,-1
4726,sub-S10768_ses-E21990_run-1_bp-chest_vp-ap_cr.png,-1,-1
4727,sub-S10768_ses-E22555_run-1_bp-chest_vp-ap_cr.png,-1,-1
4728,sub-S10768_ses-E22561_run-1_bp-chest_vp-ap_cr.png,-1,-1
4729,sub-S10768_ses-E22765_run-1_bp-chest_vp-ap_cr.png,-1,-1
4730,sub-S10768_ses-E22767_run-1_bp-chest_vp-ap_cr.png,-1,-1
4731,sub-S10768_ses-E22951_run-1_bp-chest_vp-ap_cr.png,-1,-1
4732,sub-S10768_ses-E23286_run-1_bp-chest_vp-ap_cr.png,-1,-1
4733,sub-S10768_ses-E23720_run-1_bp-chest_vp-ap_cr.png,-1,-1
4734,sub-S10768_ses-E25157_run-1_bp-chest_vp-ap_cr.png,-1,-1
4735,sub-S10768_ses-E25515_run-1_bp-chest_vp-ap_cr.png,-1,-1
4736,sub-S10768_ses-E26198_run-1_bp-chest_vp-ap_cr.png,-1,-1
4737,sub-S10769_ses-E18707_run-1_bp-chest_vp-ap_dx.png,-1,-1
4738,sub-S10771_ses-E18710_run-1_bp-chest_vp-ap_cr.png,-1,-1
4739,sub-S10771_ses-E18928_acq-1_run-1_bp-chest_vp-pa_dx.png,-1,-1
4740,sub-S10771_ses-E22309_run-1_bp-chest_vp-ap_cr.png,-1,-1
4741,sub-S10773_ses-E19817_run-1_bp-chest_vp-ap_dx.png,-1,-1
4742,sub-S10773_ses-E20628_run-1_bp-chest_vp-ap_dx.png,-1,-1
4743,sub-S10773_ses-E21330_run-1_bp-chest_vp-ap_dx.png,-1,-1
4744,sub-S10773_ses-E23293_run-1_bp-chest_vp-ap_dx.png,-1,-1
4745,sub-S10773_ses-E23609_run-1_bp-chest_vp-ap_dx.png,-1,-1
4746,sub-S10773_ses-E25180_run-1_bp-chest_vp-pa_dx.png,-1,-1
4747,sub-S10775_ses-E18719_run-1_bp-chest_vp-pa_dx.png,-1,-1
4748,sub-S10775_ses-E23381_run-1_bp-chest_vp-ap_dx.png,-1,-1
4749,sub-S10776_ses-E18720_run-1_bp-chest_vp-ap_dx.png,-1,-1
4750,sub-S10776_ses-E20198_run-1_bp-chest_vp-ap_cr.png,-1,-1
4751,sub-S10776_ses-E22021_run-1_bp-chest_vp-ap_dx.png,-1,-1
4752,sub-S10776_ses-E22604_run-1_bp-chest_vp-ap_dx.png,-1,-1
4753,sub-S10776_ses-E22790_run-1_bp-chest_vp-ap_dx.png,-1,-1
4754,sub-S10777_ses-E19122_run-1_bp-chest_vp-ap_dx.png,-1,-1
4755,sub-S10777_ses-E19212_run-1_bp-chest_vp-ap_dx.png,-1,-1
4756,sub-S10777_ses-E19677_run-1_bp-chest_vp-pa_dx.png,-1,-1
4757,sub-S10777_ses-E20932_run-1_bp-chest_vp-ap_dx.png,-1,-1
4758,sub-S10777_ses-E21830_run-1_bp-chest_vp-ap_dx.png,-1,-1
4759,sub-S10777_ses-E21913_run-1_bp-chest_vp-ap_dx.png,-1,-1
4760,sub-S10777_ses-E22012_run-1_bp-chest_vp-ap_dx.png,-1,-1
4761,sub-S10777_ses-E22327_run-1_bp-chest_vp-ap_dx.png,-1,-1
4762,sub-S10777_ses-E22334_run-1_bp-chest_vp-ap_dx.png,-1,-1
4763,sub-S10777_ses-E22988_run-1_bp-chest_vp-ap_dx.png,-1,-1
4764,sub-S10778_ses-E18723_run-1_bp-chest_vp-ap_cr.png,-1,-1
4765,sub-S10778_ses-E20002_run-1_bp-chest_vp-ap_cr.png,-1,-1
4766,sub-S10778_ses-E23648_run-1_bp-chest_vp-ap_cr.png,-1,-1
4767,sub-S10778_ses-E24176_run-1_bp-chest_vp-pa_cr.png,-1,-1
4768,sub-S10778_ses-E24277_run-1_bp-chest_vp-ap_cr.png,-1,-1
4769,sub-S10778_ses-E25390_run-1_bp-chest_vp-ap_cr.png,-1,-1
4770,sub-S10778_ses-E26493_run-1_bp-chest_vp-ap_cr.png,-1,-1
4771,sub-S10781_ses-E18729_run-1_bp-chest_vp-ap_dx.png,-1,-1
4772,sub-S10781_ses-E19130_run-1_bp-chest_vp-pa_cr.png,-1,-1
4773,sub-S10781_ses-E19834_run-1_bp-chest_vp-pa_cr.png,-1,-1
4774,sub-S10781_ses-E20405_run-1_bp-chest_vp-ap_cr.png,-1,-1
4775,sub-S10782_ses-E18730_run-1_bp-chest_vp-ap_dx.png,-1,-1
4776,sub-S10783_ses-E18987_run-1_bp-chest_vp-pa_cr.png,-1,-1
4777,sub-S10784_ses-E21186_run-1_bp-chest_vp-ap_dx.png,-1,-1
4778,sub-S10785_ses-E20222_run-1_bp-chest_vp-ap_dx.png,-1,-1
4779,sub-S10785_ses-E22652_run-1_bp-chest_vp-ap_dx.png,-1,-1
4780,sub-S10785_ses-E22833_run-1_bp-chest_vp-pa_dx.png,-1,-1
4781,sub-S10787_ses-E18746_run-1_bp-chest_vp-ap_dx.png,-1,-1
4782,sub-S10787_ses-E21182_run-1_bp-chest_vp-ap_dx.png,-1,-1
4783,sub-S10789_ses-E19474_run-1_bp-chest_vp-pa_cr.png,-1,-1
4784,sub-S10789_ses-E19859_run-1_bp-chest_vp-pa_cr.png,-1,-1
4785,sub-S10789_ses-E25843_run-1_bp-chest_vp-pa_cr.png,-1,-1
4786,sub-S10790_ses-E18750_run-1_bp-chest_vp-ap_dx.png,-1,-1
4787,sub-S10790_ses-E18998_run-1_bp-chest_vp-ap_dx.png,-1,-1
4788,sub-S10790_ses-E22360_run-1_bp-chest_vp-ap_dx.png,-1,-1
4789,sub-S10791_ses-E18754_acq-1_run-1_bp-chest_vp-pa_dx.png,-1,-1
4790,sub-S10791_ses-E25839_run-2_bp-chest_cr.png,-1,-1
4791,sub-S10793_ses-E22665_run-1_bp-chest_vp-pa_dx.png,-1,-1
4792,sub-S10793_ses-E22848_run-1_bp-chest_vp-pa_dx.png,-1,-1
4793,sub-S10794_ses-E18761_run-1_bp-chest_vp-ap_dx.png,-1,-1
4794,sub-S10794_ses-E19237_run-1_bp-chest_vp-ap_dx.png,-1,-1
4795,sub-S10794_ses-E20062_run-1_bp-chest_vp-ap_dx.png,-1,-1
4796,sub-S10794_ses-E20449_run-1_bp-chest_vp-ap_dx.png,-1,-1
4797,sub-S10794_ses-E20456_run-1_bp-chest_vp-ap_dx.png,-1,-1
4798,sub-S10794_ses-E20986_run-1_bp-chest_vp-ap_dx.png,-1,-1
4799,sub-S10794_ses-E21395_run-1_bp-chest_vp-ap_dx.png,-1,-1
4800,sub-S10794_ses-E23407_run-1_bp-chest_vp-ap_dx.png,-1,-1
4801,sub-S10794_ses-E24325_run-1_bp-chest_vp-ap_dx.png,-1,-1
4802,sub-S10794_ses-E25000_run-1_bp-chest_vp-ap_dx.png,-1,-1
4803,sub-S10794_ses-E25260_run-1_bp-chest_vp-ap_dx.png,-1,-1
4804,sub-S10794_ses-E25459_run-1_bp-chest_vp-ap_dx.png,-1,-1
4805,sub-S10794_ses-E25569_run-1_bp-chest_vp-ap_dx.png,-1,-1
4806,sub-S10794_ses-E26346_run-1_bp-chest_vp-ap_dx.png,-1,-1
4807,sub-S10795_ses-E18762_run-1_bp-chest_vp-ap_cr.png,-1,-1
4808,sub-S10795_ses-E20065_run-1_bp-chest_vp-ap_dx.png,-1,-1
4809,sub-S10795_ses-E22852_run-1_bp-chest_vp-ap_cr.png,-1,-1
4810,sub-S10796_ses-E18764_run-1_bp-chest_vp-ap_dx.png,-1,-1
4811,sub-S10796_ses-E20849_run-1_bp-chest_vp-ap_dx.png,-1,-1
4812,sub-S10796_ses-E22673_run-1_bp-chest_vp-ap_dx.png,-1,-1
4813,sub-S10799_ses-E18768_run-1_bp-chest_vp-ap_cr.png,-1,-1
4814,sub-S10799_ses-E21194_acq-1_run-1_bp-chest_vp-pa_dx.png,-1,-1
4815,sub-S10800_ses-E18769_run-1_bp-chest_vp-pa_cr.png,-1,-1
4816,sub-S10800_ses-E20460_run-1_bp-chest_vp-pa_cr.png,-1,-1
4817,sub-S10800_ses-E21207_run-1_bp-chest_vp-pa_cr.png,-1,-1
4818,sub-S10801_ses-E18776_run-1_bp-chest_vp-ap_cr.png,-1,-1
4819,sub-S10801_ses-E19492_run-1_bp-chest_vp-ap_cr.png,-1,-1
4820,sub-S10801_ses-E20070_run-1_bp-chest_vp-ap_cr.png,-1,-1
4821,sub-S10801_ses-E21219_run-1_bp-chest_vp-ap_cr.png,-1,-1
4822,sub-S10801_ses-E21403_run-1_bp-chest_vp-ap_cr.png,-1,-1
4823,sub-S10801_ses-E22688_run-1_bp-chest_vp-ap_cr.png,-1,-1
4824,sub-S10801_ses-E23174_run-1_bp-chest_vp-ap_cr.png,-1,-1
4825,sub-S10802_ses-E18777_run-1_bp-chest_vp-ap_dx.png,-1,-1
4826,sub-S10802_ses-E20234_run-1_bp-chest_vp-ap_dx.png,-1,-1
4827,sub-S10802_ses-E21218_run-1_bp-chest_vp-ap_dx.png,-1,-1
4828,sub-S10802_ses-E22419_run-1_bp-chest_vp-ap_dx.png,-1,-1
4829,sub-S10803_ses-E18779_run-2_bp-chest_vp-ap_dx.png,-1,-1
4830,sub-S10803_ses-E22864_run-1_bp-chest_vp-ap_cr.png,-1,-1
4831,sub-S10804_ses-E18780_run-1_bp-chest_vp-ap_cr.png,-1,-1
4832,sub-S10804_ses-E20995_run-1_bp-chest_vp-ap_cr.png,-1,-1
4833,sub-S10805_ses-E20336_run-1_bp-chest_vp-ap_dx.png,-1,-1
4834,sub-S10805_ses-E21943_run-1_bp-chest_vp-ap_dx.png,-1,-1
4835,sub-S10805_ses-E22071_run-1_bp-chest_vp-ap_dx.png,-1,-1
4836,sub-S10805_ses-E22872_run-1_bp-chest_vp-pa_cr.png,-1,-1
4837,sub-S10806_ses-E18784_run-1_bp-chest_vp-ap_dx.png,-1,-1
4838,sub-S10807_ses-E18785_run-1_bp-chest_vp-ap_dx.png,-1,-1
4839,sub-S10807_ses-E20480_run-1_bp-chest_vp-ap_dx.png,-1,-1
4840,sub-S10807_ses-E21008_run-1_bp-chest_vp-ap_dx.png,-1,-1
4841,sub-S10807_ses-E24584_run-1_bp-chest_vp-ap_dx.png,-1,-1
4842,sub-S10808_ses-E18786_run-1_bp-chest_vp-ap_cr.png,-1,-1
4843,sub-S10808_ses-E19503_acq-1_run-1_bp-chest_vp-ll_dx.png,-1,-1
4844,sub-S10808_ses-E22869_run-1_bp-chest_vp-ap_cr.png,-1,-1
4845,sub-S10809_ses-E18788_run-1_bp-chest_vp-ap_dx.png,-1,-1
4846,sub-S10809_ses-E19248_run-1_bp-chest_vp-ap_dx.png,-1,-1
4847,sub-S10809_ses-E21009_run-1_bp-chest_vp-ap_dx.png,-1,-1
4848,sub-S10809_ses-E21222_run-1_bp-chest_vp-ap_dx.png,-1,-1
4849,sub-S10809_ses-E21552_run-1_bp-chest_vp-ap_dx.png,-1,-1
4850,sub-S10809_ses-E25585_run-1_bp-chest_vp-ap_dx.png,-1,-1
4851,sub-S10810_ses-E18792_run-1_bp-chest_vp-pa_cr.png,-1,-1
4852,sub-S10810_ses-E19735_run-1_bp-chest_vp-pa_cr.png,-1,-1
4853,sub-S10810_ses-E20723_run-1_bp-chest_vp-pa_cr.png,-1,-1
4854,sub-S10810_ses-E22875_run-1_bp-chest_vp-ap_cr.png,-1,-1
4855,sub-S10811_ses-E18793_run-1_bp-chest_vp-ap_dx.png,-1,-1
4856,sub-S10811_ses-E22683_run-1_bp-chest_vp-ap_dx.png,-1,-1
4857,sub-S10813_ses-E18806_acq-1_run-1_bp-chest_vp-ll_dx.png,-1,-1
4858,sub-S10813_ses-E22087_run-1_bp-chest_vp-ap_cr.png,-1,-1
4859,sub-S10813_ses-E22696_run-1_bp-chest_vp-ap_dx.png,-1,-1
4860,sub-S10815_ses-E18808_run-1_bp-chest_vp-ap_dx.png,-1,-1
4861,sub-S10815_ses-E19526_run-1_bp-chest_vp-ap_dx.png,-1,-1
4862,sub-S10815_ses-E19747_run-3_bp-chest_vp-ap_cr.png,-1,-1
4863,sub-S10815_ses-E20097_run-1_bp-chest_vp-ap_dx.png,-1,-1
4864,sub-S10815_ses-E21249_run-1_bp-chest_vp-ap_dx.png,-1,-1
4865,sub-S10815_ses-E21412_run-1_bp-chest_vp-ap_dx.png,-1,-1
4866,sub-S10815_ses-E21741_run-1_bp-chest_vp-ap_dx.png,-1,-1
4867,sub-S10815_ses-E22439_run-1_bp-chest_vp-ap_dx.png,-1,-1
4868,sub-S10815_ses-E22697_run-1_bp-chest_vp-ap_dx.png,-1,-1
4869,sub-S10815_ses-E23201_run-1_bp-chest_vp-ap_dx.png,-1,-1
4870,sub-S10815_ses-E27028_run-1_bp-chest_vp-ap_dx.png,-1,-1
4871,sub-S10816_ses-E18809_run-1_bp-chest_vp-ap_dx.png,-1,-1
4872,sub-S10816_ses-E21560_run-1_bp-chest_vp-ap_cr.png,-1,-1
4873,sub-S10816_ses-E21740_acq-1_run-1_bp-chest_vp-pa_dx.png,-1,-1
4874,sub-S10816_ses-E22880_run-1_bp-chest_vp-ap_cr.png,-1,-1
4875,sub-S10816_ses-E23195_run-1_bp-chest_vp-ap_cr.png,-1,-1
4876,sub-S10817_ses-E18810_run-1_bp-chest_vp-ap_dx.png,-1,-1
4877,sub-S10817_ses-E20086_run-1_bp-chest_vp-ap_dx.png,-1,-1
4878,sub-S10817_ses-E22422_run-1_bp-chest_vp-ap_dx.png,-1,-1
4879,sub-S10817_ses-E24378_acq-1_run-1_bp-chest_vp-ll_dx.png,-1,-1
4880,sub-S10817_ses-E25897_run-1_bp-chest_vp-ap_dx.png,-1,-1
4881,sub-S10817_ses-E26384_run-1_bp-chest_vp-ap_dx.png,-1,-1
4882,sub-S10819_ses-E19546_run-1_bp-chest_cr.png,-1,-1
4883,sub-S10820_ses-E20101_run-1_bp-chest_vp-ap_dx.png,-1,-1
4884,sub-S10820_ses-E23932_run-1_bp-chest_vp-pa_cr.png,-1,-1
4885,sub-S10821_ses-E18818_run-1_bp-chest_vp-ap_cr.png,-1,-1
4886,sub-S10821_ses-E19555_run-1_bp-chest_vp-ap_cr.png,-1,-1
4887,sub-S10821_ses-E20252_run-1_bp-chest_vp-ap_cr.png,-1,-1
4888,sub-S10821_ses-E25959_run-1_bp-chest_vp-pa_cr.png,-1,-1
4889,sub-S10822_ses-E18820_run-1_bp-chest_vp-ap_dx.png,-1,-1
4890,sub-S10822_ses-E19296_run-1_bp-chest_vp-pa_dx.png,-1,-1
4891,sub-S10823_ses-E18822_run-1_bp-chest_vp-ap_dx.png,-1,-1
4892,sub-S10824_ses-E18826_run-1_bp-chest_vp-ap_dx.png,-1,-1
4893,sub-S10824_ses-E21258_run-1_bp-chest_vp-ap_cr.png,-1,-1
4894,sub-S10826_ses-E18831_run-1_bp-chest_vp-pa_cr.png,-1,-1
4895,sub-S10826_ses-E21241_run-1_bp-chest_vp-pa_cr.png,-1,-1
4896,sub-S10826_ses-E21254_run-1_bp-chest_vp-pa_cr.png,-1,-1
4897,sub-S10829_ses-E18836_run-1_bp-chest_vp-ap_dx.png,-1,-1
4898,sub-S10829_ses-E21263_run-1_bp-chest_vp-ap_dx.png,-1,-1
4899,sub-S10829_ses-E22481_run-1_bp-chest_vp-ap_dx.png,-1,-1
4900,sub-S10829_ses-E23783_run-1_bp-chest_vp-ap_dx.png,-1,-1
4901,sub-S10829_ses-E24913_run-1_bp-chest_vp-ap_dx.png,-1,-1
4902,sub-S10830_ses-E18837_run-1_bp-chest_vp-ap_dx.png,-1,-1
4903,sub-S10830_ses-E19557_run-1_bp-chest_vp-ap_dx.png,-1,-1
4904,sub-S10830_ses-E19768_run-1_bp-chest_vp-ap_dx.png,-1,-1
4905,sub-S10832_ses-E19571_run-1_bp-chest_vp-ap_dx.png,-1,-1
4906,sub-S10833_ses-E19572_run-1_bp-chest_vp-ap_cr.png,-1,-1
4907,sub-S10834_ses-E18842_run-1_bp-chest_vp-ap_dx.png,-1,-1
4908,sub-S10834_ses-E19569_run-1_bp-chest_vp-ap_dx.png,-1,-1
4909,sub-S10834_ses-E20552_run-1_bp-chest_vp-ap_dx.png,-1,-1
4910,sub-S10834_ses-E21975_run-1_bp-chest_vp-ap_dx.png,-1,-1
4911,sub-S10834_ses-E25979_run-1_bp-chest_vp-ap_dx.png,-1,-1
4912,sub-S10834_ses-E26656_acq-1_run-1_bp-chest_cr.png,-1,-1
4913,sub-S10836_ses-E18845_run-1_bp-chest_vp-ap_dx.png,-1,-1
4914,sub-S10836_ses-E21438_run-1_bp-chest_vp-pa_dx.png,-1,-1
4915,sub-S10837_ses-E18852_run-1_bp-chest_vp-ap_cr.png,-1,-1
4916,sub-S10837_ses-E19324_run-1_bp-chest_vp-ap_cr.png,-1,-1
4917,sub-S10837_ses-E19783_run-1_bp-chest_vp-ap_cr.png,-1,-1
4918,sub-S10837_ses-E20361_run-1_bp-chest_vp-ap_cr.png,-1,-1
4919,sub-S10837_ses-E20581_run-1_bp-chest_vp-ap_cr.png,-1,-1
4920,sub-S10837_ses-E20896_run-1_bp-chest_vp-ap_cr.png,-1,-1
4921,sub-S10837_ses-E21283_run-1_bp-chest_vp-ap_cr.png,-1,-1
4922,sub-S10837_ses-E21472_run-1_bp-chest_vp-ap_cr.png,-1,-1
4923,sub-S10837_ses-E21611_run-1_bp-chest_vp-ap_cr.png,-1,-1
4924,sub-S10837_ses-E21772_run-1_bp-chest_vp-ap_dx.png,-1,-1
4925,sub-S10837_ses-E22114_run-1_bp-chest_vp-ap_cr.png,-1,-1
4926,sub-S10837_ses-E23244_run-1_bp-chest_vp-ap_cr.png,-1,-1
4927,sub-S10837_ses-E23965_run-1_bp-chest_vp-ap_cr.png,-1,-1
4928,sub-S10837_ses-E24409_acq-1_run-1_bp-chest_vp-pa_dx.png,-1,-1
4929,sub-S10837_ses-E25999_run-1_bp-chest_vp-ap_cr.png,-1,-1
4930,sub-S10839_ses-E18854_run-1_bp-chest_vp-ap_cr.png,-1,-1
4931,sub-S10839_ses-E20579_acq-1_run-1_bp-chest_vp-ll_dx.png,-1,-1
4932,sub-S10840_ses-E19588_run-1_bp-chest_vp-ap_dx.png,-1,-1
4933,sub-S10840_ses-E22120_run-1_bp-chest_vp-ap_cr.png,-1,-1
4934,sub-S10840_ses-E22500_run-1_bp-chest_vp-ap_cr.png,-1,-1
4935,sub-S10840_ses-E22734_run-1_bp-chest_vp-ap_dx.png,-1,-1
4936,sub-S10841_ses-E18858_run-1_bp-chest_vp-ap_cr.png,-1,-1
4937,sub-S10841_ses-E21605_run-1_bp-chest_vp-ap_cr.png,-1,-1
4938,sub-S10845_ses-E20570_run-1_bp-chest_vp-pa_cr.png,-1,-1
4939,sub-S10845_ses-E22524_run-1_bp-chest_vp-ap_cr.png,-1,-1
4940,sub-S10845_ses-E26031_run-1_bp-chest_vp-pa_cr.png,-1,-1
4941,sub-S10846_ses-E18874_run-1_bp-chest_vp-ap_dx.png,-1,-1
4942,sub-S10846_ses-E19348_run-1_bp-chest_vp-pa_dx.png,-1,-1
4943,sub-S10846_ses-E19789_run-1_bp-chest_vp-ap_dx.png,-1,-1
4944,sub-S10846_ses-E20567_run-1_bp-chest_vp-ap_dx.png,-1,-1
4945,sub-S10846_ses-E21075_run-1_bp-chest_vp-ap_dx.png,-1,-1
4946,sub-S10846_ses-E21289_run-1_bp-chest_vp-ap_dx.png,-1,-1
4947,sub-S10846_ses-E21455_run-1_bp-chest_vp-ap_dx.png,-1,-1
4948,sub-S10846_ses-E21762_run-1_bp-chest_vp-ap_dx.png,-1,-1
4949,sub-S10846_ses-E21987_run-1_bp-chest_vp-ap_dx.png,-1,-1
4950,sub-S10846_ses-E23268_run-1_bp-chest_vp-ap_dx.png,-1,-1
4951,sub-S10846_ses-E23537_run-1_bp-chest_vp-ap_dx.png,-1,-1
4952,sub-S10846_ses-E24438_run-1_bp-chest_vp-ap_dx.png,-1,-1
4953,sub-S10846_ses-E24650_run-1_bp-chest_vp-ap_dx.png,-1,-1
4954,sub-S10846_ses-E26028_run-1_bp-chest_vp-ap_dx.png,-1,-1
4955,sub-S10846_ses-E26263_run-1_bp-chest_vp-ap_dx.png,-1,-1
4956,sub-S10846_ses-E26443_run-1_bp-chest_vp-ap_dx.png,-1,-1
4957,sub-S10847_ses-E18875_run-1_bp-chest_vp-ap_cr.png,-1,-1
4958,sub-S10847_ses-E20569_run-1_bp-chest_vp-pa_cr.png,-1,-1
4959,sub-S10847_ses-E21456_run-1_bp-chest_vp-ap_cr.png,-1,-1
4960,sub-S10847_ses-E22130_run-1_bp-chest_vp-ap_cr.png,-1,-1
4961,sub-S10847_ses-E23087_run-1_bp-chest_vp-ap_cr.png,-1,-1
4962,sub-S10847_ses-E24245_run-1_bp-chest_vp-ap_cr.png,-1,-1
4963,sub-S10847_ses-E26444_run-1_bp-chest_vp-ap_cr.png,-1,-1
4964,sub-S10847_ses-E26533_run-1_bp-chest_vp-ap_dx.png,-1,-1
4965,sub-S10850_ses-E18879_run-1_bp-chest_vp-ap_dx.png,-1,-1
4966,sub-S10850_ses-E21078_run-1_bp-chest_vp-ap_cr.png,-1,-1
4967,sub-S10851_ses-E18880_run-1_bp-chest_vp-ap_dx.png,-1,-1
4968,sub-S10851_ses-E19357_run-1_bp-chest_cr.png,-1,-1
4969,sub-S10851_ses-E19362_run-1_bp-chest_vp-ap_dx.png,-1,-1
4970,sub-S10851_ses-E19619_run-1_bp-chest_cr.png,-1,-1
4971,sub-S10851_ses-E19801_run-1_bp-chest_cr.png,-1,-1
4972,sub-S10851_ses-E20261_run-1_bp-chest_vp-ap_dx.png,-1,-1
4973,sub-S10851_ses-E21792_run-1_bp-chest_vp-ap_dx.png,-1,-1
4974,sub-S10851_ses-E22141_run-1_bp-chest_vp-ap_dx.png,-1,-1
4975,sub-S10851_ses-E22779_run-1_bp-chest_vp-ap_dx.png,-1,-1
4976,sub-S10851_ses-E22953_run-1_bp-chest_vp-ap_dx.png,-1,-1
4977,sub-S10851_ses-E23252_run-1_bp-chest_vp-ap_dx.png,-1,-1
4978,sub-S10852_ses-E21462_run-1_bp-chest_vp-ap_cr.png,-1,-1
4979,sub-S10853_ses-E18885_run-1_bp-chest_vp-ap_cr.png,-1,-1
4980,sub-S10853_ses-E21103_run-1_bp-chest_vp-ap_dx.png,-1,-1
4981,sub-S10855_ses-E18889_run-1_bp-chest_vp-ap_dx.png,-1,-1
4982,sub-S10855_ses-E20911_run-1_bp-chest_vp-ap_dx.png,-1,-1
4983,sub-S10855_ses-E21631_run-1_bp-chest_vp-ap_dx.png,-1,-1
4984,sub-S10855_ses-E23997_run-1_bp-chest_vp-ap_dx.png,-1,-1
4985,sub-S10855_ses-E24456_run-1_bp-chest_dx.png,-1,-1
4986,sub-S10856_ses-E18891_run-1_bp-chest_vp-ap_dx.png,-1,-1
4987,sub-S10857_ses-E20163_run-1_bp-chest_vp-ap_dx.png,-1,-1
4988,sub-S10857_ses-E22554_run-1_bp-chest_vp-pa_dx.png,-1,-1
4989,sub-S10858_ses-E18893_run-1_bp-chest_vp-ap_dx.png,-1,-1
4990,sub-S10858_ses-E20782_run-1_bp-chest_vp-pa_cr.png,-1,-1
4991,sub-S10858_ses-E21096_run-1_bp-chest_vp-ap_dx.png,-1,-1
4992,sub-S10858_ses-E22144_run-1_bp-chest_vp-ap_dx.png,-1,-1
4993,sub-S10858_ses-E23581_run-1_bp-chest_vp-ap_dx.png,-1,-1
4994,sub-S10858_ses-E26049_run-1_bp-chest_vp-ap_dx.png,-1,-1
4995,sub-S10859_ses-E18894_run-1_bp-chest_vp-ap_cr.png,-1,-1
4996,sub-S10859_ses-E21099_acq-1_run-1_bp-chest_vp-pa_dx.png,-1,-1
4997,sub-S10860_ses-E18895_run-1_bp-chest_vp-pa_dx.png,-1,-1
4998,sub-S10861_ses-E18896_run-1_bp-chest_vp-ap_dx.png,-1,-1
4999,sub-S10861_ses-E19631_acq-1_run-1_bp-chest_vp-pa_dx.png,-1,-1
5000,sub-S10862_ses-E18899_acq-1_run-1_bp-chest_vp-ll_dx.png,-1,-1
5001,sub-S10864_ses-E18901_run-1_bp-chest_vp-pa_cr.png,-1,-1
5002,sub-S10865_ses-E24465_run-1_bp-chest_vp-pa_dx.png,-1,-1
5003,sub-S10865_ses-E26287_run-1_bp-chest_vp-ap_dx.png,-1,-1
5004,sub-S10868_ses-E25364_run-1_bp-chest_vp-pa_cr.png,-1,-1
5005,sub-S10869_ses-E18911_run-1_bp-chest_vp-ap_dx.png,-1,-1
5006,sub-S10869_ses-E21481_run-1_bp-chest_vp-ap_cr.png,-1,-1
5007,sub-S10870_ses-E18913_run-1_bp-chest_vp-ap_dx.png,-1,-1
5008,sub-S10870_ses-E20927_run-1_bp-chest_vp-ap_dx.png,-1,-1
5009,sub-S10871_ses-E20162_run-1_bp-chest_vp-pa_cr.png,-1,-1
5010,sub-S10874_ses-E18919_run-1_bp-chest_vp-ap_dx.png,-1,-1
5011,sub-S10874_ses-E20625_run-1_bp-chest_vp-ap_dx.png,-1,-1
5012,sub-S10874_ses-E22567_acq-2_run-1_bp-chest_vp-ap_dx.png,-1,-1
5013,sub-S10874_ses-E23274_run-1_bp-chest_vp-ap_dx.png,-1,-1
5014,sub-S10874_ses-E26072_run-1_bp-chest_vp-ap_dx.png,-1,-1
5015,sub-S10875_ses-E18921_run-1_bp-chest_vp-ap_dx.png,-1,-1
5016,sub-S10877_ses-E19400_run-1_bp-chest_vp-ap_cr.png,-1,-1
5017,sub-S10877_ses-E21133_run-1_bp-chest_vp-ap_cr.png,-1,-1
5018,sub-S10877_ses-E24678_acq-1_run-1_bp-chest_vp-ll_dx.png,-1,-1
5019,sub-S10879_ses-E18930_run-1_bp-chest_vp-ap_dx.png,-1,-1
5020,sub-S10879_ses-E19114_run-1_bp-chest_vp-ap_dx.png,-1,-1
5021,sub-S10879_ses-E19406_run-1_bp-chest_vp-ap_dx.png,-1,-1
5022,sub-S10879_ses-E19662_run-1_bp-chest_vp-ap_dx.png,-1,-1
5023,sub-S10879_ses-E19823_run-1_bp-chest_vp-ap_dx.png,-1,-1
5024,sub-S10879_ses-E20183_run-1_bp-chest_vp-ap_dx.png,-1,-1
5025,sub-S10879_ses-E20189_run-1_bp-chest_vp-ap_dx.png,-1,-1
5026,sub-S10879_ses-E21141_run-1_bp-chest_vp-ap_dx.png,-1,-1
5027,sub-S10879_ses-E22800_run-1_bp-chest_vp-ap_dx.png,-1,-1
5028,sub-S10879_ses-E25187_run-1_bp-chest_vp-pa_dx.png,-1,-1
5029,sub-S10879_ses-E25768_run-1_bp-chest_vp-ap_dx.png,-1,-1
5030,sub-S10880_ses-E18932_run-1_bp-chest_vp-ap_dx.png,-1,-1
5031,sub-S10881_ses-E18933_run-1_bp-chest_vp-ap_dx.png,-1,-1
5032,sub-S10882_ses-E18934_run-1_bp-chest_vp-ap_cr.png,-1,-1
5033,sub-S10882_ses-E18937_run-1_bp-chest_vp-ap_cr.png,-1,-1
5034,sub-S10882_ses-E19405_run-2_bp-chest_vp-pa_cr.png,-1,-1
5035,sub-S10882_ses-E21344_run-1_bp-chest_vp-ap_cr.png,-1,-1
5036,sub-S10882_ses-E21494_run-1_bp-chest_vp-pa_cr.png,-1,-1
5037,sub-S10882_ses-E21824_run-1_bp-chest_vp-ap_cr.png,-1,-1
5038,sub-S10882_ses-E21824_run-2_bp-chest_vp-ap_cr.png,-1,-1
5039,sub-S10882_ses-E21826_run-1_bp-chest_vp-ap_cr.png,-1,-1
5040,sub-S10882_ses-E22590_run-1_bp-chest_vp-ap_cr.png,-1,-1
5041,sub-S10882_ses-E25384_run-1_bp-chest_vp-ap_cr.png,-1,-1
5042,sub-S10882_ses-E26094_run-1_bp-chest_vp-pa_cr.png,-1,-1
5043,sub-S10882_ses-E26305_acq-1_run-1_bp-chest_vp-pa_dx.png,-1,-1
5044,sub-S10883_ses-E19992_run-1_bp-chest_vp-ap_cr.png,-1,-1
5045,sub-S10885_ses-E18943_run-1_bp-chest_vp-ap_dx.png,-1,-1
5046,sub-S10886_ses-E21153_run-1_bp-chest_vp-ap_dx.png,-1,-1
5047,sub-S10887_ses-E18949_run-1_bp-chest_vp-ap_dx.png,-1,-1
5048,sub-S10887_ses-E20670_run-1_bp-chest_vp-ap_dx.png,-1,-1
5049,sub-S10888_ses-E18952_run-1_bp-chest_vp-ap_cr.png,-1,-1
5050,sub-S10888_ses-E20665_run-1_bp-chest_vp-ap_cr.png,-1,-1
5051,sub-S10888_ses-E20943_run-1_bp-chest_vp-ap_cr.png,-1,-1
5052,sub-S10888_ses-E21358_run-1_bp-chest_vp-ap_cr.png,-1,-1
5053,sub-S10888_ses-E22601_run-1_bp-chest_vp-ap_cr.png,-1,-1
5054,sub-S10888_ses-E22789_run-1_bp-chest_vp-ap_cr.png,-1,-1
5055,sub-S10888_ses-E22989_run-1_bp-chest_vp-ap_cr.png,-1,-1
5056,sub-S10888_ses-E23313_run-1_bp-chest_vp-ap_cr.png,-1,-1
5057,sub-S10888_ses-E24077_run-1_bp-chest_vp-ap_cr.png,-1,-1
5058,sub-S10888_ses-E24078_acq-1_run-1_bp-chest_vp-ll_dx.png,-1,-1
5059,sub-S10888_ses-E26115_run-1_bp-chest_vp-ap_cr.png,-1,-1
5060,sub-S10890_ses-E18954_run-1_bp-chest_vp-pa_cr.png,-1,-1
5061,sub-S10890_ses-E19671_run-1_bp-chest_vp-pa_cr.png,-1,-1
5062,sub-S10891_ses-E18955_run-1_bp-chest_vp-ap_dx.png,-1,-1
5063,sub-S10891_ses-E19125_run-1_bp-chest_vp-ap_dx.png,-1,-1
5064,sub-S10891_ses-E21353_run-1_bp-chest_vp-ap_dx.png,-1,-1
5065,sub-S10892_ses-E18957_run-1_bp-chest_vp-ap_cr.png,-1,-1
5066,sub-S10893_ses-E18960_run-1_bp-chest_vp-pa_cr.png,-1,-1
5067,sub-S10893_ses-E23329_run-1_bp-chest_vp-ap_cr.png,-1,-1
5068,sub-S10895_ses-E18964_run-1_bp-chest_vp-ap_dx.png,-1,-1
5069,sub-S10895_ses-E19679_run-1_bp-chest_vp-ap_dx.png,-1,-1
5070,sub-S10895_ses-E20011_run-1_bp-chest_vp-ap_cr.png,-1,-1
5071,sub-S10895_ses-E21669_run-1_bp-chest_vp-ap_dx.png,-1,-1
5072,sub-S10896_ses-E18965_run-1_bp-chest_vp-ap_cr.png,-1,-1
5073,sub-S10896_ses-E19694_run-1_bp-chest_vp-ap_dx.png,-1,-1
5074,sub-S10896_ses-E22622_run-1_bp-chest_vp-ap_cr.png,-1,-1
5075,sub-S10896_ses-E26129_run-1_bp-chest_vp-ap_cr.png,-1,-1
5076,sub-S10897_ses-E18966_run-1_bp-chest_vp-ap_dx.png,-1,-1
5077,sub-S10897_ses-E21501_run-1_bp-chest_vp-pa_dx.png,-1,-1
5078,sub-S10898_ses-E24102_run-1_bp-chest_vp-pa_cr.png,-1,-1
5079,sub-S10899_ses-E18969_run-1_bp-chest_vp-pa_dx.png,-1,-1
5080,sub-S10899_ses-E21364_run-1_bp-chest_vp-ap_dx.png,-1,-1
5081,sub-S10899_ses-E22617_run-1_bp-chest_vp-ap_dx.png,-1,-1
5082,sub-S10899_ses-E23132_run-1_bp-chest_vp-pa_cr.png,-1,-1
5083,sub-S10899_ses-E26505_run-2_bp-chest_vp-pa_dx.png,-1,-1
5084,sub-S10900_ses-E18970_run-1_bp-chest_vp-ap_cr.png,-1,-1
5085,sub-S10900_ses-E19135_run-1_bp-chest_vp-ap_cr.png,-1,-1
5086,sub-S10900_ses-E19685_run-1_bp-chest_vp-ap_cr.png,-1,-1
5087,sub-S10900_ses-E20287_run-1_bp-chest_vp-ap_cr.png,-1,-1
5088,sub-S10900_ses-E20680_run-1_bp-chest_vp-ap_cr.png,-1,-1
5089,sub-S10900_ses-E20941_run-1_bp-chest_vp-pa_cr.png,-1,-1
5090,sub-S10900_ses-E22043_run-1_bp-chest_vp-ap_cr.png,-1,-1
5091,sub-S10900_ses-E22811_run-1_bp-chest_vp-ap_cr.png,-1,-1
5092,sub-S10900_ses-E22994_run-1_bp-chest_vp-ap_cr.png,-1,-1
5093,sub-S10903_ses-E18982_run-1_bp-chest_vp-ap_dx.png,-1,-1
5094,sub-S10903_ses-E19149_run-1_bp-chest_vp-ap_dx.png,-1,-1
5095,sub-S10903_ses-E19445_run-1_bp-chest_vp-ap_dx.png,-1,-1
5096,sub-S10903_ses-E20697_run-1_bp-chest_vp-ap_cr.png,-1,-1
5097,sub-S10903_ses-E21176_run-1_bp-chest_vp-ap_dx.png,-1,-1
5098,sub-S10903_ses-E24522_run-1_bp-chest_vp-pa_dx.png,-1,-1
5099,sub-S10905_ses-E18984_run-1_bp-chest_vp-ap_dx.png,-1,-1
5100,sub-S10905_ses-E22625_run-1_bp-chest_vp-ap_cr.png,-1,-1
5101,sub-S10905_ses-E25423_run-1_bp-chest_vp-ap_dx.png,-1,-1
5102,sub-S10905_ses-E26164_run-1_bp-chest_vp-ap_dx.png,-1,-1
5103,sub-S10906_ses-E20418_run-1_bp-chest_vp-ap_dx.png,-1,-1
5104,sub-S10906_ses-E21380_run-1_bp-chest_cr.png,-1,-1
5105,sub-S10909_ses-E19004_acq-1_run-1_bp-chest_vp-pa_dx.png,-1,-1
5106,sub-S10910_ses-E19006_run-1_bp-chest_vp-ap_cr.png,-1,-1
5107,sub-S10910_ses-E21714_run-1_bp-chest_vp-ap_dx.png,-1,-1
5108,sub-S10912_ses-E19008_acq-1_run-1_bp-chest_vp-pa_dx.png,-1,-1
5109,sub-S10913_ses-E19010_run-1_bp-chest_vp-ap_dx.png,-1,-1
5110,sub-S10914_ses-E19011_run-1_bp-chest_vp-pa_cr.png,-1,-1
5111,sub-S10914_ses-E19727_run-1_bp-chest_vp-ap_cr.png,-1,-1
5112,sub-S10914_ses-E20993_run-1_bp-chest_vp-pa_cr.png,-1,-1
5113,sub-S10916_ses-E19017_run-1_bp-chest_vp-ap_dx.png,-1,-1
5114,sub-S10916_ses-E23034_run-1_bp-chest_vp-ap_cr.png,-1,-1
5115,sub-S10916_ses-E26349_run-1_bp-chest_vp-ap_cr.png,-1,-1
5116,sub-S10918_ses-E19023_run-1_bp-chest_vp-pa_cr.png,-1,-1
5117,sub-S10918_ses-E19888_run-1_bp-chest_vp-ap_cr.png,-1,-1
5118,sub-S10918_ses-E21234_run-1_bp-chest_vp-pa_cr.png,-1,-1
5119,sub-S10921_ses-E19029_run-1_bp-chest_vp-pa_cr.png,-1,-1
5120,sub-S10923_ses-E19043_run-1_bp-chest_vp-ap_dx.png,-1,-1
5121,sub-S10923_ses-E22433_run-1_bp-chest_vp-pa_dx.png,-1,-1
5122,sub-S10923_ses-E22882_run-1_bp-chest_vp-ap_dx.png,-1,-1
5123,sub-S10923_ses-E23198_run-1_bp-chest_vp-ap_dx.png,-1,-1
5124,sub-S10924_ses-E19047_run-1_bp-chest_vp-ap_cr.png,-1,-1
5125,sub-S10924_ses-E22899_run-1_bp-chest_vp-ap_dx.png,-1,-1
5126,sub-S10924_ses-E26659_run-1_bp-chest_vp-ap_cr.png,-1,-1
5127,sub-S10926_ses-E19755_run-1_bp-chest_cr.png,-1,-1
5128,sub-S10926_ses-E19906_run-2_bp-chest_cr.png,-1,-1
5129,sub-S10926_ses-E20527_run-1_bp-chest_cr.png,-1,-1
5130,sub-S10926_ses-E21260_run-1_bp-chest_cr.png,-1,-1
5131,sub-S10926_ses-E22464_run-1_bp-chest_cr.png,-1,-1
5132,sub-S10926_ses-E23474_run-1_bp-chest_cr.png,-1,-1
5133,sub-S10926_ses-E25953_run-1_bp-chest_cr.png,-1,-1
5134,sub-S10927_ses-E19053_run-1_bp-chest_vp-ap_dx.png,-1,-1
5135,sub-S10927_ses-E19308_run-1_bp-chest_vp-pa_dx.png,-1,-1
5136,sub-S10927_ses-E22912_run-1_bp-chest_vp-ap_dx.png,-1,-1
5137,sub-S10928_ses-E19054_run-1_bp-chest_vp-ap_dx.png,-1,-1
5138,sub-S10928_ses-E19306_acq-1_run-1_bp-chest_vp-pa_dx.png,-1,-1
5139,sub-S10928_ses-E20543_run-1_bp-chest_vp-ap_cr.png,-1,-1
5140,sub-S10928_ses-E21046_run-1_bp-chest_vp-ap_cr.png,-1,-1
5141,sub-S10928_ses-E21594_run-1_bp-chest_vp-ap_cr.png,-1,-1
5142,sub-S10928_ses-E22104_run-1_bp-chest_vp-ap_cr.png,-1,-1
5143,sub-S10928_ses-E22272_run-1_bp-chest_vp-ap_cr.png,-1,-1
5144,sub-S10928_ses-E23222_run-1_bp-chest_vp-ap_dx.png,-1,-1
5145,sub-S10929_ses-E19055_run-1_bp-chest_vp-ap_dx.png,-1,-1
5146,sub-S10929_ses-E21591_run-1_bp-chest_vp-ap_dx.png,-1,-1
5147,sub-S10929_ses-E22275_run-1_bp-chest_vp-ap_dx.png,-1,-1
5148,sub-S10929_ses-E22910_run-1_bp-chest_vp-ap_dx.png,-1,-1
5149,sub-S10929_ses-E23229_run-1_bp-chest_vp-ap_dx.png,-1,-1
5150,sub-S10930_ses-E19057_run-1_bp-chest_vp-ap_dx.png,-1,-1
5151,sub-S10930_ses-E22261_acq-1_run-1_bp-chest_vp-pa_dx.png,-1,-1
5152,sub-S10932_ses-E19065_run-1_bp-chest_vp-ap_dx.png,-1,-1
5153,sub-S10932_ses-E20119_run-1_bp-chest_vp-ap_dx.png,-1,-1
5154,sub-S10932_ses-E20254_run-1_bp-chest_vp-ap_dx.png,-1,-1
5155,sub-S10932_ses-E21971_run-1_bp-chest_vp-ap_dx.png,-1,-1
5156,sub-S10932_ses-E22112_run-1_bp-chest_vp-ap_dx.png,-1,-1
5157,sub-S10932_ses-E22902_run-1_bp-chest_vp-ap_dx.png,-1,-1
5158,sub-S10935_ses-E22512_run-1_bp-chest_vp-ap_cr.png,-1,-1
5159,sub-S10935_ses-E25995_acq-1_run-1_bp-chest_vp-pa_dx.png,-1,-1
5160,sub-S10936_ses-E19080_run-1_bp-chest_vp-ap_cr.png,-1,-1
5161,sub-S10936_ses-E20136_run-1_bp-chest_vp-pa_cr.png,-1,-1
5162,sub-S10938_ses-E19098_run-1_bp-chest_vp-pa_dx.png,-1,-1
5163,sub-S10940_ses-E19101_run-1_bp-chest_vp-pa_dx.png,-1,-1
5164,sub-S10940_ses-E21094_run-1_bp-chest_vp-pa_dx.png,-1,-1
5165,sub-S10941_ses-E19102_run-1_bp-chest_vp-pa_dx.png,-1,-1
5166,sub-S10941_ses-E21127_run-1_bp-chest_vp-pa_dx.png,-1,-1
5167,sub-S10941_ses-E23605_run-1_bp-chest_vp-pa_dx.png,-1,-1
5168,sub-S10942_ses-E19103_run-1_bp-chest_vp-ap_cr.png,-1,-1
5169,sub-S10942_ses-E21650_run-1_bp-chest_vp-ap_cr.png,-1,-1
5170,sub-S10944_ses-E19105_run-1_bp-chest_vp-ap_cr.png,-1,-1
5171,sub-S10944_ses-E19397_run-1_bp-chest_vp-pa_cr.png,-1,-1
5172,sub-S10944_ses-E20633_run-1_bp-chest_vp-pa_cr.png,-1,-1
5173,sub-S10944_ses-E21819_run-1_bp-chest_vp-ap_cr.png,-1,-1
5174,sub-S10944_ses-E24060_run-1_bp-chest_vp-ap_cr.png,-1,-1
5175,sub-S10944_ses-E24834_run-1_bp-chest_vp-pa_cr.png,-1,-1
5176,sub-S10944_ses-E25379_run-1_bp-chest_vp-ap_cr.png,-1,-1
5177,sub-S10945_ses-E19111_run-1_bp-chest_vp-ap_dx.png,-1,-1
5178,sub-S10945_ses-E19634_run-1_bp-chest_vp-ap_dx.png,-1,-1
5179,sub-S10945_ses-E19806_run-1_bp-chest_vp-ap_cr.png,-1,-1
5180,sub-S10945_ses-E21797_run-1_bp-chest_vp-ap_dx.png,-1,-1
5181,sub-S10945_ses-E23721_run-1_bp-chest_vp-ap_dx.png,-1,-1
5182,sub-S10945_ses-E24667_run-1_bp-chest_vp-ap_dx.png,-1,-1
5183,sub-S10946_ses-E19112_run-1_bp-chest_vp-pa_dx.png,-1,-1
5184,sub-S10946_ses-E22947_run-1_bp-chest_vp-ap_dx.png,-1,-1
5185,sub-S10948_ses-E19117_acq-1_run-1_bp-chest_vp-ll_dx.png,-1,-1
5186,sub-S10948_ses-E21491_acq-1_run-1_bp-chest_vp-pa_dx.png,-1,-1
5187,sub-S10948_ses-E22584_run-1_bp-chest_vp-ap_cr.png,-1,-1
5188,sub-S10949_ses-E19118_run-1_bp-chest_vp-ap_cr.png,-1,-1
5189,sub-S10949_ses-E22986_run-1_bp-chest_vp-ap_cr.png,-1,-1
5190,sub-S10949_ses-E23309_run-1_bp-chest_vp-ap_cr.png,-1,-1
5191,sub-S10950_ses-E22788_run-1_bp-chest_vp-ap_dx.png,-1,-1
5192,sub-S10951_ses-E19131_run-1_bp-chest_vp-pa_cr.png,-1,-1
5193,sub-S10952_ses-E19134_run-1_bp-chest_vp-pa_dx.png,-1,-1
5194,sub-S10955_ses-E19144_run-1_bp-chest_vp-pa_cr.png,-1,-1
5195,sub-S10955_ses-E20690_run-1_bp-chest_vp-pa_cr.png,-1,-1
5196,sub-S10955_ses-E24114_run-1_bp-chest_vp-pa_cr.png,-1,-1
5197,sub-S10955_ses-E25419_run-1_bp-chest_vp-ap_cr.png,-1,-1
5198,sub-S10955_ses-E26131_run-1_bp-chest_vp-pa_cr.png,-1,-1
5199,sub-S10957_ses-E19147_run-1_bp-chest_vp-pa_dx.png,-1,-1
5200,sub-S10960_ses-E19163_run-1_bp-chest_vp-ap_dx.png,-1,-1
5201,sub-S10961_ses-E19165_run-1_bp-chest_vp-ap_cr.png,-1,-1
5202,sub-S10961_ses-E22851_run-1_bp-chest_vp-ap_cr.png,-1,-1
5203,sub-S10965_ses-E19178_run-1_bp-chest_vp-ap_cr.png,-1,-1
5204,sub-S10965_ses-E21874_run-1_bp-chest_vp-ap_dx.png,-1,-1
5205,sub-S10965_ses-E22246_run-3_bp-chest_vp-ap_dx.png,-1,-1
5206,sub-S10969_ses-E19192_acq-1_run-1_bp-chest_vp-pa_cr.png,-1,-1
5207,sub-S10969_ses-E22122_run-1_bp-chest_vp-ap_dx.png,-1,-1
5208,sub-S10969_ses-E24165_run-1_bp-chest_vp-pa_dx.png,-1,-1
5209,sub-S10969_ses-E24440_run-1_bp-chest_vp-ap_dx.png,-1,-1
5210,sub-S10969_ses-E24847_run-1_bp-chest_vp-pa_dx.png,-1,-1
5211,sub-S10969_ses-E24927_run-1_bp-chest_vp-ap_dx.png,-1,-1
5212,sub-S10969_ses-E24928_run-1_bp-chest_vp-ap_dx.png,-1,-1
5213,sub-S10970_ses-E19194_run-1_bp-chest_vp-pa_cr.png,-1,-1
5214,sub-S10972_ses-E19196_run-1_bp-chest_vp-ap_dx.png,-1,-1
5215,sub-S10972_ses-E20776_run-1_bp-chest_vp-ap_dx.png,-1,-1
5216,sub-S10972_ses-E22945_run-1_bp-chest_vp-ap_dx.png,-1,-1
5217,sub-S10973_ses-E19197_acq-1_run-1_bp-chest_vp-pa_dx.png,-1,-1
5218,sub-S10974_ses-E19198_run-1_bp-chest_vp-pa_cr.png,-1,-1
5219,sub-S10974_ses-E25711_run-1_bp-chest_vp-pa_cr.png,-1,-1
5220,sub-S10976_ses-E22158_run-1_bp-chest_vp-ap_dx.png,-1,-1
5221,sub-S10977_ses-E22762_run-1_bp-chest_vp-ap_cr.png,-1,-1
5222,sub-S10977_ses-E22952_run-1_bp-chest_vp-ap_dx.png,-1,-1
5223,sub-S10977_ses-E26727_run-1_bp-chest_vp-pa_cr.png,-1,-1
5224,sub-S10978_ses-E19215_run-1_bp-chest_cr.png,-1,-1
5225,sub-S10979_ses-E24279_acq-1_run-1_bp-chest_vp-ll_dx.png,-1,-1
5226,sub-S10980_ses-E19221_run-1_bp-chest_vp-ap_cr.png,-1,-1
5227,sub-S10980_ses-E20964_run-1_bp-chest_vp-ap_dx.png,-1,-1
5228,sub-S10980_ses-E22361_run-1_bp-chest_vp-ap_dx.png,-1,-1
5229,sub-S10981_ses-E20974_run-1_bp-chest_vp-ap_dx.png,-1,-1
5230,sub-S10982_ses-E19227_acq-2_run-1_bp-chest_vp-ap_dx.png,-1,-1
5231,sub-S10982_ses-E20444_run-1_bp-chest_vp-ap_dx.png,-1,-1
5232,sub-S10983_ses-E19228_run-1_bp-chest_vp-pa_cr.png,-1,-1
5233,sub-S10983_ses-E19861_run-1_bp-chest_vp-pa_cr.png,-1,-1
5234,sub-S10983_ses-E20047_run-1_bp-chest_vp-pa_cr.png,-1,-1
5235,sub-S10985_ses-E19862_run-1_bp-chest_vp-ap_cr.png,-1,-1
5236,sub-S10987_ses-E24313_run-1_bp-chest_vp-ap_dx.png,-1,-1
5237,sub-S10987_ses-E26216_run-1_bp-chest_vp-pa_dx.png,-1,-1
5238,sub-S10988_ses-E20982_run-1_bp-chest_vp-pa_dx.png,-1,-1
5239,sub-S10989_ses-E19238_run-1_bp-chest_vp-pa_cr.png,-1,-1
5240,sub-S10989_ses-E20454_run-1_bp-chest_vp-pa_cr.png,-1,-1
5241,sub-S10989_ses-E22390_run-1_bp-chest_vp-pa_cr.png,-1,-1
5242,sub-S10989_ses-E24322_run-1_bp-chest_vp-ap_cr.png,-1,-1
5243,sub-S10992_ses-E19242_run-1_bp-chest_vp-ap_dx.png,-1,-1
5244,sub-S10992_ses-E22417_run-1_bp-chest_vp-ap_dx.png,-1,-1
5245,sub-S10993_ses-E19244_run-1_bp-chest_vp-ap_dx.png,-1,-1
5246,sub-S10993_ses-E22416_run-1_bp-chest_vp-ap_dx.png,-1,-1
5247,sub-S10995_ses-E19250_run-1_bp-chest_vp-ap_dx.png,-1,-1
5248,sub-S10996_ses-E19251_run-1_bp-chest_vp-pa_cr.png,-1,-1
5249,sub-S10996_ses-E26370_run-1_bp-chest_vp-pa_cr.png,-1,-1
5250,sub-S10998_ses-E24341_acq-1_run-1_bp-chest_vp-ll_dx.png,-1,-1
5251,sub-S10999_ses-E19255_run-1_bp-chest_cr.png,-1,-1
5252,sub-S10999_ses-E19733_run-1_bp-chest_vp-ap_dx.png,-1,-1
5253,sub-S10999_ses-E23428_acq-1_run-1_bp-chest_vp-ap_dx.png,-1,-1
5254,sub-S10999_ses-E25903_run-1_bp-chest_cr.png,-1,-1
5255,sub-S11000_ses-E19258_run-1_bp-chest_vp-ap_dx.png,-1,-1
5256,sub-S11000_ses-E21029_run-1_bp-chest_vp-ap_dx.png,-1,-1
5257,sub-S11000_ses-E24597_run-1_bp-chest_vp-pa_dx.png,-1,-1
5258,sub-S11001_ses-E19260_run-1_bp-chest_vp-ap_dx.png,-1,-1
5259,sub-S11001_ses-E20487_run-1_bp-chest_vp-ap_dx.png,-1,-1
5260,sub-S11001_ses-E23191_run-1_bp-chest_vp-ap_dx.png,-1,-1
5261,sub-S11001_ses-E24214_run-1_bp-chest_vp-ap_dx.png,-1,-1
5262,sub-S11001_ses-E24591_run-1_bp-chest_cr.png,-1,-1
5263,sub-S11002_ses-E19261_run-1_bp-chest_vp-ap_cr.png,-1,-1
5264,sub-S11002_ses-E24586_run-1_bp-chest_vp-ap_cr.png,-1,-1
5265,sub-S11003_ses-E19262_run-1_bp-chest_vp-ap_dx.png,-1,-1
5266,sub-S11005_ses-E19264_run-1_bp-chest_vp-ap_dx.png,-1,-1
5267,sub-S11005_ses-E23441_run-1_bp-chest_vp-ap_dx.png,-1,-1
5268,sub-S11005_ses-E23902_run-1_bp-chest_vp-pa_cr.png,-1,-1
5269,sub-S11005_ses-E25046_run-1_bp-chest_vp-ap_dx.png,-1,-1
5270,sub-S11005_ses-E26365_run-1_bp-chest_vp-ap_dx.png,-1,-1
5271,sub-S11007_ses-E19270_run-1_bp-chest_vp-pa_cr.png,-1,-1
5272,sub-S11007_ses-E19895_run-1_bp-chest_vp-ap_cr.png,-1,-1
5273,sub-S11007_ses-E20730_run-1_bp-chest_vp-pa_dx.png,-1,-1
5274,sub-S11008_ses-E19275_run-1_bp-chest_vp-ap_cr.png,-1,-1
5275,sub-S11008_ses-E19545_run-1_bp-chest_vp-ap_cr.png,-1,-1
5276,sub-S11008_ses-E19901_run-1_bp-chest_vp-ap_cr.png,-1,-1
5277,sub-S11009_ses-E19277_run-1_bp-chest_vp-ap_dx.png,-1,-1
5278,sub-S11009_ses-E20518_run-1_bp-chest_vp-ap_dx.png,-1,-1
5279,sub-S11009_ses-E25617_acq-1_run-1_bp-chest_vp-ll_dx.png,-1,-1
5280,sub-S11009_ses-E25923_run-1_bp-chest_vp-ap_cr.png,-1,-1
5281,sub-S11010_ses-E19279_run-1_bp-chest_vp-ap_cr.png,-1,-1
5282,sub-S11010_ses-E22438_run-1_bp-chest_vp-ap_dx.png,-1,-1
5283,sub-S11010_ses-E24364_run-1_bp-chest_vp-ap_cr.png,-1,-1
5284,sub-S11011_ses-E19752_run-1_bp-chest_vp-ap_dx.png,-1,-1
5285,sub-S11012_ses-E19285_run-1_bp-chest_vp-ap_cr.png,-1,-1
5286,sub-S11012_ses-E25064_run-1_bp-chest_vp-ap_cr.png,-1,-1
5287,sub-S11013_ses-E19286_run-1_bp-chest_vp-pa_cr.png,-1,-1
5288,sub-S11013_ses-E20873_run-1_bp-chest_vp-pa_cr.png,-1,-1
5289,sub-S11013_ses-E22443_run-1_bp-chest_vp-pa_cr.png,-1,-1
5290,sub-S11014_ses-E19289_run-2_bp-chest_vp-ap_dx.png,-1,-1
5291,sub-S11014_ses-E25943_run-2_bp-chest_vp-ap_cr.png,-1,-1
5292,sub-S11015_ses-E19291_acq-1_run-1_bp-chest_vp-ll_dx.png,-1,-1
5293,sub-S11016_ses-E19293_run-2_bp-chest_vp-ap_dx.png,-1,-1
5294,sub-S11016_ses-E20525_run-2_bp-chest_vp-ap_dx.png,-1,-1
5295,sub-S11016_ses-E25955_run-1_bp-chest_vp-ap_cr.png,-1,-1
5296,sub-S11017_ses-E19294_run-1_bp-chest_vp-pa_cr.png,-1,-1
5297,sub-S11018_ses-E19295_run-1_bp-chest_vp-pa_cr.png,-1,-1
5298,sub-S11018_ses-E25636_run-1_bp-chest_vp-pa_cr.png,-1,-1
5299,sub-S11020_ses-E19300_run-1_bp-chest_vp-ap_dx.png,-1,-1
5300,sub-S11020_ses-E24603_acq-1_run-1_bp-chest_vp-pa_dx.png,-1,-1
5301,sub-S11021_ses-E19302_run-1_bp-chest_vp-ap_cr.png,-1,-1
5302,sub-S11021_ses-E22493_run-1_bp-chest_vp-ap_cr.png,-1,-1
5303,sub-S11022_ses-E19309_run-1_bp-chest_vp-ap_cr.png,-1,-1
5304,sub-S11022_ses-E19762_run-1_bp-chest_vp-pa_cr.png,-1,-1
5305,sub-S11022_ses-E24391_run-1_bp-chest_vp-ap_cr.png,-1,-1
5306,sub-S11022_ses-E25642_run-1_bp-chest_vp-ap_cr.png,-1,-1
5307,sub-S11023_ses-E19312_run-1_bp-chest_vp-ap_cr.png,-1,-1
5308,sub-S11023_ses-E23943_acq-1_run-1_bp-chest_vp-pa_dx.png,-1,-1
5309,sub-S11023_ses-E25971_run-1_bp-chest_vp-ap_cr.png,-1,-1
5310,sub-S11024_ses-E19317_run-1_bp-chest_vp-ap_dx.png,-1,-1
5311,sub-S11025_ses-E19318_run-1_bp-chest_vp-ap_cr.png,-1,-1
5312,sub-S11025_ses-E19579_run-1_bp-chest_vp-ap_cr.png,-1,-1
5313,sub-S11025_ses-E19926_run-1_bp-chest_vp-ap_cr.png,-1,-1
5314,sub-S11025_ses-E20122_run-1_bp-chest_vp-ap_cr.png,-1,-1
5315,sub-S11025_ses-E21274_run-1_bp-chest_vp-ap_cr.png,-1,-1
5316,sub-S11025_ses-E22486_run-1_bp-chest_vp-ap_cr.png,-1,-1
5317,sub-S11025_ses-E22723_run-1_bp-chest_vp-ap_cr.png,-1,-1
5318,sub-S11025_ses-E25664_acq-1_run-1_bp-chest_vp-ll_dx.png,-1,-1
5319,sub-S11025_ses-E25989_run-1_bp-chest_vp-ap_cr.png,-1,-1
5320,sub-S11026_ses-E19319_run-1_bp-chest_vp-ap_dx.png,-1,-1
5321,sub-S11026_ses-E24420_acq-1_run-1_bp-chest_vp-ll_dx.png,-1,-1
5322,sub-S11027_ses-E19325_run-1_bp-chest_vp-ap_cr.png,-1,-1
5323,sub-S11028_ses-E19326_run-1_bp-chest_vp-pa_cr.png,-1,-1
5324,sub-S11028_ses-E26282_run-1_bp-chest_vp-pa_cr.png,-1,-1
5325,sub-S11030_ses-E19328_run-1_bp-chest_vp-pa_cr.png,-1,-1
5326,sub-S11030_ses-E24787_run-1_bp-chest_vp-pa_dx.png,-1,-1
5327,sub-S11030_ses-E25328_run-1_bp-chest_vp-ap_cr.png,-1,-1
5328,sub-S11031_ses-E19329_run-1_bp-chest_vp-pa_cr.png,-1,-1
5329,sub-S11031_ses-E20582_run-1_bp-chest_vp-pa_cr.png,-1,-1
5330,sub-S11031_ses-E23969_run-1_bp-chest_vp-pa_cr.png,-1,-1
5331,sub-S11031_ses-E26956_run-1_bp-chest_vp-pa_dx.png,-1,-1
5332,sub-S11033_ses-E23975_acq-1_run-1_bp-chest_vp-ll_dx.png,-1,-1
5333,sub-S11034_ses-E19334_run-1_bp-chest_vp-pa_dx.png,-1,-1
5334,sub-S11034_ses-E22505_run-1_bp-chest_vp-ap_dx.png,-1,-1
5335,sub-S11035_ses-E19338_run-1_bp-chest_vp-pa_cr.png,-1,-1
5336,sub-S11035_ses-E19592_run-1_bp-chest_vp-ap_cr.png,-1,-1
5337,sub-S11035_ses-E20157_run-1_bp-chest_vp-ap_cr.png,-1,-1
5338,sub-S11035_ses-E21063_run-1_bp-chest_vp-ap_cr.png,-1,-1
5339,sub-S11035_ses-E25692_run-1_bp-chest_vp-ap_dx.png,-1,-1
5340,sub-S11036_ses-E19341_run-1_bp-chest_vp-ap_cr.png,-1,-1
5341,sub-S11036_ses-E25119_acq-1_run-1_bp-chest_vp-pa_dx.png,-1,-1
5342,sub-S11036_ses-E26024_run-1_bp-chest_vp-ap_cr.png,-1,-1
5343,sub-S11038_ses-E19343_run-1_bp-chest_vp-ap_cr.png,-1,-1
5344,sub-S11038_ses-E24649_run-1_bp-chest_vp-pa_dx.png,-1,-1
5345,sub-S11040_ses-E19346_run-1_bp-chest_vp-ap_dx.png,-1,-1
5346,sub-S11040_ses-E21083_run-1_bp-chest_vp-ap_dx.png,-1,-1
5347,sub-S11040_ses-E24646_run-1_bp-chest_vp-pa_dx.png,-1,-1
5348,sub-S11041_ses-E19347_run-1_bp-chest_vp-ap_dx.png,-1,-1
5349,sub-S11041_ses-E20369_run-1_bp-chest_vp-ap_cr.png,-1,-1
5350,sub-S11041_ses-E21077_run-1_bp-chest_vp-ap_cr.png,-1,-1
5351,sub-S11041_ses-E21623_run-1_bp-chest_vp-ap_cr.png,-1,-1
5352,sub-S11041_ses-E21764_run-1_bp-chest_vp-ap_dx.png,-1,-1
5353,sub-S11041_ses-E22939_run-1_bp-chest_vp-ap_cr.png,-1,-1
5354,sub-S11041_ses-E23266_run-1_bp-chest_vp-ap_cr.png,-1,-1
5355,sub-S11041_ses-E23555_run-1_bp-chest_vp-ap_cr.png,-1,-1
5356,sub-S11042_ses-E19349_run-1_bp-chest_vp-ap_cr.png,-1,-1
5357,sub-S11042_ses-E22520_run-1_bp-chest_vp-ap_cr.png,-1,-1
5358,sub-S11043_ses-E19354_run-1_bp-chest_vp-ap_cr.png,-1,-1
5359,sub-S11044_ses-E21465_run-1_bp-chest_vp-ap_dx.png,-1,-1
5360,sub-S11044_ses-E22534_run-1_bp-chest_vp-ap_dx.png,-1,-1
5361,sub-S11045_ses-E19358_acq-2_run-1_bp-chest_vp-pa_dx.png,-1,-1
5362,sub-S11045_ses-E19628_run-1_bp-chest_vp-ap_cr.png,-1,-1
5363,sub-S11046_ses-E19361_run-1_bp-chest_vp-ap_cr.png,-1,-1
5364,sub-S11046_ses-E19953_run-1_bp-chest_vp-ap_cr.png,-1,-1
5365,sub-S11046_ses-E25705_acq-1_run-1_bp-chest_vp-pa_dx.png,-1,-1
5366,sub-S11047_ses-E19363_run-1_bp-chest_vp-ap_dx.png,-1,-1
5367,sub-S11047_ses-E20599_run-1_bp-chest_vp-ap_cr.png,-1,-1
5368,sub-S11047_ses-E21448_run-1_bp-chest_vp-ap_dx.png,-1,-1
5369,sub-S11047_ses-E22538_run-1_bp-chest_vp-ap_dx.png,-1,-1
5370,sub-S11048_ses-E19364_run-1_bp-chest_vp-ap_cr.png,-1,-1
5371,sub-S11048_ses-E25358_acq-1_run-1_bp-chest_vp-pa_dx.png,-1,-1
5372,sub-S11051_ses-E19370_run-1_bp-chest_vp-ap_cr.png,-1,-1
5373,sub-S11051_ses-E23544_run-1_bp-chest_vp-ap_dx.png,-1,-1
5374,sub-S11052_ses-E21101_run-1_bp-chest_vp-ap_dx.png,-1,-1
5375,sub-S11052_ses-E24020_run-1_bp-chest_vp-ap_cr.png,-1,-1
5376,sub-S11052_ses-E25151_acq-2_run-1_bp-chest_vp-ap_dx.png,-1,-1
5377,sub-S11052_ses-E26465_run-1_bp-chest_vp-ap_dx.png,-1,-1
5378,sub-S11053_ses-E19372_run-1_bp-chest_vp-pa_cr.png,-1,-1
5379,sub-S11053_ses-E22556_run-1_bp-chest_vp-pa_cr.png,-1,-1
5380,sub-S11053_ses-E25372_run-1_bp-chest_vp-ap_cr.png,-1,-1
5381,sub-S11054_ses-E19373_run-1_bp-chest_vp-pa_dx.png,-1,-1
5382,sub-S11055_ses-E19374_run-1_bp-chest_vp-pa_cr.png,-1,-1
5383,sub-S11056_ses-E19375_run-1_bp-chest_vp-ap_cr.png,-1,-1
5384,sub-S11056_ses-E21325_run-1_bp-chest_vp-ap_cr.png,-1,-1
5385,sub-S11056_ses-E22142_run-1_bp-chest_vp-ap_cr.png,-1,-1
5386,sub-S11056_ses-E22557_run-1_bp-chest_vp-ap_dx.png,-1,-1
5387,sub-S11056_ses-E23287_run-2_bp-chest_vp-ap_dx.png,-1,-1
5388,sub-S11056_ses-E24030_run-1_bp-chest_vp-ap_dx.png,-1,-1
5389,sub-S11056_ses-E26058_run-1_bp-chest_vp-ap_cr.png,-1,-1
5390,sub-S11056_ses-E26284_acq-1_run-1_bp-chest_vp-pa_dx.png,-1,-1
5391,sub-S11056_ses-E26467_run-1_bp-chest_vp-ap_cr.png,-1,-1
5392,sub-S11058_ses-E19377_run-1_bp-chest_vp-ap_cr.png,-1,-1
5393,sub-S11058_ses-E24664_run-1_bp-chest_vp-pa_dx.png,-1,-1
5394,sub-S11059_ses-E19378_run-1_bp-chest_vp-ap_dx.png,-1,-1
5395,sub-S11060_ses-E19379_run-1_bp-chest_vp-ap_dx.png,-1,-1
5396,sub-S11060_ses-E23586_run-1_bp-chest_vp-ap_dx.png,-1,-1
5397,sub-S11060_ses-E24841_run-1_bp-chest_vp-ap_dx.png,-1,-1
5398,sub-S11060_ses-E25375_run-1_bp-chest_vp-ap_dx.png,-1,-1
5399,sub-S11060_ses-E25506_run-1_bp-chest_vp-ap_dx.png,-1,-1
5400,sub-S11060_ses-E25725_run-1_bp-chest_vp-ap_dx.png,-1,-1
5401,sub-S11061_ses-E20920_run-1_bp-chest_vp-ap_cr.png,-1,-1
5402,sub-S11061_ses-E23279_run-1_bp-chest_vp-ap_dx.png,-1,-1
5403,sub-S11062_ses-E19811_run-1_bp-chest_vp-ap_dx.png,-1,-1
5404,sub-S11062_ses-E23576_run-1_bp-chest_vp-ap_dx.png,-1,-1
5405,sub-S11062_ses-E24483_run-1_bp-chest_vp-ap_cr.png,-1,-1
5406,sub-S11062_ses-E24839_acq-1_run-1_bp-chest_vp-ll_dx.png,-1,-1
5407,sub-S11064_ses-E19390_run-1_bp-chest_vp-ap_dx.png,-1,-1
5408,sub-S11064_ses-E19391_run-1_bp-chest_vp-ap_dx.png,-1,-1
5409,sub-S11064_ses-E22569_run-1_bp-chest_vp-ap_dx.png,-1,-1
5410,sub-S11064_ses-E23619_run-1_bp-chest_vp-ap_dx.png,-1,-1
5411,sub-S11064_ses-E24836_run-1_bp-chest_vp-ap_dx.png,-1,-1
5412,sub-S11064_ses-E24943_run-1_bp-chest_vp-pa_dx.png,-1,-1
5413,sub-S11064_ses-E25381_run-1_bp-chest_vp-ap_dx.png,-1,-1
5414,sub-S11064_ses-E26458_run-1_bp-chest_vp-ap_dx.png,-1,-1
5415,sub-S11066_ses-E19392_run-1_bp-chest_vp-ap_cr.png,-1,-1
5416,sub-S11066_ses-E19654_run-1_bp-chest_vp-ap_cr.png,-1,-1
5417,sub-S11066_ses-E23617_run-1_bp-chest_vp-ap_cr.png,-1,-1
5418,sub-S11066_ses-E23737_run-1_bp-chest_vp-pa_cr.png,-1,-1
5419,sub-S11066_ses-E26302_run-1_bp-chest_vp-ap_cr.png,-1,-1
5420,sub-S11068_ses-E19399_run-1_bp-chest_vp-ap_cr.png,-1,-1
5421,sub-S11070_ses-E19407_run-1_bp-chest_vp-ap_dx.png,-1,-1
5422,sub-S11070_ses-E24701_run-1_bp-chest_vp-pa_dx.png,-1,-1
5423,sub-S11071_ses-E26103_run-1_bp-chest_vp-ap_cr.png,-1,-1
5424,sub-S11071_ses-E26312_run-1_bp-chest_vp-pa_dx.png,-1,-1
5425,sub-S11073_ses-E19414_run-1_bp-chest_vp-ap_dx.png,-1,-1
5426,sub-S11073_ses-E24504_run-1_bp-chest_vp-ap_dx.png,-1,-1
5427,sub-S11073_ses-E26098_run-1_bp-chest_vp-ap_dx.png,-1,-1
5428,sub-S11073_ses-E26294_run-1_bp-chest_vp-pa_dx.png,-1,-1
5429,sub-S11074_ses-E19415_run-1_bp-chest_vp-ap_dx.png,-1,-1
5430,sub-S11074_ses-E24698_run-1_bp-chest_vp-ap_dx.png,-1,-1
5431,sub-S11075_ses-E19666_run-1_bp-chest_vp-ap_cr.png,-1,-1
5432,sub-S11075_ses-E22597_run-1_bp-chest_vp-ap_dx.png,-1,-1
5433,sub-S11078_ses-E19422_run-1_bp-chest_vp-ap_dx.png,-1,-1
5434,sub-S11078_ses-E21156_run-1_bp-chest_vp-ap_dx.png,-1,-1
5435,sub-S11078_ses-E26508_run-1_bp-chest_vp-ap_cr.png,-1,-1
5436,sub-S11079_ses-E19424_run-1_bp-chest_vp-ap_dx.png,-1,-1
5437,sub-S11079_ses-E24500_run-1_bp-chest_vp-pa_dx.png,-1,-1
5438,sub-S11079_ses-E24694_run-1_bp-chest_vp-ap_dx.png,-1,-1
5439,sub-S11080_ses-E21507_run-1_bp-chest_vp-ap_dx.png,-1,-1
5440,sub-S11080_ses-E22615_run-1_bp-chest_vp-ap_dx.png,-1,-1
5441,sub-S11081_ses-E19426_run-1_bp-chest_vp-pa_dx.png,-1,-1
5442,sub-S11082_ses-E19428_run-1_bp-chest_vp-ap_dx.png,-1,-1
5443,sub-S11082_ses-E19430_run-2_bp-chest_vp-ap_dx.png,-1,-1
5444,sub-S11082_ses-E22614_run-1_bp-chest_vp-ap_dx.png,-1,-1
5445,sub-S11082_ses-E23639_run-1_bp-chest_vp-ap_cr.png,-1,-1
5446,sub-S11083_ses-E19429_run-1_bp-chest_vp-ap_dx.png,-1,-1
5447,sub-S11083_ses-E25782_run-1_bp-chest_vp-pa_dx.png,-1,-1
5448,sub-S11084_ses-E19432_run-1_bp-chest_vp-pa_cr.png,-1,-1
5449,sub-S11084_ses-E20687_run-1_bp-chest_vp-pa_cr.png,-1,-1
5450,sub-S11084_ses-E23654_run-1_bp-chest_vp-pa_cr.png,-1,-1
5451,sub-S11084_ses-E24721_run-1_bp-chest_vp-ap_cr.png,-1,-1
5452,sub-S11084_ses-E25792_run-1_bp-chest_vp-pa_cr.png,-1,-1
5453,sub-S11085_ses-E19437_run-1_bp-chest_vp-ap_dx.png,-1,-1
5454,sub-S11086_ses-E19439_run-1_bp-chest_vp-ap_cr.png,-1,-1
5455,sub-S11086_ses-E21170_run-1_bp-chest_vp-ap_cr.png,-1,-1
5456,sub-S11086_ses-E22609_run-1_bp-chest_vp-ap_cr.png,-1,-1
5457,sub-S11087_ses-E19440_run-1_bp-chest_vp-ap_cr.png,-1,-1
5458,sub-S11088_ses-E19441_run-1_bp-chest_vp-ap_cr.png,-1,-1
5459,sub-S11088_ses-E25411_acq-1_run-1_bp-chest_vp-ll_dx.png,-1,-1
5460,sub-S11090_ses-E19448_run-1_bp-chest_vp-ap_cr.png,-1,-1
5461,sub-S11090_ses-E24715_run-1_bp-chest_vp-pa_dx.png,-1,-1
5462,sub-S11093_ses-E19454_acq-1_run-1_bp-chest_vp-ll_dx.png,-1,-1
5463,sub-S11094_ses-E25405_run-1_bp-chest_vp-pa_cr.png,-1,-1
5464,sub-S11095_ses-E26512_run-1_bp-chest_vp-pa_dx.png,-1,-1
5465,sub-S11096_ses-E19458_run-1_bp-chest_vp-ap_dx.png,-1,-1
5466,sub-S11096_ses-E22641_run-1_bp-chest_vp-ap_dx.png,-1,-1
5467,sub-S11096_ses-E24737_run-1_bp-chest_vp-ap_dx.png,-1,-1
5468,sub-S11096_ses-E25245_run-1_bp-chest_vp-ap_dx.png,-1,-1
5469,sub-S11096_ses-E25429_run-1_bp-chest_vp-ap_dx.png,-1,-1
5470,sub-S11097_ses-E19851_run-1_bp-chest_vp-ap_dx.png,-1,-1
5471,sub-S11097_ses-E20703_run-1_bp-chest_vp-ap_cr.png,-1,-1
5472,sub-S11097_ses-E25240_run-2_bp-chest_vp-ap_dx.png,-1,-1
5473,sub-S11098_ses-E19464_run-1_bp-chest_vp-ap_dx.png,-1,-1
5474,sub-S11098_ses-E22347_run-1_bp-chest_vp-ap_dx.png,-1,-1
5475,sub-S11098_ses-E24541_run-1_bp-chest_vp-ap_dx.png,-1,-1
5476,sub-S11099_ses-E19472_run-1_bp-chest_vp-ap_dx.png,-1,-1
5477,sub-S11099_ses-E21189_run-1_bp-chest_vp-ap_dx.png,-1,-1
5478,sub-S11099_ses-E21707_acq-1_run-1_bp-chest_vp-ap_dx.png,-1,-1
5479,sub-S11099_ses-E21707_acq-2_run-1_bp-chest_vp-ap_dx.png,-1,-1
5480,sub-S11100_ses-E19473_run-1_bp-chest_vp-ap_dx.png,-1,-1
5481,sub-S11100_ses-E22655_run-1_bp-chest_vp-ap_dx.png,-1,-1
5482,sub-S11100_ses-E23860_run-1_bp-chest_vp-ap_dx.png,-1,-1
5483,sub-S11100_ses-E24307_run-1_bp-chest_vp-ap_dx.png,-1,-1
5484,sub-S11101_ses-E19477_run-1_bp-chest_vp-ap_cr.png,-1,-1
5485,sub-S11101_ses-E22672_run-1_bp-chest_vp-ap_cr.png,-1,-1
5486,sub-S11101_ses-E24327_run-1_bp-chest_vp-pa_cr.png,-1,-1
5487,sub-S11102_ses-E19483_run-1_bp-chest_vp-ap_dx.png,-1,-1
5488,sub-S11102_ses-E23397_run-1_bp-chest_vp-ap_dx.png,-1,-1
5489,sub-S11102_ses-E23688_run-1_bp-chest_vp-pa_dx.png,-1,-1
5490,sub-S11102_ses-E24202_run-1_bp-chest_vp-ap_dx.png,-1,-1
5491,sub-S11102_ses-E24204_run-1_bp-chest_vp-ap_dx.png,-1,-1
5492,sub-S11103_ses-E25872_run-2_bp-chest_vp-pa_dx.png,-1,-1
5493,sub-S11104_ses-E25901_acq-1_run-1_bp-chest_vp-pa_dx.png,-1,-1
5494,sub-S11106_ses-E19501_run-1_bp-chest_vp-ap_cr.png,-1,-1
5495,sub-S11107_ses-E23176_run-1_bp-chest_vp-ap_dx.png,-1,-1
5496,sub-S11108_ses-E19515_run-1_bp-chest_vp-pa_cr.png,-1,-1
5497,sub-S11108_ses-E19741_run-1_bp-chest_vp-pa_cr.png,-1,-1
5498,sub-S11108_ses-E20077_run-1_bp-chest_vp-ap_cr.png,-1,-1
5499,sub-S11108_ses-E21252_run-1_bp-chest_vp-pa_cr.png,-1,-1
5500,sub-S11108_ses-E23445_run-1_bp-chest_vp-ap_cr.png,-1,-1
5501,sub-S11108_ses-E24768_run-1_bp-chest_vp-ap_cr.png,-1,-1
5502,sub-S11108_ses-E25604_run-1_bp-chest_vp-pa_cr.png,-1,-1
5503,sub-S11109_ses-E19516_run-1_bp-chest_vp-ap_cr.png,-1,-1
5504,sub-S11109_ses-E22431_run-1_bp-chest_vp-pa_cr.png,-1,-1
5505,sub-S11112_ses-E20728_run-1_bp-chest_vp-ap_dx.png,-1,-1
5506,sub-S11113_ses-E19525_run-1_bp-chest_vp-pa_dx.png,-1,-1
5507,sub-S11113_ses-E21743_run-1_bp-chest_vp-pa_dx.png,-1,-1
5508,sub-S11115_ses-E19541_run-1_bp-chest_vp-pa_cr.png,-1,-1
5509,sub-S11115_ses-E20505_run-1_bp-chest_vp-pa_cr.png,-1,-1
5510,sub-S11115_ses-E22456_run-1_bp-chest_vp-ap_cr.png,-1,-1
5511,sub-S11118_ses-E19560_run-1_bp-chest_vp-ap_dx.png,-1,-1
5512,sub-S11121_ses-E19567_run-1_bp-chest_vp-ap_dx.png,-1,-1
5513,sub-S11122_ses-E19573_run-1_bp-chest_vp-ap_cr.png,-1,-1
5514,sub-S11123_ses-E19574_run-1_bp-chest_vp-pa_cr.png,-1,-1
5515,sub-S11123_ses-E20551_run-1_bp-chest_vp-pa_cr.png,-1,-1
5516,sub-S11123_ses-E24781_run-1_bp-chest_vp-ap_cr.png,-1,-1
5517,sub-S11123_ses-E25643_run-1_bp-chest_vp-pa_cr.png,-1,-1
5518,sub-S11123_ses-E26181_run-1_bp-chest_vp-pa_cr.png,-1,-1
5519,sub-S11124_ses-E19575_run-1_bp-chest_vp-ap_dx.png,-1,-1
5520,sub-S11124_ses-E20125_run-1_bp-chest_vp-ap_dx.png,-1,-1
5521,sub-S11124_ses-E21271_run-1_bp-chest_vp-ap_dx.png,-1,-1
5522,sub-S11124_ses-E22490_run-1_bp-chest_vp-ap_dx.png,-1,-1
5523,sub-S11126_ses-E19583_run-1_bp-chest_vp-ap_cr.png,-1,-1
5524,sub-S11126_ses-E20134_run-1_bp-chest_vp-ap_cr.png,-1,-1
5525,sub-S11126_ses-E21282_run-1_bp-chest_vp-ap_cr.png,-1,-1
5526,sub-S11128_ses-E19585_run-1_bp-chest_vp-ap_dx.png,-1,-1
5527,sub-S11128_ses-E20583_run-1_bp-chest_vp-ap_dx.png,-1,-1
5528,sub-S11128_ses-E22736_run-1_bp-chest_vp-ap_dx.png,-1,-1
5529,sub-S11128_ses-E23516_run-1_bp-chest_vp-ap_cr.png,-1,-1
5530,sub-S11130_ses-E19605_run-1_bp-chest_vp-ap_dx.png,-1,-1
5531,sub-S11131_ses-E19606_run-1_bp-chest_vp-ap_dx.png,-1,-1
5532,sub-S11132_ses-E19607_run-1_bp-chest_vp-ap_cr.png,-1,-1
5533,sub-S11132_ses-E20602_run-1_bp-chest_vp-pa_cr.png,-1,-1
5534,sub-S11132_ses-E25134_run-1_bp-chest_vp-ap_cr.png,-1,-1
5535,sub-S11132_ses-E26033_run-1_bp-chest_vp-ap_cr.png,-1,-1
5536,sub-S11133_ses-E19610_run-1_bp-chest_vp-ap_dx.png,-1,-1
5537,sub-S11133_ses-E20589_run-1_bp-chest_vp-ap_dx.png,-1,-1
5538,sub-S11133_ses-E22539_run-1_bp-chest_vp-ap_dx.png,-1,-1
5539,sub-S11133_ses-E23540_run-1_bp-chest_vp-ap_dx.png,-1,-1
5540,sub-S11133_ses-E26035_run-1_bp-chest_vp-ap_dx.png,-1,-1
5541,sub-S11135_ses-E19618_run-1_bp-chest_vp-ap_dx.png,-1,-1
5542,sub-S11135_ses-E20586_run-1_bp-chest_vp-ap_dx.png,-1,-1
5543,sub-S11137_ses-E19959_run-1_bp-chest_vp-ap_dx.png,-1,-1
5544,sub-S11137_ses-E26039_run-1_bp-chest_vp-ap_dx.png,-1,-1
5545,sub-S11138_ses-E19626_run-1_bp-chest_vp-ap_cr.png,-1,-1
5546,sub-S11138_ses-E20595_run-1_bp-chest_vp-ap_cr.png,-1,-1
5547,sub-S11138_ses-E21794_run-1_bp-chest_vp-ap_dx.png,-1,-1
5548,sub-S11138_ses-E23557_acq-1_run-1_bp-chest_vp-pa_dx.png,-1,-1
5549,sub-S11139_ses-E19963_run-1_bp-chest_vp-ap_cr.png,-1,-1
5550,sub-S11139_ses-E20593_run-1_bp-chest_vp-ap_cr.png,-1,-1
5551,sub-S11139_ses-E20598_run-1_bp-chest_vp-ap_cr.png,-1,-1
5552,sub-S11140_ses-E19636_run-1_bp-chest_vp-ap_dx.png,-1,-1
5553,sub-S11141_ses-E19638_run-1_bp-chest_vp-ap_cr.png,-1,-1
5554,sub-S11141_ses-E23288_run-1_bp-chest_vp-ap_cr.png,-1,-1
5555,sub-S11142_ses-E19980_run-1_bp-chest_vp-pa_cr.png,-1,-1
5556,sub-S11142_ses-E24269_run-1_bp-chest_vp-pa_cr.png,-1,-1
5557,sub-S11142_ses-E26468_run-1_bp-chest_vp-ap_cr.png,-1,-1
5558,sub-S11143_ses-E19640_run-1_bp-chest_vp-ap_dx.png,-1,-1
5559,sub-S11143_ses-E22553_acq-1_run-1_bp-chest_vp-pa_dx.png,-1,-1
5560,sub-S11144_ses-E19641_run-1_bp-chest_vp-ap_dx.png,-1,-1
5561,sub-S11144_ses-E26054_run-1_bp-chest_vp-pa_dx.png,-1,-1
5562,sub-S11145_ses-E19647_run-1_bp-chest_vp-ap_dx.png,-1,-1
5563,sub-S11146_ses-E19649_acq-1_run-1_bp-chest_vp-ap_cr.png,-1,-1
5564,sub-S11147_ses-E19650_run-1_bp-chest_vp-ap_dx.png,-1,-1
5565,sub-S11147_ses-E22566_run-1_bp-chest_vp-ap_cr.png,-1,-1
5566,sub-S11148_ses-E19651_run-1_bp-chest_vp-ap_cr.png,-1,-1
5567,sub-S11148_ses-E19970_run-1_bp-chest_vp-ap_cr.png,-1,-1
5568,sub-S11148_ses-E20632_run-1_bp-chest_vp-ap_dx.png,-1,-1
5569,sub-S11148_ses-E24681_run-1_bp-chest_vp-pa_cr.png,-1,-1
5570,sub-S11148_ses-E26084_run-1_bp-chest_vp-ap_cr.png,-1,-1
5571,sub-S11150_ses-E23620_run-1_bp-chest_vp-ap_dx.png,-1,-1
5572,sub-S11153_ses-E19675_run-1_bp-chest_vp-ap_cr.png,-1,-1
5573,sub-S11153_ses-E19839_run-1_bp-chest_vp-pa_cr.png,-1,-1
5574,sub-S11153_ses-E20672_run-1_bp-chest_vp-pa_cr.png,-1,-1
5575,sub-S11153_ses-E23631_run-1_bp-chest_vp-pa_cr.png,-1,-1
5576,sub-S11154_ses-E20668_run-1_bp-chest_vp-ap_dx.png,-1,-1
5577,sub-S11154_ses-E20669_run-1_bp-chest_vp-ap_cr.png,-1,-1
5578,sub-S11154_ses-E23630_run-1_bp-chest_vp-pa_dx.png,-1,-1
5579,sub-S11155_ses-E19678_run-1_bp-chest_vp-ap_dx.png,-1,-1
5580,sub-S11156_ses-E19680_run-1_bp-chest_vp-ap_dx.png,-1,-1
5581,sub-S11156_ses-E20208_run-1_bp-chest_vp-ap_dx.png,-1,-1
5582,sub-S11157_ses-E19681_run-1_bp-chest_vp-ap_dx.png,-1,-1
5583,sub-S11158_ses-E19683_run-1_bp-chest_vp-ap_cr.png,-1,-1
5584,sub-S11158_ses-E22612_acq-2_run-1_bp-chest_vp-ap_cr.png,-1,-1
5585,sub-S11158_ses-E26621_run-1_bp-chest_vp-pa_cr.png,-1,-1
5586,sub-S11159_ses-E19684_run-1_bp-chest_vp-ap_cr.png,-1,-1
5587,sub-S11159_ses-E20206_run-2_bp-chest_vp-ap_dx.png,-1,-1
5588,sub-S11160_ses-E19691_run-1_bp-chest_vp-ap_dx.png,-1,-1
5589,sub-S11161_ses-E19692_run-1_bp-chest_vp-ap_cr.png,-1,-1
5590,sub-S11161_ses-E20685_run-1_bp-chest_vp-ap_cr.png,-1,-1
5591,sub-S11161_ses-E23342_run-1_bp-chest_vp-ap_dx.png,-1,-1
5592,sub-S11161_ses-E23661_run-1_bp-chest_vp-ap_cr.png,-1,-1
5593,sub-S11161_ses-E23759_acq-1_run-1_bp-chest_vp-ll_dx.png,-1,-1
5594,sub-S11161_ses-E24112_run-1_bp-chest_vp-ap_dx.png,-1,-1
5595,sub-S11162_ses-E19695_run-1_bp-chest_vp-ap_cr.png,-1,-1
5596,sub-S11162_ses-E26141_acq-1_run-1_bp-chest_vp-ll_dx.png,-1,-1
5597,sub-S11163_ses-E19700_run-1_bp-chest_vp-ap_cr.png,-1,-1
5598,sub-S11163_ses-E20027_run-1_bp-chest_vp-ap_cr.png,-1,-1
5599,sub-S11163_ses-E20295_run-1_bp-chest_vp-pa_cr.png,-1,-1
5600,sub-S11163_ses-E22031_run-1_bp-chest_vp-pa_cr.png,-1,-1
5601,sub-S11163_ses-E26130_run-1_bp-chest_vp-ap_cr.png,-1,-1
5602,sub-S11165_ses-E26149_run-1_bp-chest_vp-pa_cr.png,-1,-1
5603,sub-S11167_ses-E19714_run-1_bp-chest_cr.png,-1,-1
5604,sub-S11167_ses-E21398_run-1_bp-chest_cr.png,-1,-1
5605,sub-S11171_ses-E19731_run-1_bp-chest_vp-pa_cr.png,-1,-1
5606,sub-S11171_ses-E24210_run-1_bp-chest_vp-ap_cr.png,-1,-1
5607,sub-S11172_ses-E19745_run-1_bp-chest_vp-ap_dx.png,-1,-1
5608,sub-S11172_ses-E22440_run-1_bp-chest_vp-ap_dx.png,-1,-1
5609,sub-S11173_ses-E19749_acq-1_run-1_bp-chest_vp-ap_cr.png,-1,-1
5610,sub-S11174_ses-E19751_run-1_bp-chest_vp-ap_dx.png,-1,-1
5611,sub-S11174_ses-E25475_run-1_bp-chest_vp-ap_dx.png,-1,-1
5612,sub-S11175_ses-E19753_run-1_bp-chest_vp-ap_dx.png,-1,-1
5613,sub-S11175_ses-E25053_run-1_bp-chest_vp-ap_dx.png,-1,-1
5614,sub-S11177_ses-E19767_acq-1_run-1_bp-chest_vp-ll_dx.png,-1,-1
5615,sub-S11177_ses-E21047_run-1_bp-chest_vp-ap_cr.png,-1,-1
5616,sub-S11177_ses-E21439_run-1_bp-chest_vp-ap_dx.png,-1,-1
5617,sub-S11177_ses-E22911_run-1_bp-chest_vp-ap_cr.png,-1,-1
5618,sub-S11178_ses-E19772_run-1_bp-chest_vp-ap_dx.png,-1,-1
5619,sub-S11178_ses-E20135_run-1_bp-chest_vp-ap_dx.png,-1,-1
5620,sub-S11178_ses-E22121_run-1_bp-chest_vp-ap_dx.png,-1,-1
5621,sub-S11179_ses-E19775_run-1_bp-chest_vp-ap_dx.png,-1,-1
5622,sub-S11179_ses-E23527_run-1_bp-chest_vp-ap_dx.png,-1,-1
5623,sub-S11179_ses-E25110_run-1_bp-chest_vp-pa_dx.png,-1,-1
5624,sub-S11180_ses-E19777_run-1_bp-chest_vp-ap_cr.png,-1,-1
5625,sub-S11180_ses-E20557_run-1_bp-chest_vp-ap_cr.png,-1,-1
5626,sub-S11180_ses-E21052_run-1_bp-chest_vp-ap_cr.png,-1,-1
5627,sub-S11180_ses-E23255_run-2_bp-chest_vp-ap_dx.png,-1,-1
5628,sub-S11180_ses-E23515_run-1_bp-chest_vp-pa_cr.png,-1,-1
5629,sub-S11180_ses-E24414_run-1_bp-chest_vp-ap_cr.png,-1,-1
5630,sub-S11180_ses-E24798_run-1_bp-chest_vp-pa_cr.png,-1,-1
5631,sub-S11180_ses-E25495_run-1_bp-chest_vp-ap_cr.png,-1,-1
5632,sub-S11180_ses-E26006_run-1_bp-chest_vp-ap_cr.png,-1,-1
5633,sub-S11180_ses-E26434_run-1_bp-chest_vp-pa_cr.png,-1,-1
5634,sub-S11182_ses-E19787_run-1_bp-chest_vp-ap_cr.png,-1,-1
5635,sub-S11182_ses-E19957_run-1_bp-chest_vp-ap_cr.png,-1,-1
5636,sub-S11182_ses-E20141_run-1_bp-chest_vp-pa_cr.png,-1,-1
5637,sub-S11182_ses-E21084_run-1_bp-chest_vp-ap_cr.png,-1,-1
5638,sub-S11182_ses-E21467_run-1_bp-chest_vp-pa_cr.png,-1,-1
5639,sub-S11182_ses-E21784_run-1_bp-chest_vp-ap_cr.png,-1,-1
5640,sub-S11182_ses-E22519_run-1_bp-chest_vp-pa_cr.png,-1,-1
5641,sub-S11182_ses-E23263_run-1_bp-chest_vp-ap_cr.png,-1,-1
5642,sub-S11183_ses-E19790_run-1_bp-chest_vp-ap_cr.png,-1,-1
5643,sub-S11186_ses-E24821_run-1_bp-chest_vp-ap_dx.png,-1,-1
5644,sub-S11186_ses-E24936_run-1_bp-chest_vp-pa_dx.png,-1,-1
5645,sub-S11186_ses-E25357_run-1_bp-chest_vp-ap_dx.png,-1,-1
5646,sub-S11186_ses-E25708_run-1_bp-chest_vp-ap_dx.png,-1,-1
5647,sub-S11187_ses-E19969_run-1_bp-chest_vp-ap_cr.png,-1,-1
5648,sub-S11187_ses-E22776_run-1_bp-chest_vp-ap_cr.png,-1,-1
5649,sub-S11189_ses-E19813_run-1_bp-chest_vp-ap_dx.png,-1,-1
5650,sub-S11190_ses-E20181_acq-1_run-1_bp-chest_vp-ll_dx.png,-1,-1
5651,sub-S11190_ses-E22960_run-1_bp-chest_vp-ap_cr.png,-1,-1
5652,sub-S11191_ses-E19815_run-1_bp-chest_vp-pa_cr.png,-1,-1
5653,sub-S11192_ses-E19826_run-1_bp-chest_vp-ap_cr.png,-1,-1
5654,sub-S11193_ses-E19986_run-1_bp-chest_vp-ap_cr.png,-1,-1
5655,sub-S11193_ses-E26111_run-1_bp-chest_vp-ap_dx.png,-1,-1
5656,sub-S11195_ses-E19846_run-1_bp-chest_vp-ap_dx.png,-1,-1
5657,sub-S11195_ses-E21167_run-1_bp-chest_vp-ap_cr.png,-1,-1
5658,sub-S11195_ses-E25810_acq-1_run-1_bp-chest_vp-ll_dx.png,-1,-1
5659,sub-S11195_ses-E26134_run-1_bp-chest_vp-ap_cr.png,-1,-1
5660,sub-S11198_ses-E23837_run-1_bp-chest_vp-pa_dx.png,-1,-1
5661,sub-S11199_ses-E19864_run-1_bp-chest_vp-ap_dx.png,-1,-1
5662,sub-S11202_ses-E19869_run-1_bp-chest_vp-ap_dx.png,-1,-1
5663,sub-S11204_ses-E19877_acq-2_run-1_bp-chest_vp-pa_cr.png,-1,-1
5664,sub-S11205_ses-E19878_run-1_bp-chest_vp-ap_cr.png,-1,-1
5665,sub-S11205_ses-E25873_run-1_bp-chest_vp-ap_cr.png,-1,-1
5666,sub-S11205_ses-E26351_acq-1_run-1_bp-chest_vp-ll_dx.png,-1,-1
5667,sub-S11206_ses-E19879_run-1_bp-chest_vp-ap_cr.png,-1,-1
5668,sub-S11206_ses-E20992_run-1_bp-chest_vp-ap_cr.png,-1,-1
5669,sub-S11206_ses-E23399_run-1_bp-chest_vp-ap_cr.png,-1,-1
5670,sub-S11208_ses-E19893_run-1_bp-chest_vp-ap_cr.png,-1,-1
5671,sub-S11208_ses-E21251_run-1_bp-chest_vp-ap_cr.png,-1,-1
5672,sub-S11208_ses-E24624_run-1_bp-chest_vp-ap_cr.png,-1,-1
5673,sub-S11208_ses-E26389_run-1_bp-chest_vp-ap_cr.png,-1,-1
5674,sub-S11209_ses-E19894_run-1_bp-chest_vp-ap_cr.png,-1,-1
5675,sub-S11209_ses-E21246_run-1_bp-chest_vp-pa_cr.png,-1,-1
5676,sub-S11209_ses-E22701_run-1_bp-chest_vp-ap_cr.png,-1,-1
5677,sub-S11209_ses-E25919_run-1_bp-chest_vp-ap_cr.png,-1,-1
5678,sub-S11210_ses-E19909_run-1_bp-chest_vp-ap_cr.png,-1,-1
5679,sub-S11211_ses-E19910_run-1_bp-chest_vp-ap_cr.png,-1,-1
5680,sub-S11211_ses-E25957_run-1_bp-chest_vp-ap_cr.png,-1,-1
5681,sub-S11212_ses-E19913_run-1_bp-chest_vp-ap_cr.png,-1,-1
5682,sub-S11212_ses-E20539_run-1_bp-chest_vp-ap_dx.png,-1,-1
5683,sub-S11212_ses-E21043_run-1_bp-chest_vp-ap_dx.png,-1,-1
5684,sub-S11212_ses-E21757_run-1_bp-chest_vp-ap_dx.png,-1,-1
5685,sub-S11212_ses-E23478_run-1_bp-chest_vp-ap_dx.png,-1,-1
5686,sub-S11213_ses-E19916_run-1_bp-chest_vp-pa_dx.png,-1,-1
5687,sub-S11214_ses-E20550_run-1_bp-chest_vp-ap_dx.png,-1,-1
5688,sub-S11214_ses-E23494_run-1_bp-chest_vp-ap_dx.png,-1,-1
5689,sub-S11214_ses-E24608_run-1_bp-chest_vp-ap_dx.png,-1,-1
5690,sub-S11214_ses-E25080_run-1_bp-chest_vp-pa_cr.png,-1,-1
5691,sub-S11214_ses-E25659_run-1_bp-chest_vp-ap_dx.png,-1,-1
5692,sub-S11214_ses-E25973_run-1_bp-chest_dx.png,-1,-1
5693,sub-S11214_ses-E26417_run-1_bp-chest_vp-ap_dx.png,-1,-1
5694,sub-S11215_ses-E19925_run-1_bp-chest_vp-pa_cr.png,-1,-1
5695,sub-S11216_ses-E19927_run-1_bp-chest_vp-ap_dx.png,-1,-1
5696,sub-S11216_ses-E24653_run-1_bp-chest_vp-ap_dx.png,-1,-1
5697,sub-S11217_ses-E19929_acq-1_run-1_bp-chest_vp-pa_dx.png,-1,-1
5698,sub-S11217_ses-E21290_run-1_bp-chest_vp-ap_dx.png,-1,-1
5699,sub-S11218_ses-E19931_run-1_bp-chest_vp-pa_cr.png,-1,-1
5700,sub-S11218_ses-E19932_run-1_bp-chest_vp-ap_cr.png,-1,-1
5701,sub-S11218_ses-E20138_run-1_bp-chest_vp-ap_cr.png,-1,-1
5702,sub-S11218_ses-E20563_run-1_bp-chest_vp-pa_cr.png,-1,-1
5703,sub-S11218_ses-E25094_run-1_bp-chest_vp-ap_cr.png,-1,-1
5704,sub-S11218_ses-E26014_run-1_bp-chest_vp-ap_cr.png,-1,-1
5705,sub-S11220_ses-E19934_run-1_bp-chest_vp-pa_cr.png,-1,-1
5706,sub-S11220_ses-E21453_run-1_bp-chest_vp-pa_cr.png,-1,-1
5707,sub-S11221_ses-E19935_run-1_bp-chest_vp-pa_dx.png,-1,-1
5708,sub-S11223_ses-E19940_run-1_bp-chest_vp-ap_dx.png,-1,-1
5709,sub-S11226_ses-E19956_run-1_bp-chest_vp-ap_cr.png,-1,-1
5710,sub-S11226_ses-E21312_run-1_bp-chest_vp-ap_cr.png,-1,-1
5711,sub-S11226_ses-E23283_run-1_bp-chest_vp-pa_cr.png,-1,-1
5712,sub-S11226_ses-E24454_run-1_bp-chest_vp-pa_cr.png,-1,-1
5713,sub-S11226_ses-E26060_run-1_bp-chest_vp-pa_cr.png,-1,-1
5714,sub-S11226_ses-E26464_run-1_bp-chest_vp-ap_cr.png,-1,-1
5715,sub-S11227_ses-E19960_run-1_bp-chest_vp-ap_cr.png,-1,-1
5716,sub-S11228_ses-E19964_run-1_bp-chest_vp-ap_dx.png,-1,-1
5717,sub-S11230_ses-E19968_run-1_bp-chest_vp-ap_dx.png,-1,-1
5718,sub-S11230_ses-E20636_run-1_bp-chest_vp-pa_dx.png,-1,-1
5719,sub-S11230_ses-E21339_run-1_bp-chest_vp-ap_dx.png,-1,-1
5720,sub-S11231_ses-E23095_run-1_bp-chest_vp-pa_cr.png,-1,-1
5721,sub-S11233_ses-E19976_run-1_bp-chest_vp-ap_cr.png,-1,-1
5722,sub-S11233_ses-E21118_acq-2_run-1_bp-chest_vp-ap_dx.png,-1,-1
5723,sub-S11234_ses-E19977_run-1_bp-chest_vp-ap_cr.png,-1,-1
5724,sub-S11235_ses-E19979_run-1_bp-chest_vp-ap_dx.png,-1,-1
5725,sub-S11235_ses-E24669_run-1_bp-chest_vp-ap_dx.png,-1,-1
5726,sub-S11236_ses-E19989_run-1_bp-chest_vp-ap_dx.png,-1,-1
5727,sub-S11236_ses-E25185_run-1_bp-chest_vp-pa_dx.png,-1,-1
5728,sub-S11237_ses-E19995_run-1_bp-chest_vp-ap_cr.png,-1,-1
5729,sub-S11237_ses-E24052_run-2_bp-chest_vp-ap_dx.png,-1,-1
5730,sub-S11237_ses-E24263_run-1_bp-chest_vp-ap_dx.png,-1,-1
5731,sub-S11237_ses-E26096_run-1_bp-chest_vp-ap_cr.png,-1,-1
5732,sub-S11237_ses-E26476_run-1_bp-chest_vp-ap_dx.png,-1,-1
5733,sub-S11242_ses-E20020_run-1_bp-chest_cr.png,-1,-1
5734,sub-S11242_ses-E24517_run-1_bp-chest_cr.png,-1,-1
5735,sub-S11243_ses-E20021_run-1_bp-chest_vp-ap_cr.png,-1,-1
5736,sub-S11245_ses-E20026_run-1_bp-chest_vp-ap_dx.png,-1,-1
5737,sub-S11247_ses-E20029_run-1_bp-chest_vp-ap_cr.png,-1,-1
5738,sub-S11247_ses-E25807_acq-1_run-1_bp-chest_vp-pa_dx.png,-1,-1
5739,sub-S11247_ses-E26163_run-1_bp-chest_vp-ap_cr.png,-1,-1
5740,sub-S11248_ses-E20031_run-1_bp-chest_vp-pa_dx.png,-1,-1
5741,sub-S11248_ses-E22186_run-1_bp-chest_vp-ap_dx.png,-1,-1
5742,sub-S11248_ses-E23364_run-1_bp-chest_vp-ap_dx.png,-1,-1
5743,sub-S11250_ses-E24293_run-1_bp-chest_dx.png,-1,-1
5744,sub-S11250_ses-E24881_run-1_bp-chest_vp-ap_dx.png,-1,-1
5745,sub-S11251_ses-E24122_run-1_bp-chest_vp-ap_cr.png,-1,-1
5746,sub-S11251_ses-E25805_run-1_bp-chest_vp-ap_cr.png,-1,-1
5747,sub-S11251_ses-E26227_run-1_bp-chest_vp-ap_cr.png,-1,-1
5748,sub-S11254_ses-E26919_run-1_bp-chest_vp-ap_cr.png,-1,-1
5749,sub-S11257_ses-E20049_run-1_bp-chest_vp-ap_cr.png,-1,-1
5750,sub-S11259_ses-E20059_run-1_bp-chest_vp-ap_cr.png,-1,-1
5751,sub-S11260_ses-E20061_run-1_bp-chest_vp-ap_cr.png,-1,-1
5752,sub-S11263_ses-E22073_run-1_bp-chest_vp-ap_dx.png,-1,-1
5753,sub-S11263_ses-E22226_run-1_bp-chest_vp-ap_dx.png,-1,-1
5754,sub-S11265_ses-E20080_run-1_bp-chest_vp-ap_dx.png,-1,-1
5755,sub-S11265_ses-E22435_run-1_bp-chest_vp-ap_dx.png,-1,-1
5756,sub-S11266_ses-E20081_run-1_bp-chest_vp-pa_cr.png,-1,-1
5757,sub-S11267_ses-E22428_run-1_bp-chest_vp-ap_dx.png,-1,-1
5758,sub-S11268_ses-E21426_run-1_bp-chest_vp-ap_dx.png,-1,-1
5759,sub-S11268_ses-E21580_run-1_bp-chest_vp-ap_dx.png,-1,-1
5760,sub-S11269_ses-E20095_run-1_bp-chest_vp-ap_dx.png,-1,-1
5761,sub-S11269_ses-E22698_run-1_bp-chest_vp-ap_cr.png,-1,-1
5762,sub-S11271_ses-E20102_acq-1_run-1_bp-chest_vp-pa_dx.png,-1,-1
5763,sub-S11272_ses-E20103_run-1_bp-chest_cr.png,-1,-1
5764,sub-S11273_ses-E20104_run-1_bp-chest_vp-ap_cr.png,-1,-1
5765,sub-S11273_ses-E20344_run-1_bp-chest_vp-ap_cr.png,-1,-1
5766,sub-S11273_ses-E27005_run-1_bp-chest_vp-ap_cr.png,-1,-1
5767,sub-S11273_ses-E27102_run-1_bp-chest_vp-ap_cr.png,-1,-1
5768,sub-S11274_ses-E20110_run-2_bp-chest_vp-ap_dx.png,-1,-1
5769,sub-S11275_ses-E20117_run-1_bp-chest_vp-ap_dx.png,-1,-1
5770,sub-S11276_ses-E20118_run-1_bp-chest_vp-pa_dx.png,-1,-1
5771,sub-S11276_ses-E25662_run-1_bp-chest_vp-pa_dx.png,-1,-1
5772,sub-S11276_ses-E25981_run-1_bp-chest_vp-ap_dx.png,-1,-1
5773,sub-S11278_ses-E20123_run-1_bp-chest_vp-ap_dx.png,-1,-1
5774,sub-S11278_ses-E21059_acq-1_run-1_bp-chest_vp-ll_dx.png,-1,-1
5775,sub-S11280_ses-E20129_run-1_bp-chest_cr.png,-1,-1
5776,sub-S11280_ses-E20131_acq-2_run-1_bp-chest_vp-ap_dx.png,-1,-1
5777,sub-S11280_ses-E21607_run-1_bp-chest_cr.png,-1,-1
5778,sub-S11280_ses-E23243_run-1_bp-chest_cr.png,-1,-1
5779,sub-S11281_ses-E20139_run-1_bp-chest_cr.png,-1,-1
5780,sub-S11282_ses-E20142_run-1_bp-chest_vp-pa_cr.png,-1,-1
5781,sub-S11284_ses-E20145_acq-1_run-1_bp-chest_vp-pa_dx.png,-1,-1
5782,sub-S11284_ses-E22738_run-1_bp-chest_vp-ap_cr.png,-1,-1
5783,sub-S11284_ses-E22944_run-1_bp-chest_vp-ap_cr.png,-1,-1
5784,sub-S11284_ses-E23249_run-3_bp-chest_vp-ap_dx.png,-1,-1
5785,sub-S11284_ses-E24153_acq-1_run-1_bp-chest_vp-ll_dx.png,-1,-1
5786,sub-S11285_ses-E24656_run-1_bp-chest_vp-ap_dx.png,-1,-1
5787,sub-S11286_ses-E22291_run-1_bp-chest_vp-ap_dx.png,-1,-1
5788,sub-S11287_ses-E20152_acq-2_run-1_bp-chest_vp-ap_dx.png,-1,-1
5789,sub-S11287_ses-E20767_acq-2_run-1_bp-chest_vp-ap_dx.png,-1,-1
5790,sub-S11287_ses-E22743_run-1_bp-chest_vp-ap_dx.png,-1,-1
5791,sub-S11288_ses-E20160_run-1_bp-chest_vp-ap_cr.png,-1,-1
5792,sub-S11290_ses-E21636_run-1_bp-chest_vp-ap_cr.png,-1,-1
5793,sub-S11291_ses-E20259_run-1_bp-chest_vp-ap_cr.png,-1,-1
5794,sub-S11292_ses-E22757_run-1_bp-chest_vp-pa_dx.png,-1,-1
5795,sub-S11293_ses-E20173_run-1_bp-chest_vp-ap_dx.png,-1,-1
5796,sub-S11293_ses-E21104_run-1_bp-chest_vp-pa_dx.png,-1,-1
5797,sub-S11294_ses-E20174_acq-1_run-1_bp-chest_vp-pa_dx.png,-1,-1
5798,sub-S11294_ses-E22755_run-1_bp-chest_vp-ap_dx.png,-1,-1
5799,sub-S11296_ses-E21116_run-1_bp-chest_vp-ap_cr.png,-1,-1
5800,sub-S11296_ses-E22153_run-1_bp-chest_vp-ap_cr.png,-1,-1
5801,sub-S11296_ses-E22773_run-1_bp-chest_vp-ap_cr.png,-1,-1
5802,sub-S11299_ses-E20203_run-1_bp-chest_vp-pa_cr.png,-1,-1
5803,sub-S11300_ses-E20209_run-1_bp-chest_vp-ap_dx.png,-1,-1
5804,sub-S11300_ses-E23338_run-1_bp-chest_vp-ap_cr.png,-1,-1
5805,sub-S11301_ses-E20214_run-1_bp-chest_vp-ap_dx.png,-1,-1
5806,sub-S11303_ses-E20220_run-1_bp-chest_vp-ap_dx.png,-1,-1
5807,sub-S11303_ses-E21922_run-1_bp-chest_vp-ap_dx.png,-1,-1
5808,sub-S11304_ses-E20228_run-1_bp-chest_vp-ap_cr.png,-1,-1
5809,sub-S11306_ses-E20240_run-1_bp-chest_vp-ll_dx.png,-1,-1
5810,sub-S11306_ses-E22242_run-1_bp-chest_dx.png,-1,-1
5811,sub-S11306_ses-E26521_run-1_bp-chest_vp-ap_dx.png,-1,-1
5812,sub-S11308_ses-E20251_run-1_bp-chest_vp-ap_dx.png,-1,-1
5813,sub-S11308_ses-E26251_run-1_bp-chest_dx.png,-1,-1
5814,sub-S11308_ses-E26713_run-1_bp-chest_dx.png,-1,-1
5815,sub-S11310_ses-E20263_run-1_bp-chest_vp-ap_cr.png,-1,-1
5816,sub-S11310_ses-E22927_run-1_bp-chest_vp-ap_dx.png,-1,-1
5817,sub-S11310_ses-E23088_run-1_bp-chest_vp-ap_dx.png,-1,-1
5818,sub-S11312_ses-E20265_run-1_bp-chest_vp-pa_dx.png,-1,-1
5819,sub-S11317_ses-E20274_run-1_bp-chest_vp-ap_cr.png,-1,-1
5820,sub-S11317_ses-E21145_acq-1_run-1_bp-chest_vp-ll_dx.png,-1,-1
5821,sub-S11317_ses-E21341_run-1_bp-chest_vp-ap_cr.png,-1,-1
5822,sub-S11317_ses-E23112_run-1_bp-chest_vp-ap_cr.png,-1,-1
5823,sub-S11317_ses-E23305_run-1_bp-chest_vp-ap_cr.png,-1,-1
5824,sub-S11319_ses-E20283_run-1_bp-chest_vp-ap_dx.png,-1,-1
5825,sub-S11320_ses-E20284_run-1_bp-chest_vp-ap_dx.png,-1,-1
5826,sub-S11320_ses-E22024_run-1_bp-chest_vp-ap_dx.png,-1,-1
5827,sub-S11321_ses-E20290_run-1_bp-chest_vp-pa_dx.png,-1,-1
5828,sub-S11322_ses-E20291_run-1_bp-chest_vp-pa_dx.png,-1,-1
5829,sub-S11322_ses-E23121_run-1_bp-chest_vp-ap_dx.png,-1,-1
5830,sub-S11323_ses-E20292_run-1_bp-chest_vp-ap_dx.png,-1,-1
5831,sub-S11323_ses-E20425_run-1_bp-chest_vp-ap_dx.png,-1,-1
5832,sub-S11323_ses-E21708_run-1_bp-chest_vp-ap_dx.png,-1,-1
5833,sub-S11324_ses-E22187_run-1_bp-chest_vp-ap_dx.png,-1,-1
5834,sub-S11326_ses-E20298_run-1_bp-chest_vp-ap_cr.png,-1,-1
5835,sub-S11326_ses-E23368_run-1_bp-chest_vp-ap_dx.png,-1,-1
5836,sub-S11326_ses-E24297_run-1_bp-chest_vp-ap_cr.png,-1,-1
5837,sub-S11326_ses-E25546_run-1_bp-chest_vp-ap_cr.png,-1,-1
5838,sub-S11327_ses-E20300_run-1_bp-chest_vp-pa_cr.png,-1,-1
5839,sub-S11331_ses-E20322_run-1_bp-chest_vp-ap_dx.png,-1,-1
5840,sub-S11331_ses-E22863_run-1_bp-chest_vp-ap_dx.png,-1,-1
5841,sub-S11331_ses-E23031_run-1_bp-chest_vp-ap_dx.png,-1,-1
5842,sub-S11333_ses-E20346_run-1_bp-chest_vp-ap_cr.png,-1,-1
5843,sub-S11333_ses-E22708_acq-1_run-1_bp-chest_vp-pa_dx.png,-1,-1
5844,sub-S11334_ses-E20348_run-1_bp-chest_vp-ap_cr.png,-1,-1
5845,sub-S11335_ses-E20354_run-1_bp-chest_cr.png,-1,-1
5846,sub-S11338_ses-E20359_run-1_bp-chest_vp-ap_dx.png,-1,-1
5847,sub-S11339_ses-E20360_run-1_bp-chest_vp-ap_cr.png,-1,-1
5848,sub-S11341_ses-E26928_run-1_bp-chest_vp-pa_dx.png,-1,-1
5849,sub-S11343_ses-E21887_run-1_bp-chest_vp-ap_dx.png,-1,-1
5850,sub-S11346_ses-E20382_run-1_bp-chest_vp-ap_dx.png,-1,-1
5851,sub-S11347_ses-E25373_run-1_bp-chest_vp-pa_cr.png,-1,-1
5852,sub-S11347_ses-E26053_run-1_bp-chest_vp-pa_cr.png,-1,-1
5853,sub-S11348_ses-E20394_run-1_bp-chest_vp-ap_dx.png,-1,-1
5854,sub-S11348_ses-E20784_run-1_bp-chest_vp-ap_dx.png,-1,-1
5855,sub-S11348_ses-E22005_run-1_bp-chest_vp-ap_dx.png,-1,-1
5856,sub-S11348_ses-E22147_run-2_bp-chest_vp-ap_dx.png,-1,-1
5857,sub-S11348_ses-E22948_run-1_bp-chest_vp-pa_dx.png,-1,-1
5858,sub-S11348_ses-E23587_run-1_bp-chest_vp-ap_cr.png,-1,-1
5859,sub-S11349_ses-E22593_run-1_bp-chest_vp-ap_dx.png,-1,-1
5860,sub-S11349_ses-E23615_run-1_bp-chest_vp-ap_dx.png,-1,-1
5861,sub-S11349_ses-E23749_run-1_bp-chest_vp-ap_dx.png,-1,-1
5862,sub-S11353_ses-E20423_run-1_bp-chest_vp-ap_dx.png,-1,-1
5863,sub-S11353_ses-E21698_run-1_bp-chest_vp-ap_dx.png,-1,-1
5864,sub-S11353_ses-E22339_run-1_bp-chest_vp-ap_dx.png,-1,-1
5865,sub-S11356_ses-E23355_run-1_bp-chest_vp-pa_dx.png,-1,-1
5866,sub-S11357_ses-E20443_run-1_bp-chest_vp-ap_dx.png,-1,-1
5867,sub-S11360_ses-E20448_run-1_bp-chest_vp-ap_dx.png,-1,-1
5868,sub-S11360_ses-E25848_run-1_bp-chest_vp-ap_dx.png,-1,-1
5869,sub-S11360_ses-E26331_run-1_bp-chest_vp-ap_dx.png,-1,-1
5870,sub-S11361_ses-E20452_run-1_bp-chest_vp-pa_dx.png,-1,-1
5871,sub-S11361_ses-E21730_run-1_bp-chest_vp-ap_dx.png,-1,-1
5872,sub-S11363_ses-E20455_run-1_bp-chest_vp-ap_cr.png,-1,-1
5873,sub-S11363_ses-E21731_run-1_bp-chest_vp-ap_dx.png,-1,-1
5874,sub-S11363_ses-E22368_run-1_bp-chest_vp-ap_dx.png,-1,-1
5875,sub-S11363_ses-E23405_acq-1_run-1_bp-chest_vp-pa_dx.png,-1,-1
5876,sub-S11364_ses-E25575_run-1_bp-chest_vp-ap_dx.png,-1,-1
5877,sub-S11365_ses-E20458_acq-1_run-1_bp-chest_vp-pa_cr.png,-1,-1
5878,sub-S11367_ses-E20462_run-1_bp-chest_vp-ap_dx.png,-1,-1
5879,sub-S11367_ses-E21712_run-1_bp-chest_vp-ap_dx.png,-1,-1
5880,sub-S11367_ses-E22395_run-1_bp-chest_vp-ap_dx.png,-1,-1
5881,sub-S11367_ses-E24571_run-1_bp-chest_vp-ap_dx.png,-1,-1
5882,sub-S11367_ses-E25014_acq-1_run-1_bp-chest_vp-ll_dx.png,-1,-1
5883,sub-S11371_ses-E20469_run-1_bp-chest_vp-ap_dx.png,-1,-1
5884,sub-S11372_ses-E20471_run-1_bp-chest_vp-pa_cr.png,-1,-1
5885,sub-S11372_ses-E25876_run-1_bp-chest_vp-pa_cr.png,-1,-1
5886,sub-S11374_ses-E24208_acq-1_run-1_bp-chest_vp-pa_dx.png,-1,-1
5887,sub-S11374_ses-E25883_run-1_bp-chest_vp-ap_cr.png,-1,-1
5888,sub-S11374_ses-E26245_run-1_bp-chest_vp-ap_cr.png,-1,-1
5889,sub-S11374_ses-E26379_run-1_bp-chest_vp-ap_cr.png,-1,-1
5890,sub-S11377_ses-E20486_run-1_bp-chest_vp-ap_cr.png,-1,-1
5891,sub-S11378_ses-E20489_run-1_bp-chest_vp-ap_cr.png,-1,-1
5892,sub-S11378_ses-E21032_run-1_bp-chest_vp-ap_dx.png,-1,-1
5893,sub-S11378_ses-E25597_run-1_bp-chest_vp-ap_cr.png,-1,-1
5894,sub-S11378_ses-E25893_run-1_bp-chest_vp-ap_cr.png,-1,-1
5895,sub-S11380_ses-E20493_run-1_bp-chest_vp-pa_cr.png,-1,-1
5896,sub-S11384_ses-E20503_run-1_bp-chest_vp-ap_dx.png,-1,-1
5897,sub-S11384_ses-E23447_acq-1_run-1_bp-chest_vp-ll_dx.png,-1,-1
5898,sub-S11385_ses-E20508_run-1_bp-chest_vp-pa_cr.png,-1,-1
5899,sub-S11385_ses-E23458_run-1_bp-chest_vp-ap_cr.png,-1,-1
5900,sub-S11385_ses-E25049_run-1_bp-chest_vp-ap_cr.png,-1,-1
5901,sub-S11385_ses-E25474_run-1_bp-chest_vp-ap_cr.png,-1,-1
5902,sub-S11386_ses-E20509_run-1_bp-chest_vp-ap_dx.png,-1,-1
5903,sub-S11386_ses-E23901_acq-2_run-1_bp-chest_vp-ap_dx.png,-1,-1
5904,sub-S11387_ses-E20511_acq-1_run-1_bp-chest_vp-pa_dx.png,-1,-1
5905,sub-S11390_ses-E20520_run-1_bp-chest_vp-ap_dx.png,-1,-1
5906,sub-S11390_ses-E23471_run-1_bp-chest_vp-ap_dx.png,-1,-1
5907,sub-S11390_ses-E24375_run-1_bp-chest_vp-ap_dx.png,-1,-1
5908,sub-S11390_ses-E25461_run-1_bp-chest_vp-ap_dx.png,-1,-1
5909,sub-S11390_ses-E26388_run-1_bp-chest_vp-ap_dx.png,-1,-1
5910,sub-S11392_ses-E20526_run-1_bp-chest_vp-ap_cr.png,-1,-1
5911,sub-S11394_ses-E25300_run-1_bp-chest_vp-ap_dx.png,-1,-1
5912,sub-S11394_ses-E25633_run-1_bp-chest_vp-ap_dx.png,-1,-1
5913,sub-S11394_ses-E25946_run-1_bp-chest_vp-ap_dx.png,-1,-1
5914,sub-S11395_ses-E20532_run-1_bp-chest_vp-ap_cr.png,-1,-1
5915,sub-S11395_ses-E23486_run-1_bp-chest_vp-ap_cr.png,-1,-1
5916,sub-S11398_ses-E20540_run-1_bp-chest_vp-ap_cr.png,-1,-1
5917,sub-S11398_ses-E21041_run-1_bp-chest_vp-ap_cr.png,-1,-1
5918,sub-S11398_ses-E25965_run-1_bp-chest_vp-ap_cr.png,-1,-1
5919,sub-S11399_ses-E20547_run-1_bp-chest_vp-ap_cr.png,-1,-1
5920,sub-S11399_ses-E24422_run-1_bp-chest_cr.png,-1,-1
5921,sub-S11399_ses-E25986_run-1_bp-chest_vp-ap_dx.png,-1,-1
5922,sub-S11400_ses-E20562_run-1_bp-chest_vp-ap_dx.png,-1,-1
5923,sub-S11400_ses-E23978_run-1_bp-chest_vp-pa_dx.png,-1,-1
5924,sub-S11400_ses-E25688_run-1_bp-chest_vp-ap_dx.png,-1,-1
5925,sub-S11400_ses-E26005_run-1_bp-chest_vp-ap_dx.png,-1,-1
5926,sub-S11401_ses-E20571_run-1_bp-chest_vp-ap_dx.png,-1,-1
5927,sub-S11401_ses-E24442_run-1_bp-chest_vp-pa_dx.png,-1,-1
5928,sub-S11401_ses-E25122_run-1_bp-chest_vp-ap_dx.png,-1,-1
5929,sub-S11402_ses-E20576_run-1_bp-chest_vp-ap_cr.png,-1,-1
5930,sub-S11402_ses-E22531_run-1_bp-chest_vp-ap_cr.png,-1,-1
5931,sub-S11402_ses-E23729_acq-1_run-1_bp-chest_vp-ll_dx.png,-1,-1
5932,sub-S11402_ses-E23982_run-1_bp-chest_vp-ap_dx.png,-1,-1
5933,sub-S11402_ses-E25689_run-1_bp-chest_vp-ap_dx.png,-1,-1
5934,sub-S11403_ses-E20577_run-1_bp-chest_vp-pa_cr.png,-1,-1
5935,sub-S11403_ses-E25317_run-1_bp-chest_vp-ap_cr.png,-1,-1
5936,sub-S11403_ses-E26015_run-1_bp-chest_vp-pa_cr.png,-1,-1
5937,sub-S11403_ses-E26440_run-1_bp-chest_vp-pa_cr.png,-1,-1
5938,sub-S11404_ses-E24012_run-1_bp-chest_vp-pa_cr.png,-1,-1
5939,sub-S11404_ses-E26043_run-1_bp-chest_vp-pa_cr.png,-1,-1
5940,sub-S11405_ses-E20596_run-1_bp-chest_vp-ap_dx.png,-1,-1
5941,sub-S11405_ses-E25136_run-1_bp-chest_vp-ap_cr.png,-1,-1
5942,sub-S11406_ses-E20609_run-1_bp-chest_vp-ap_cr.png,-1,-1
5943,sub-S11406_ses-E21102_run-1_bp-chest_vp-ap_dx.png,-1,-1
5944,sub-S11406_ses-E21321_run-1_bp-chest_vp-ap_dx.png,-1,-1
5945,sub-S11406_ses-E26062_run-1_bp-chest_vp-ap_cr.png,-1,-1
5946,sub-S11407_ses-E20613_run-1_bp-chest_vp-pa_cr.png,-1,-1
5947,sub-S11407_ses-E24168_run-1_bp-chest_vp-pa_cr.png,-1,-1
5948,sub-S11407_ses-E24824_run-1_bp-chest_vp-ap_cr.png,-1,-1
5949,sub-S11407_ses-E24932_run-1_bp-chest_vp-ap_cr.png,-1,-1
5950,sub-S11407_ses-E25362_run-1_bp-chest_vp-ap_cr.png,-1,-1
5951,sub-S11407_ses-E25736_run-1_bp-chest_vp-pa_cr.png,-1,-1
5952,sub-S11407_ses-E26047_run-1_bp-chest_vp-pa_cr.png,-1,-1
5953,sub-S11410_ses-E20617_run-1_bp-chest_vp-ap_cr.png,-1,-1
5954,sub-S11410_ses-E21093_run-1_bp-chest_vp-ap_dx.png,-1,-1
5955,sub-S11410_ses-E21991_acq-1_run-1_bp-chest_vp-pa_dx.png,-1,-1
5956,sub-S11410_ses-E23596_acq-1_run-1_bp-chest_vp-pa_dx.png,-1,-1
5957,sub-S11411_ses-E20618_run-1_bp-chest_vp-ap_cr.png,-1,-1
5958,sub-S11411_ses-E26473_acq-1_run-1_bp-chest_vp-ll_dx.png,-1,-1
5959,sub-S11413_ses-E20620_run-1_bp-chest_vp-ap_cr.png,-1,-1
5960,sub-S11413_ses-E22559_run-1_bp-chest_vp-ap_cr.png,-1,-1
5961,sub-S11414_ses-E20630_run-1_bp-chest_vp-ap_cr.png,-1,-1
5962,sub-S11416_ses-E20637_run-1_bp-chest_vp-pa_cr.png,-1,-1
5963,sub-S11416_ses-E21122_run-1_bp-chest_vp-pa_cr.png,-1,-1
5964,sub-S11416_ses-E24044_run-1_bp-chest_vp-pa_cr.png,-1,-1
5965,sub-S11416_ses-E26075_run-1_bp-chest_vp-pa_cr.png,-1,-1
5966,sub-S11421_ses-E20651_run-1_bp-chest_vp-ap_dx.png,-1,-1
5967,sub-S11422_ses-E20652_run-1_bp-chest_vp-ap_dx.png,-1,-1
5968,sub-S11422_ses-E22588_run-1_bp-chest_vp-ap_dx.png,-1,-1
5969,sub-S11422_ses-E26104_run-1_bp-chest_vp-ap_dx.png,-1,-1
5970,sub-S11424_ses-E20657_run-1_bp-chest_vp-ap_dx.png,-1,-1
5971,sub-S11424_ses-E22592_run-2_bp-chest_vp-ap_dx.png,-1,-1
5972,sub-S11424_ses-E25192_run-1_bp-chest_vp-ap_cr.png,-1,-1
5973,sub-S11424_ses-E26101_run-1_bp-chest_vp-ap_dx.png,-1,-1
5974,sub-S11425_ses-E20664_run-1_bp-chest_vp-ap_dx.png,-1,-1
5975,sub-S11426_ses-E20673_run-1_bp-chest_vp-ap_dx.png,-1,-1
5976,sub-S11426_ses-E24089_acq-1_run-1_bp-chest_vp-ll_dx.png,-1,-1
5977,sub-S11428_ses-E20683_run-1_bp-chest_vp-pa_cr.png,-1,-1
5978,sub-S11428_ses-E22616_run-1_bp-chest_vp-pa_cr.png,-1,-1
5979,sub-S11429_ses-E21173_run-1_bp-chest_vp-pa_cr.png,-1,-1
5980,sub-S11430_ses-E20692_run-1_bp-chest_vp-pa_dx.png,-1,-1
5981,sub-S11430_ses-E26867_run-1_bp-chest_vp-pa_dx.png,-1,-1
5982,sub-S11431_ses-E20694_acq-1_run-1_bp-chest_cr.png,-1,-1
5983,sub-S11431_ses-E23370_acq-1_run-1_bp-chest_vp-pa_cr.png,-1,-1
5984,sub-S11432_ses-E20695_run-1_bp-chest_vp-ap_cr.png,-1,-1
5985,sub-S11432_ses-E21175_run-1_bp-chest_vp-ap_cr.png,-1,-1
5986,sub-S11432_ses-E24520_run-1_bp-chest_vp-ap_cr.png,-1,-1
5987,sub-S11432_ses-E25808_run-1_bp-chest_vp-ap_dx.png,-1,-1
5988,sub-S11433_ses-E26147_run-1_bp-chest_vp-pa_cr.png,-1,-1
5989,sub-S11434_ses-E20713_run-1_bp-chest_vp-ap_dx.png,-1,-1
5990,sub-S11434_ses-E22669_run-1_bp-chest_vp-ap_dx.png,-1,-1
5991,sub-S11437_ses-E20731_run-1_bp-chest_vp-pa_dx.png,-1,-1
5992,sub-S11438_ses-E20732_run-2_bp-chest_vp-pa_cr.png,-1,-1
5993,sub-S11439_ses-E26385_run-1_bp-chest_vp-pa_dx.png,-1,-1
5994,sub-S11440_ses-E22247_run-1_bp-chest_vp-pa_dx.png,-1,-1
5995,sub-S11441_ses-E24628_run-1_bp-chest_cr.png,-1,-1
5996,sub-S11441_ses-E26420_run-1_bp-chest_vp-ap_dx.png,-1,-1
5997,sub-S11441_ses-E26421_run-1_bp-chest_vp-pa_cr.png,-1,-1
5998,sub-S11442_ses-E25635_run-1_bp-chest_vp-pa_cr.png,-1,-1
5999,sub-S11443_ses-E20748_run-1_bp-chest_vp-ap_cr.png,-1,-1
6000,sub-S11444_ses-E20751_run-1_bp-chest_vp-ap_dx.png,-1,-1
6001,sub-S11445_ses-E25098_run-1_bp-chest_vp-pa_cr.png,-1,-1
6002,sub-S11446_ses-E20764_run-1_bp-chest_vp-ap_dx.png,-1,-1
6003,sub-S11446_ses-E23084_run-1_bp-chest_vp-ap_cr.png,-1,-1
6004,sub-S11448_ses-E24006_run-1_bp-chest_vp-pa_cr.png,-1,-1
6005,sub-S11448_ses-E25130_run-1_bp-chest_vp-ap_dx.png,-1,-1
6006,sub-S11448_ses-E26449_run-1_bp-chest_vp-ap_dx.png,-1,-1
6007,sub-S11450_ses-E24002_run-1_bp-chest_vp-pa_cr.png,-1,-1
6008,sub-S11450_ses-E25137_run-1_bp-chest_vp-ap_dx.png,-1,-1
6009,sub-S11450_ses-E25709_run-1_bp-chest_vp-ap_dx.png,-1,-1
6010,sub-S11450_ses-E26456_run-1_bp-chest_vp-ap_dx.png,-1,-1
6011,sub-S11451_ses-E25715_run-1_bp-chest_vp-pa_dx.png,-1,-1
6012,sub-S11457_ses-E20803_run-1_bp-chest_vp-ap_dx.png,-1,-1
6013,sub-S11457_ses-E22983_run-1_bp-chest_vp-ap_dx.png,-1,-1
6014,sub-S11457_ses-E23323_run-1_bp-chest_vp-ap_dx.png,-1,-1
6015,sub-S11458_ses-E25774_run-1_bp-chest_vp-pa_dx.png,-1,-1
6016,sub-S11461_ses-E24499_run-1_bp-chest_vp-pa_cr.png,-1,-1
6017,sub-S11461_ses-E25776_run-1_bp-chest_vp-pa_cr.png,-1,-1
6018,sub-S11462_ses-E24097_run-1_bp-chest_vp-pa_dx.png,-1,-1
6019,sub-S11462_ses-E24855_run-1_bp-chest_vp-ap_cr.png,-1,-1
6020,sub-S11462_ses-E26211_run-1_bp-chest_vp-ap_cr.png,-1,-1
6021,sub-S11465_ses-E20821_run-1_bp-chest_vp-pa_cr.png,-1,-1
6022,sub-S11468_ses-E20832_run-1_bp-chest_vp-ap_cr.png,-1,-1
6023,sub-S11468_ses-E21859_run-1_bp-chest_vp-ap_cr.png,-1,-1
6024,sub-S11468_ses-E22033_run-1_bp-chest_vp-ap_cr.png,-1,-1
6025,sub-S11468_ses-E22646_run-1_bp-chest_vp-ap_cr.png,-1,-1
6026,sub-S11469_ses-E20838_run-1_bp-chest_vp-ap_cr.png,-1,-1
6027,sub-S11470_ses-E20839_run-1_bp-chest_vp-ap_cr.png,-1,-1
6028,sub-S11470_ses-E22842_run-1_bp-chest_vp-ap_cr.png,-1,-1
6029,sub-S11471_ses-E24987_run-1_bp-chest_vp-ap_dx.png,-1,-1
6030,sub-S11472_ses-E20841_run-1_bp-chest_vp-pa_dx.png,-1,-1
6031,sub-S11472_ses-E20843_run-1_bp-chest_vp-pa_cr.png,-1,-1
6032,sub-S11472_ses-E22192_run-1_bp-chest_vp-pa_cr.png,-1,-1
6033,sub-S11474_ses-E20852_run-1_bp-chest_vp-pa_cr.png,-1,-1
6034,sub-S11479_ses-E26259_run-1_bp-chest_vp-ap_cr.png,-1,-1
6035,sub-S11481_ses-E20894_run-1_bp-chest_vp-pa_cr.png,-1,-1
6036,sub-S11484_ses-E20910_run-1_bp-chest_vp-pa_cr.png,-1,-1
6037,sub-S11485_ses-E20914_run-1_bp-chest_vp-ap_cr.png,-1,-1
6038,sub-S11486_ses-E20915_run-1_bp-chest_vp-pa_cr.png,-1,-1
6039,sub-S11487_ses-E20917_run-1_bp-chest_cr.png,-1,-1
6040,sub-S11490_ses-E20929_run-1_bp-chest_vp-ap_cr.png,-1,-1
6041,sub-S11490_ses-E21337_run-1_bp-chest_vp-ap_cr.png,-1,-1
6042,sub-S11491_ses-E20945_run-1_bp-chest_vp-ap_cr.png,-1,-1
6043,sub-S11493_ses-E21689_run-1_bp-chest_vp-ap_dx.png,-1,-1
6044,sub-S11493_ses-E25834_run-1_bp-chest_vp-ap_dx.png,-1,-1
6045,sub-S11494_ses-E20959_run-1_bp-chest_vp-pa_dx.png,-1,-1
6046,sub-S11494_ses-E23839_run-1_bp-chest_vp-ap_dx.png,-1,-1
6047,sub-S11495_ses-E21529_run-1_bp-chest_vp-pa_cr.png,-1,-1
6048,sub-S11497_ses-E20981_run-1_bp-chest_vp-ap_dx.png,-1,-1
6049,sub-S11497_ses-E21393_run-1_bp-chest_vp-ap_dx.png,-1,-1
6050,sub-S11497_ses-E23158_run-1_bp-chest_vp-ap_cr.png,-1,-1
6051,sub-S11497_ses-E23863_acq-1_run-1_bp-chest_vp-pa_dx.png,-1,-1
6052,sub-S11497_ses-E25849_run-1_bp-chest_vp-ap_dx.png,-1,-1
6053,sub-S11499_ses-E20989_run-1_bp-chest_vp-ap_cr.png,-1,-1
6054,sub-S11500_ses-E20996_run-1_bp-chest_vp-ap_dx.png,-1,-1
6055,sub-S11500_ses-E26355_run-1_bp-chest_vp-ap_dx.png,-1,-1
6056,sub-S11501_ses-E20997_acq-1_run-1_bp-chest_vp-pa_dx.png,-1,-1
6057,sub-S11502_ses-E21001_run-1_bp-chest_vp-pa_cr.png,-1,-1
6058,sub-S11503_ses-E22677_run-1_bp-chest_vp-pa_cr.png,-1,-1
6059,sub-S11505_ses-E21014_run-1_bp-chest_vp-ap_cr.png,-1,-1
6060,sub-S11505_ses-E24626_acq-1_run-1_bp-chest_vp-pa_dx.png,-1,-1
6061,sub-S11506_ses-E21017_run-1_bp-chest_vp-ap_dx.png,-1,-1
6062,sub-S11507_ses-E21025_run-1_bp-chest_vp-ap_dx.png,-1,-1
6063,sub-S11507_ses-E23456_run-1_bp-chest_vp-ap_dx.png,-1,-1
6064,sub-S11507_ses-E25624_run-1_bp-chest_vp-pa_dx.png,-1,-1
6065,sub-S11507_ses-E26394_run-1_bp-chest_vp-ap_dx.png,-1,-1
6066,sub-S11507_ses-E26708_run-1_bp-chest_vp-pa_dx.png,-1,-1
6067,sub-S11510_ses-E21037_run-1_bp-chest_vp-pa_cr.png,-1,-1
6068,sub-S11511_ses-E21039_run-1_bp-chest_vp-ap_cr.png,-1,-1
6069,sub-S11511_ses-E25647_run-1_bp-chest_vp-ap_cr.png,-1,-1
6070,sub-S11511_ses-E25960_run-1_bp-chest_vp-ap_dx.png,-1,-1
6071,sub-S11513_ses-E21049_run-1_bp-chest_vp-ap_cr.png,-1,-1
6072,sub-S11513_ses-E25309_run-1_bp-chest_vp-ap_cr.png,-1,-1
6073,sub-S11514_ses-E21055_acq-1_run-1_bp-chest_vp-ll_dx.png,-1,-1
6074,sub-S11515_ses-E21060_run-1_bp-chest_vp-ap_cr.png,-1,-1
6075,sub-S11515_ses-E26008_run-1_bp-chest_vp-ap_cr.png,-1,-1
6076,sub-S11516_ses-E21070_run-1_bp-chest_vp-pa_dx.png,-1,-1
6077,sub-S11517_ses-E21071_run-1_bp-chest_vp-ap_dx.png,-1,-1
6078,sub-S11520_ses-E21082_acq-1_run-1_bp-chest_vp-ll_cr.png,-1,-1
6079,sub-S11521_ses-E21085_run-1_bp-chest_vp-ap_cr.png,-1,-1
6080,sub-S11521_ses-E26025_acq-1_run-1_bp-chest_vp-ll_dx.png,-1,-1
6081,sub-S11522_ses-E21087_run-1_bp-chest_vp-ap_cr.png,-1,-1
6082,sub-S11524_ses-E21092_run-1_bp-chest_vp-ap_dx.png,-1,-1
6083,sub-S11525_ses-E21095_run-1_bp-chest_vp-pa_cr.png,-1,-1
6084,sub-S11525_ses-E21108_run-1_bp-chest_vp-pa_cr.png,-1,-1
6085,sub-S11526_ses-E21097_run-1_bp-chest_vp-ap_cr.png,-1,-1
6086,sub-S11526_ses-E23569_run-1_bp-chest_vp-ap_dx.png,-1,-1
6087,sub-S11526_ses-E25355_run-1_bp-chest_vp-ap_cr.png,-1,-1
6088,sub-S11527_ses-E21105_run-1_bp-chest_vp-ap_cr.png,-1,-1
6089,sub-S11527_ses-E26057_acq-1_run-1_bp-chest_vp-ll_dx.png,-1,-1
6090,sub-S11531_ses-E21124_run-1_bp-chest_vp-ap_dx.png,-1,-1
6091,sub-S11531_ses-E21652_run-1_bp-chest_vp-ap_dx.png,-1,-1
6092,sub-S11532_ses-E21125_run-1_bp-chest_vp-pa_dx.png,-1,-1
6093,sub-S11534_ses-E21143_run-1_bp-chest_vp-ap_dx.png,-1,-1
6094,sub-S11534_ses-E22968_run-1_bp-chest_vp-ap_dx.png,-1,-1
6095,sub-S11535_ses-E21144_run-1_bp-chest_vp-ap_dx.png,-1,-1
6096,sub-S11535_ses-E23324_run-2_bp-chest_vp-ap_dx.png,-1,-1
6097,sub-S11536_ses-E21148_run-1_bp-chest_vp-pa_cr.png,-1,-1
6098,sub-S11536_ses-E21493_run-1_bp-chest_vp-pa_cr.png,-1,-1
6099,sub-S11536_ses-E25393_run-1_bp-chest_vp-ap_cr.png,-1,-1
6100,sub-S11537_ses-E21150_run-1_bp-chest_vp-ap_cr.png,-1,-1
6101,sub-S11537_ses-E26309_acq-1_run-1_bp-chest_vp-pa_cr.png,-1,-1
6102,sub-S11538_ses-E21155_run-1_bp-chest_vp-ap_cr.png,-1,-1
6103,sub-S11538_ses-E22018_run-1_bp-chest_vp-ap_cr.png,-1,-1
6104,sub-S11538_ses-E23327_run-1_bp-chest_vp-ap_cr.png,-1,-1
6105,sub-S11539_ses-E21165_acq-1_run-1_bp-chest_vp-ll_cr.png,-1,-1
6106,sub-S11540_ses-E21168_run-1_bp-chest_vp-pa_cr.png,-1,-1
6107,sub-S11540_ses-E25228_run-1_bp-chest_vp-pa_cr.png,-1,-1
6108,sub-S11541_ses-E21171_run-1_bp-chest_vp-pa_cr.png,-1,-1
6109,sub-S11542_ses-E21178_acq-1_run-1_bp-chest_vp-ll_dx.png,-1,-1
6110,sub-S11544_ses-E21196_run-1_bp-chest_vp-ap_dx.png,-1,-1
6111,sub-S11546_ses-E22052_run-1_bp-chest_vp-ap_cr.png,-1,-1
6112,sub-S11546_ses-E22660_run-1_bp-chest_vp-ap_cr.png,-1,-1
6113,sub-S11548_ses-E24319_run-1_bp-chest_vp-pa_cr.png,-1,-1
6114,sub-S11553_ses-E21224_run-1_bp-chest_vp-ap_cr.png,-1,-1
6115,sub-S11554_ses-E21225_run-1_bp-chest_vp-ap_dx.png,-1,-1
6116,sub-S11558_ses-E21245_run-1_bp-chest_vp-ap_cr.png,-1,-1
6117,sub-S11558_ses-E21564_run-1_bp-chest_vp-ap_cr.png,-1,-1
6118,sub-S11562_ses-E21257_run-1_bp-chest_vp-ap_cr.png,-1,-1
6119,sub-S11562_ses-E21756_acq-1_run-1_bp-chest_vp-ap_cr.png,-1,-1
6120,sub-S11562_ses-E21972_run-1_bp-chest_vp-ap_cr.png,-1,-1
6121,sub-S11563_ses-E21259_run-1_bp-chest_vp-ap_cr.png,-1,-1
6122,sub-S11564_ses-E21266_run-1_bp-chest_vp-ap_cr.png,-1,-1
6123,sub-S11566_ses-E21279_run-1_bp-chest_vp-ap_cr.png,-1,-1
6124,sub-S11567_ses-E23968_run-1_bp-chest_vp-ap_cr.png,-1,-1
6125,sub-S11567_ses-E25105_run-1_bp-chest_vp-ap_cr.png,-1,-1
6126,sub-S11568_ses-E21293_run-1_bp-chest_vp-ap_dx.png,-1,-1
6127,sub-S11568_ses-E21621_run-1_bp-chest_vp-ap_cr.png,-1,-1
6128,sub-S11572_ses-E21305_acq-1_run-1_bp-chest_vp-pa_cr.png,-1,-1
6129,sub-S11574_ses-E21308_run-1_bp-chest_vp-pa_cr.png,-1,-1
6130,sub-S11574_ses-E21793_run-1_bp-chest_vp-pa_cr.png,-1,-1
6131,sub-S11579_ses-E21343_run-1_bp-chest_vp-ap_dx.png,-1,-1
6132,sub-S11580_ses-E21350_run-1_bp-chest_vp-ap_cr.png,-1,-1
6133,sub-S11581_ses-E21355_run-1_bp-chest_vp-pa_dx.png,-1,-1
6134,sub-S11583_ses-E21369_run-1_bp-chest_vp-pa_dx.png,-1,-1
6135,sub-S11584_ses-E21374_run-1_bp-chest_vp-pa_cr.png,-1,-1
6136,sub-S11585_ses-E22634_run-1_bp-chest_vp-ap_dx.png,-1,-1
6137,sub-S11586_ses-E21378_run-1_bp-chest_vp-ap_dx.png,-1,-1
6138,sub-S11586_ses-E25233_run-1_bp-chest_vp-pa_dx.png,-1,-1
6139,sub-S11586_ses-E26136_run-1_bp-chest_vp-ap_dx.png,-1,-1
6140,sub-S11590_ses-E21390_run-1_bp-chest_vp-pa_cr.png,-1,-1
6141,sub-S11591_ses-E21391_run-1_bp-chest_vp-pa_dx.png,-1,-1
6142,sub-S11593_ses-E21400_run-1_bp-chest_vp-ap_cr.png,-1,-1
6143,sub-S11594_ses-E21415_run-1_bp-chest_vp-ap_dx.png,-1,-1
6144,sub-S11594_ses-E23178_run-1_bp-chest_vp-ap_dx.png,-1,-1
6145,sub-S11595_ses-E21417_run-1_bp-chest_vp-ap_cr.png,-1,-1
6146,sub-S11595_ses-E22408_run-1_bp-chest_vp-ap_cr.png,-1,-1
6147,sub-S11595_ses-E25610_run-1_bp-chest_vp-ap_cr.png,-1,-1
6148,sub-S11595_ses-E25911_run-1_bp-chest_vp-ap_cr.png,-1,-1
6149,sub-S11596_ses-E21420_run-1_bp-chest_vp-ap_dx.png,-1,-1
6150,sub-S11597_ses-E21422_acq-1_run-1_bp-chest_vp-pa_cr.png,-1,-1
6151,sub-S11598_ses-E21956_run-1_bp-chest_vp-pa_cr.png,-1,-1
6152,sub-S11598_ses-E26948_run-1_bp-chest_vp-pa_cr.png,-1,-1
6153,sub-S11600_ses-E21430_run-1_bp-chest_vp-pa_dx.png,-1,-1
6154,sub-S11601_ses-E21432_acq-1_run-1_bp-chest_vp-pa_cr.png,-1,-1
6155,sub-S11603_ses-E21437_run-1_bp-chest_vp-pa_cr.png,-1,-1
6156,sub-S11604_ses-E21440_run-1_bp-chest_vp-ap_dx.png,-1,-1
6157,sub-S11604_ses-E23926_acq-1_run-1_bp-chest_vp-pa_dx.png,-1,-1
6158,sub-S11605_ses-E21447_run-1_bp-chest_vp-ap_dx.png,-1,-1
6159,sub-S11609_ses-E21459_run-1_bp-chest_vp-ap_cr.png,-1,-1
6160,sub-S11610_ses-E21466_acq-2_run-1_bp-chest_vp-ap_dx.png,-1,-1
6161,sub-S11612_ses-E21480_acq-1_run-1_bp-chest_vp-pa_dx.png,-1,-1
6162,sub-S11612_ses-E23270_run-1_bp-chest_vp-ap_cr.png,-1,-1
6163,sub-S11613_ses-E21488_run-3_bp-chest_vp-ap_dx.png,-1,-1
6164,sub-S11613_ses-E22574_run-1_bp-chest_vp-ap_dx.png,-1,-1
6165,sub-S11613_ses-E26081_run-1_bp-chest_vp-ap_cr.png,-1,-1
6166,sub-S11614_ses-E23310_run-1_bp-chest_vp-ap_cr.png,-1,-1
6167,sub-S11616_ses-E21496_run-1_bp-chest_vp-ap_cr.png,-1,-1
6168,sub-S11619_ses-E21510_run-1_bp-chest_vp-ap_cr.png,-1,-1
6169,sub-S11620_ses-E21512_acq-1_run-1_bp-chest_vp-ll_dx.png,-1,-1
6170,sub-S11620_ses-E23125_run-1_bp-chest_vp-ap_cr.png,-1,-1
6171,sub-S11624_ses-E21695_run-1_bp-chest_vp-ap_cr.png,-1,-1
6172,sub-S11624_ses-E25798_run-1_bp-chest_vp-ap_cr.png,-1,-1
6173,sub-S11628_ses-E21549_run-1_bp-chest_vp-ap_cr.png,-1,-1
6174,sub-S11629_ses-E21551_run-1_bp-chest_vp-pa_cr.png,-1,-1
6175,sub-S11629_ses-E22865_run-1_bp-chest_vp-ap_dx.png,-1,-1
6176,sub-S11632_ses-E21724_run-1_bp-chest_vp-ap_cr.png,-1,-1
6177,sub-S11634_ses-E21590_run-1_bp-chest_vp-ap_cr.png,-1,-1
6178,sub-S11634_ses-E21759_acq-1_run-1_bp-chest_vp-pa_dx.png,-1,-1
6179,sub-S11635_ses-E21592_run-1_bp-chest_vp-ap_cr.png,-1,-1
6180,sub-S11635_ses-E22106_run-1_bp-chest_vp-ap_cr.png,-1,-1
6181,sub-S11635_ses-E22273_run-1_bp-chest_vp-ap_cr.png,-1,-1
6182,sub-S11635_ses-E26576_run-1_bp-chest_vp-ap_cr.png,-1,-1
6183,sub-S11636_ses-E26653_run-1_bp-chest_vp-ap_dx.png,-1,-1
6184,sub-S11636_ses-E26835_run-1_bp-chest_vp-ap_dx.png,-1,-1
6185,sub-S11636_ses-E27033_run-2_bp-chest_vp-ap_cr.png,-1,-1
6186,sub-S11638_ses-E21618_run-1_bp-chest_vp-pa_dx.png,-1,-1
6187,sub-S11638_ses-E22928_run-1_bp-chest_vp-ap_dx.png,-1,-1
6188,sub-S11641_ses-E21643_run-1_bp-chest_vp-ap_cr.png,-1,-1
6189,sub-S11641_ses-E21801_acq-1_run-1_bp-chest_vp-ll_dx.png,-1,-1
6190,sub-S11644_ses-E21654_run-1_bp-chest_cr.png,-1,-1
6191,sub-S11645_ses-E21656_run-1_bp-chest_vp-ap_dx.png,-1,-1
6192,sub-S11646_ses-E21661_run-1_bp-chest_vp-ap_dx.png,-1,-1
6193,sub-S11646_ses-E22972_run-1_bp-chest_vp-ap_dx.png,-1,-1
6194,sub-S11647_ses-E21664_acq-1_run-1_bp-chest_vp-ap_cr.png,-1,-1
6195,sub-S11648_ses-E21670_run-1_bp-chest_vp-ap_dx.png,-1,-1
6196,sub-S11648_ses-E22022_run-1_bp-chest_vp-ap_dx.png,-1,-1
6197,sub-S11653_ses-E21678_run-1_bp-chest_vp-ap_dx.png,-1,-1
6198,sub-S11655_ses-E21685_run-1_bp-chest_vp-ap_cr.png,-1,-1
6199,sub-S11655_ses-E23007_run-1_bp-chest_vp-ap_cr.png,-1,-1
6200,sub-S11656_ses-E21688_run-1_bp-chest_vp-ap_cr.png,-1,-1
6201,sub-S11659_ses-E24524_run-1_bp-chest_vp-ap_dx.png,-1,-1
6202,sub-S11659_ses-E24857_run-1_bp-chest_vp-ap_dx.png,-1,-1
6203,sub-S11659_ses-E24958_run-1_bp-chest_vp-pa_dx.png,-1,-1
6204,sub-S11659_ses-E25428_run-1_bp-chest_vp-ap_dx.png,-1,-1
6205,sub-S11661_ses-E21710_run-1_bp-chest_vp-ap_dx.png,-1,-1
6206,sub-S11662_ses-E21713_run-1_bp-chest_vp-ap_dx.png,-1,-1
6207,sub-S11662_ses-E22371_run-1_bp-chest_vp-ap_cr.png,-1,-1
6208,sub-S11662_ses-E24213_run-1_bp-chest_vp-ap_cr.png,-1,-1
6209,sub-S11665_ses-E21733_run-1_bp-chest_vp-ap_dx.png,-1,-1
6210,sub-S11669_ses-E21754_run-1_bp-chest_vp-pa_dx.png,-1,-1
6211,sub-S11669_ses-E22706_run-1_bp-chest_vp-ap_dx.png,-1,-1
6212,sub-S11670_ses-E21770_run-1_bp-chest_vp-pa_cr.png,-1,-1
6213,sub-S11672_ses-E21776_run-1_bp-chest_vp-ap_cr.png,-1,-1
6214,sub-S11674_ses-E21779_run-1_bp-chest_vp-ap_cr.png,-1,-1
6215,sub-S11676_ses-E21799_run-1_bp-chest_vp-ap_cr.png,-1,-1
6216,sub-S11677_ses-E21803_run-1_bp-chest_vp-ap_dx.png,-1,-1
6217,sub-S11678_ses-E21807_acq-1_run-1_bp-chest_vp-ll_dx.png,-1,-1
6218,sub-S11678_ses-E23275_run-1_bp-chest_vp-ap_dx.png,-1,-1
6219,sub-S11679_ses-E21813_run-1_bp-chest_vp-ap_dx.png,-1,-1
6220,sub-S11680_ses-E21818_run-1_bp-chest_vp-ap_dx.png,-1,-1
6221,sub-S11683_ses-E21834_run-1_bp-chest_vp-ap_cr.png,-1,-1
6222,sub-S11683_ses-E23314_run-1_bp-chest_vp-ap_dx.png,-1,-1
6223,sub-S11684_ses-E21836_run-1_bp-chest_vp-pa_cr.png,-1,-1
6224,sub-S11685_ses-E21845_run-1_bp-chest_vp-ap_cr.png,-1,-1
6225,sub-S11690_ses-E26248_run-1_bp-chest_vp-ap_dx.png,-1,-1
6226,sub-S11692_ses-E21884_run-1_bp-chest_vp-pa_cr.png,-1,-1
6227,sub-S11694_ses-E21895_run-1_bp-chest_cr.png,-1,-1
6228,sub-S11694_ses-E22004_run-1_bp-chest_cr.png,-1,-1
6229,sub-S11694_ses-E24478_run-1_bp-chest_vp-ap_cr.png,-1,-1
6230,sub-S11696_ses-E23846_run-1_bp-chest_cr.png,-1,-1
6231,sub-S11697_ses-E21906_run-1_bp-chest_vp-ap_cr.png,-1,-1
6232,sub-S11700_ses-E21918_run-1_bp-chest_vp-ap_cr.png,-1,-1
6233,sub-S11700_ses-E22657_run-1_bp-chest_vp-ap_cr.png,-1,-1
6234,sub-S11700_ses-E23150_run-1_bp-chest_vp-ap_cr.png,-1,-1
6235,sub-S11701_ses-E21925_run-1_bp-chest_vp-ap_dx.png,-1,-1
6236,sub-S11703_ses-E21930_run-1_bp-chest_vp-ap_cr.png,-1,-1
6237,sub-S11703_ses-E22220_run-1_bp-chest_vp-ap_dx.png,-1,-1
6238,sub-S11704_ses-E21935_run-1_bp-chest_vp-ap_cr.png,-1,-1
6239,sub-S11706_ses-E25454_run-1_bp-chest_vp-pa_cr.png,-1,-1
6240,sub-S11707_ses-E25445_run-1_bp-chest_vp-pa_cr.png,-1,-1
6241,sub-S11708_ses-E21961_run-1_bp-chest_vp-ap_dx.png,-1,-1
6242,sub-S11709_ses-E21964_run-1_bp-chest_vp-ap_dx.png,-1,-1
6243,sub-S11714_ses-E22277_run-1_bp-chest_vp-ap_cr.png,-1,-1
6244,sub-S11714_ses-E23075_run-1_bp-chest_vp-ap_cr.png,-1,-1
6245,sub-S11715_ses-E21994_run-1_bp-chest_vp-ap_dx.png,-1,-1
6246,sub-S11718_ses-E22015_run-1_bp-chest_vp-ap_dx.png,-1,-1
6247,sub-S11719_ses-E22016_run-1_bp-chest_vp-pa_dx.png,-1,-1
6248,sub-S11719_ses-E23111_run-1_bp-chest_vp-pa_dx.png,-1,-1
6249,sub-S11719_ses-E24274_acq-1_run-1_bp-chest_cr.png,-1,-1
6250,sub-S11719_ses-E26300_run-1_bp-chest_vp-ap_dx.png,-1,-1
6251,sub-S11720_ses-E22020_acq-1_run-1_bp-chest_vp-ll_dx.png,-1,-1
6252,sub-S11727_ses-E22063_run-1_bp-chest_vp-ap_dx.png,-1,-1
6253,sub-S11729_ses-E22067_run-1_bp-chest_vp-pa_cr.png,-1,-1
6254,sub-S11732_ses-E22079_run-1_bp-chest_vp-ap_cr.png,-1,-1
6255,sub-S11733_ses-E22081_run-1_bp-chest_vp-ap_dx.png,-1,-1
6256,sub-S11733_ses-E22881_run-1_bp-chest_vp-ap_cr.png,-1,-1
6257,sub-S11734_ses-E22085_run-2_bp-chest_vp-ap_dx.png,-1,-1
6258,sub-S11734_ses-E22248_run-1_bp-chest_vp-ap_dx.png,-1,-1
6259,sub-S11735_ses-E22088_run-1_bp-chest_vp-pa_cr.png,-1,-1
6260,sub-S11736_ses-E25312_acq-1_run-1_bp-chest_vp-ll_cr.png,-1,-1
6261,sub-S11737_ses-E22092_acq-1_run-1_bp-chest_cr.png,-1,-1
6262,sub-S11739_ses-E22095_run-1_bp-chest_vp-ap_dx.png,-1,-1
6263,sub-S11740_ses-E23914_run-1_bp-chest_vp-pa_cr.png,-1,-1
6264,sub-S11742_ses-E24134_run-1_bp-chest_vp-ap_dx.png,-1,-1
6265,sub-S11742_ses-E24915_run-1_bp-chest_vp-ap_cr.png,-1,-1
6266,sub-S11743_ses-E26173_run-1_bp-chest_vp-ap_dx.png,-1,-1
6267,sub-S11745_ses-E22113_run-2_bp-chest_vp-ap_dx.png,-1,-1
6268,sub-S11745_ses-E26415_run-1_bp-chest_vp-ap_dx.png,-1,-1
6269,sub-S11746_ses-E22118_run-1_bp-chest_vp-ap_dx.png,-1,-1
6270,sub-S11752_ses-E24262_run-1_bp-chest_vp-ap_cr.png,-1,-1
6271,sub-S11752_ses-E24888_run-1_bp-chest_vp-ap_cr.png,-1,-1
6272,sub-S11752_ses-E24946_run-1_bp-chest_vp-ap_cr.png,-1,-1
6273,sub-S11752_ses-E25164_run-1_bp-chest_vp-ap_cr.png,-1,-1
6274,sub-S11752_ses-E25512_run-1_bp-chest_vp-ap_cr.png,-1,-1
6275,sub-S11752_ses-E25513_run-1_bp-chest_vp-pa_cr.png,-1,-1
6276,sub-S11752_ses-E26202_run-1_bp-chest_vp-ap_cr.png,-1,-1
6277,sub-S11757_ses-E22195_run-1_bp-chest_vp-pa_cr.png,-1,-1
6278,sub-S11759_ses-E23859_run-1_bp-chest_vp-ap_cr.png,-1,-1
6279,sub-S11759_ses-E24216_run-1_bp-chest_vp-pa_cr.png,-1,-1
6280,sub-S11759_ses-E25251_run-1_bp-chest_vp-pa_cr.png,-1,-1
6281,sub-S11764_ses-E22223_run-1_bp-chest_vp-ap_dx.png,-1,-1
6282,sub-S11766_ses-E23043_run-1_bp-chest_vp-ap_cr.png,-1,-1
6283,sub-S11767_ses-E22234_run-1_bp-chest_vp-pa_cr.png,-1,-1
6284,sub-S11768_ses-E22237_run-1_bp-chest_vp-pa_dx.png,-1,-1
6285,sub-S11768_ses-E23789_run-1_bp-chest_vp-ap_cr.png,-1,-1
6286,sub-S11768_ses-E23815_run-1_bp-chest_vp-ap_cr.png,-1,-1
6287,sub-S11768_ses-E24773_run-1_bp-chest_vp-ap_cr.png,-1,-1
6288,sub-S11768_ses-E24908_run-1_bp-chest_vp-ap_cr.png,-1,-1
6289,sub-S11768_ses-E25290_run-1_bp-chest_vp-pa_cr.png,-1,-1
6290,sub-S11768_ses-E25615_run-1_bp-chest_vp-pa_cr.png,-1,-1
6291,sub-S11771_ses-E22254_run-1_bp-chest_vp-ap_dx.png,-1,-1
6292,sub-S11771_ses-E23206_run-2_bp-chest_vp-ap_dx.png,-1,-1
6293,sub-S11771_ses-E23704_acq-1_run-1_bp-chest_vp-ll_dx.png,-1,-1
6294,sub-S11771_ses-E24962_acq-1_run-1_bp-chest_vp-ll_dx.png,-1,-1
6295,sub-S11773_ses-E22260_run-1_bp-chest_vp-ap_dx.png,-1,-1
6296,sub-S11776_ses-E22271_run-1_bp-chest_vp-ap_dx.png,-1,-1
6297,sub-S11776_ses-E22715_run-1_bp-chest_vp-ap_cr.png,-1,-1
6298,sub-S11776_ses-E22909_run-1_bp-chest_vp-ap_dx.png,-1,-1
6299,sub-S11779_ses-E23551_run-1_bp-chest_vp-ap_dx.png,-1,-1
6300,sub-S11779_ses-E25347_acq-2_run-1_bp-chest_vp-ll_dx.png,-1,-1
6301,sub-S11779_ses-E26021_run-1_bp-chest_vp-ap_cr.png,-1,-1
6302,sub-S11782_ses-E22318_run-1_bp-chest_vp-ap_dx.png,-1,-1
6303,sub-S11782_ses-E23591_run-1_bp-chest_vp-pa_cr.png,-1,-1
6304,sub-S11790_ses-E22341_run-1_bp-chest_vp-ap_dx.png,-1,-1
6305,sub-S11792_ses-E25555_acq-1_run-1_bp-chest_vp-pa_dx.png,-1,-1
6306,sub-S11794_ses-E22366_run-1_bp-chest_vp-ap_dx.png,-1,-1
6307,sub-S11795_ses-E22376_run-1_bp-chest_vp-ap_dx.png,-1,-1
6308,sub-S11795_ses-E25860_run-1_bp-chest_vp-ap_cr.png,-1,-1
6309,sub-S11799_ses-E22391_run-1_bp-chest_vp-pa_cr.png,-1,-1
6310,sub-S11799_ses-E23403_run-1_bp-chest_vp-pa_cr.png,-1,-1
6311,sub-S11801_ses-E22398_acq-1_run-1_bp-chest_vp-ll_dx.png,-1,-1
6312,sub-S11802_ses-E22403_run-2_bp-chest_vp-pa_dx.png,-1,-1
6313,sub-S11802_ses-E25030_run-1_bp-chest_vp-pa_dx.png,-1,-1
6314,sub-S11805_ses-E22420_run-1_bp-chest_vp-ap_cr.png,-1,-1
6315,sub-S11805_ses-E25457_run-1_bp-chest_vp-ap_cr.png,-1,-1
6316,sub-S11807_ses-E22424_run-1_bp-chest_vp-ap_dx.png,-1,-1
6317,sub-S11807_ses-E23898_run-1_bp-chest_vp-ap_dx.png,-1,-1
6318,sub-S11807_ses-E24357_run-1_bp-chest_vp-ap_dx.png,-1,-1
6319,sub-S11807_ses-E25460_run-1_bp-chest_vp-ap_dx.png,-1,-1
6320,sub-S11807_ses-E25595_run-1_bp-chest_vp-ap_dx.png,-1,-1
6321,sub-S11807_ses-E25896_run-1_bp-chest_vp-ap_dx.png,-1,-1
6322,sub-S11807_ses-E26240_run-1_bp-chest_vp-ap_dx.png,-1,-1
6323,sub-S11808_ses-E22451_run-1_bp-chest_vp-ap_cr.png,-1,-1
6324,sub-S11808_ses-E23923_run-1_bp-chest_vp-pa_dx.png,-1,-1
6325,sub-S11808_ses-E24595_run-1_bp-chest_vp-ap_dx.png,-1,-1
6326,sub-S11808_ses-E25942_run-1_bp-chest_vp-ap_dx.png,-1,-1
6327,sub-S11808_ses-E26386_run-1_bp-chest_vp-ap_dx.png,-1,-1
6328,sub-S11809_ses-E23920_run-1_bp-chest_vp-pa_dx.png,-1,-1
6329,sub-S11812_ses-E23937_run-1_bp-chest_vp-ap_dx.png,-1,-1
6330,sub-S11814_ses-E22466_run-1_bp-chest_vp-ap_dx.png,-1,-1
6331,sub-S11815_ses-E22467_run-1_bp-chest_vp-ap_cr.png,-1,-1
6332,sub-S11816_ses-E22470_run-1_bp-chest_vp-ap_dx.png,-1,-1
6333,sub-S11817_ses-E22472_run-2_bp-chest_vp-pa_cr.png,-1,-1
6334,sub-S11818_ses-E22479_run-1_bp-chest_vp-ap_dx.png,-1,-1
6335,sub-S11818_ses-E24662_acq-1_run-1_bp-chest_vp-pa_dx.png,-1,-1
6336,sub-S11819_ses-E22480_acq-1_run-1_bp-chest_vp-ll_cr.png,-1,-1
6337,sub-S11822_ses-E22488_run-1_bp-chest_vp-ap_cr.png,-1,-1
6338,sub-S11822_ses-E25660_acq-1_run-1_bp-chest_vp-pa_dx.png,-1,-1
6339,sub-S11822_ses-E25970_run-1_bp-chest_vp-ap_cr.png,-1,-1
6340,sub-S11823_ses-E23492_run-1_bp-chest_vp-pa_cr.png,-1,-1
6341,sub-S11824_ses-E22497_run-1_bp-chest_vp-ap_cr.png,-1,-1
6342,sub-S11824_ses-E23223_run-1_bp-chest_vp-ap_dx.png,-1,-1
6343,sub-S11824_ses-E25306_run-1_bp-chest_vp-ap_dx.png,-1,-1
6344,sub-S11824_ses-E25961_run-1_bp-chest_vp-ap_cr.png,-1,-1
6345,sub-S11824_ses-E26252_run-1_bp-chest_vp-ap_cr.png,-1,-1
6346,sub-S11827_ses-E22503_run-1_bp-chest_vp-ap_dx.png,-1,-1
6347,sub-S11829_ses-E22513_run-1_bp-chest_vp-pa_dx.png,-1,-1
6348,sub-S11830_ses-E22529_run-1_bp-chest_vp-ap_dx.png,-1,-1
6349,sub-S11831_ses-E22535_run-1_bp-chest_vp-ap_dx.png,-1,-1
6350,sub-S11831_ses-E23558_run-1_bp-chest_vp-pa_dx.png,-1,-1
6351,sub-S11832_ses-E22541_run-1_bp-chest_vp-ap_dx.png,-1,-1
6352,sub-S11832_ses-E24005_run-1_bp-chest_vp-pa_cr.png,-1,-1
6353,sub-S11833_ses-E22546_run-1_bp-chest_vp-ap_dx.png,-1,-1
6354,sub-S11833_ses-E24673_run-1_bp-chest_vp-ap_dx.png,-1,-1
6355,sub-S11833_ses-E25353_run-1_bp-chest_vp-ap_cr.png,-1,-1
6356,sub-S11833_ses-E26064_run-1_bp-chest_vp-ap_dx.png,-1,-1
6357,sub-S11833_ses-E26274_run-1_bp-chest_vp-pa_dx.png,-1,-1
6358,sub-S11834_ses-E22547_run-1_bp-chest_vp-ap_dx.png,-1,-1
6359,sub-S11835_ses-E22558_run-1_bp-chest_vp-ap_dx.png,-1,-1
6360,sub-S11835_ses-E22777_run-1_bp-chest_vp-ap_cr.png,-1,-1
6361,sub-S11835_ses-E22962_run-1_bp-chest_vp-ap_cr.png,-1,-1
6362,sub-S11835_ses-E24178_acq-1_run-1_bp-chest_vp-pa_dx.png,-1,-1
6363,sub-S11835_ses-E26069_run-1_bp-chest_vp-ap_cr.png,-1,-1
6364,sub-S11835_ses-E26201_acq-1_run-1_bp-chest_vp-ll_dx.png,-1,-1
6365,sub-S11836_ses-E22564_run-1_bp-chest_vp-ap_dx.png,-1,-1
6366,sub-S11837_ses-E22576_run-1_bp-chest_vp-pa_cr.png,-1,-1
6367,sub-S11838_ses-E22577_run-1_bp-chest_vp-ap_dx.png,-1,-1
6368,sub-S11838_ses-E26077_run-1_bp-chest_vp-ap_dx.png,-1,-1
6369,sub-S11839_ses-E22591_run-1_bp-chest_vp-ap_dx.png,-1,-1
6370,sub-S11842_ses-E22618_run-1_bp-chest_vp-pa_cr.png,-1,-1
6371,sub-S11842_ses-E25785_run-1_bp-chest_vp-pa_cr.png,-1,-1
6372,sub-S11842_ses-E26314_run-1_bp-chest_vp-pa_cr.png,-1,-1
6373,sub-S11843_ses-E26511_acq-1_run-1_bp-chest_vp-ll_dx.png,-1,-1
6374,sub-S11846_ses-E24724_run-1_bp-chest_vp-ap_dx.png,-1,-1
6375,sub-S11846_ses-E25224_run-1_bp-chest_vp-ap_dx.png,-1,-1
6376,sub-S11846_ses-E25413_run-1_bp-chest_vp-ap_dx.png,-1,-1
6377,sub-S11854_ses-E23963_run-1_bp-chest_cr.png,-1,-1
6378,sub-S11854_ses-E24423_run-1_bp-chest_vp-ap_dx.png,-1,-1
6379,sub-S11854_ses-E24642_run-1_bp-chest_vp-ap_dx.png,-1,-1
6380,sub-S11854_ses-E25103_run-1_bp-chest_vp-ap_dx.png,-1,-1
6381,sub-S11854_ses-E25984_run-1_bp-chest_cr.png,-1,-1
6382,sub-S11858_ses-E22750_acq-1_run-1_bp-chest_vp-ap_cr.png,-1,-1
6383,sub-S11863_ses-E22775_run-1_bp-chest_vp-ap_dx.png,-1,-1
6384,sub-S11864_ses-E22785_run-1_bp-chest_vp-pa_dx.png,-1,-1
6385,sub-S11864_ses-E24498_run-1_bp-chest_vp-pa_dx.png,-1,-1
6386,sub-S11864_ses-E25767_run-1_bp-chest_vp-ap_dx.png,-1,-1
6387,sub-S11864_ses-E26088_run-1_bp-chest_vp-ap_dx.png,-1,-1
6388,sub-S11865_ses-E22791_run-1_bp-chest_vp-ap_cr.png,-1,-1
6389,sub-S11868_ses-E22802_run-1_bp-chest_vp-ap_cr.png,-1,-1
6390,sub-S11869_ses-E22807_acq-1_run-1_bp-chest_vp-pa_dx.png,-1,-1
6391,sub-S11869_ses-E23135_run-1_bp-chest_vp-ap_cr.png,-1,-1
6392,sub-S11870_ses-E22812_run-1_bp-chest_vp-ap_cr.png,-1,-1
6393,sub-S11870_ses-E23001_run-1_bp-chest_vp-ap_cr.png,-1,-1
6394,sub-S11872_ses-E23337_run-1_bp-chest_vp-pa_cr.png,-1,-1
6395,sub-S11873_ses-E22823_run-1_bp-chest_vp-ap_dx.png,-1,-1
6396,sub-S11875_ses-E22868_run-1_bp-chest_vp-ap_dx.png,-1,-1
6397,sub-S11879_ses-E24380_run-1_bp-chest_vp-ap_dx.png,-1,-1
6398,sub-S11879_ses-E24910_run-1_bp-chest_vp-pa_dx.png,-1,-1
6399,sub-S11886_ses-E22958_run-1_bp-chest_vp-ap_dx.png,-1,-1
6400,sub-S11887_ses-E22963_run-1_bp-chest_vp-ap_dx.png,-1,-1
6401,sub-S11890_ses-E22973_run-1_bp-chest_vp-pa_cr.png,-1,-1
6402,sub-S11893_ses-E22995_run-1_bp-chest_vp-ap_cr.png,-1,-1
6403,sub-S11896_ses-E24703_run-1_bp-chest_vp-pa_cr.png,-1,-1
6404,sub-S11896_ses-E24859_run-1_bp-chest_vp-pa_cr.png,-1,-1
6405,sub-S11898_ses-E23005_acq-1_run-1_bp-chest_vp-ll_dx.png,-1,-1
6406,sub-S11905_ses-E24299_run-1_bp-chest_vp-ap_cr.png,-1,-1
6407,sub-S11905_ses-E25835_run-1_bp-chest_vp-pa_cr.png,-1,-1
6408,sub-S11905_ses-E26230_run-1_bp-chest_vp-pa_dx.png,-1,-1
6409,sub-S11907_ses-E23025_run-1_bp-chest_vp-ap_dx.png,-1,-1
6410,sub-S11908_ses-E23028_run-1_bp-chest_vp-ap_dx.png,-1,-1
6411,sub-S11913_ses-E23048_run-1_bp-chest_vp-pa_cr.png,-1,-1
6412,sub-S11914_ses-E25060_run-1_bp-chest_vp-pa_cr.png,-1,-1
6413,sub-S11914_ses-E25465_run-1_bp-chest_vp-pa_cr.png,-1,-1
6414,sub-S11914_ses-E25626_run-1_bp-chest_vp-pa_cr.png,-1,-1
6415,sub-S11914_ses-E25944_run-1_bp-chest_vp-pa_cr.png,-1,-1
6416,sub-S11916_ses-E23922_run-1_bp-chest_vp-pa_cr.png,-1,-1
6417,sub-S11920_ses-E23094_run-1_bp-chest_vp-pa_cr.png,-1,-1
6418,sub-S11920_ses-E25343_run-1_bp-chest_vp-ap_cr.png,-1,-1
6419,sub-S11920_ses-E26023_run-1_bp-chest_vp-pa_cr.png,-1,-1
6420,sub-S11921_ses-E23723_run-1_bp-chest_vp-pa_dx.png,-1,-1
6421,sub-S11921_ses-E24459_run-1_bp-chest_vp-ap_dx.png,-1,-1
6422,sub-S11921_ses-E25717_run-1_bp-chest_vp-ap_dx.png,-1,-1
6423,sub-S11927_ses-E23153_acq-1_run-1_bp-chest_cr.png,-1,-1
6424,sub-S11932_ses-E23211_run-1_bp-chest_vp-ap_cr.png,-1,-1
6425,sub-S11935_ses-E23215_run-1_bp-chest_vp-ap_cr.png,-1,-1
6426,sub-S11941_ses-E23257_run-1_bp-chest_vp-pa_cr.png,-1,-1
6427,sub-S11942_ses-E23264_run-1_bp-chest_vp-pa_cr.png,-1,-1
6428,sub-S11942_ses-E26589_run-2_bp-chest_dx.png,-1,-1
6429,sub-S11942_ses-E27096_run-2_bp-chest_dx.png,-1,-1
6430,sub-S11944_ses-E23276_run-1_bp-chest_vp-ap_cr.png,-1,-1
6431,sub-S11958_ses-E23357_run-1_bp-chest_vp-ap_dx.png,-1,-1
6432,sub-S11958_ses-E24689_run-1_bp-chest_vp-ap_cr.png,-1,-1
6433,sub-S11958_ses-E24986_run-1_bp-chest_vp-ap_dx.png,-1,-1
6434,sub-S11958_ses-E25730_run-1_bp-chest_vp-ap_dx.png,-1,-1
6435,sub-S11959_ses-E23358_run-1_bp-chest_vp-ap_dx.png,-1,-1
6436,sub-S11959_ses-E25154_run-1_bp-chest_vp-pa_dx.png,-1,-1
6437,sub-S11961_ses-E24963_run-1_bp-chest_vp-ap_dx.png,-1,-1
6438,sub-S11961_ses-E25816_run-1_bp-chest_vp-pa_dx.png,-1,-1
6439,sub-S11961_ses-E26186_run-1_bp-chest_vp-ap_dx.png,-1,-1
6440,sub-S11964_ses-E23400_run-1_bp-chest_vp-pa_cr.png,-1,-1
6441,sub-S11966_ses-E23408_acq-1_run-1_bp-chest_vp-ll_cr.png,-1,-1
6442,sub-S11967_ses-E25273_acq-1_run-1_bp-chest_vp-pa_dx.png,-1,-1
6443,sub-S11968_ses-E24336_acq-3_run-1_bp-chest_vp-ap_dx.png,-1,-1
6444,sub-S11969_ses-E23414_run-1_bp-chest_vp-ap_dx.png,-1,-1
6445,sub-S11969_ses-E25025_run-1_bp-chest_vp-pa_dx.png,-1,-1
6446,sub-S11970_ses-E23415_run-1_bp-chest_vp-ap_cr.png,-1,-1
6447,sub-S11970_ses-E24576_run-1_bp-chest_vp-ap_cr.png,-1,-1
6448,sub-S11970_ses-E25584_run-1_bp-chest_vp-ap_cr.png,-1,-1
6449,sub-S11974_ses-E23431_run-1_bp-chest_vp-ap_cr.png,-1,-1
6450,sub-S11974_ses-E23881_run-1_bp-chest_vp-pa_dx.png,-1,-1
6451,sub-S11974_ses-E24588_run-1_bp-chest_vp-ap_dx.png,-1,-1
6452,sub-S11975_ses-E23433_run-1_bp-chest_vp-ap_dx.png,-1,-1
6453,sub-S11975_ses-E23692_run-1_bp-chest_vp-pa_dx.png,-1,-1
6454,sub-S11975_ses-E24577_run-1_bp-chest_vp-ap_dx.png,-1,-1
6455,sub-S11976_ses-E23435_run-1_bp-chest_vp-pa_cr.png,-1,-1
6456,sub-S11976_ses-E24587_run-1_bp-chest_vp-ap_cr.png,-1,-1
6457,sub-S11976_ses-E24764_run-1_bp-chest_vp-ap_cr.png,-1,-1
6458,sub-S11976_ses-E25034_run-1_bp-chest_vp-ap_cr.png,-1,-1
6459,sub-S11976_ses-E25285_run-1_bp-chest_vp-ap_cr.png,-1,-1
6460,sub-S11977_ses-E23440_run-1_bp-chest_vp-ap_dx.png,-1,-1
6461,sub-S11977_ses-E24348_acq-1_run-1_bp-chest_vp-ll_dx.png,-1,-1
6462,sub-S11978_ses-E23446_run-1_bp-chest_vp-ap_cr.png,-1,-1
6463,sub-S11978_ses-E23903_run-1_bp-chest_vp-ap_cr.png,-1,-1
6464,sub-S11980_ses-E23453_run-1_bp-chest_vp-ap_dx.png,-1,-1
6465,sub-S11982_ses-E23465_run-1_bp-chest_vp-ap_cr.png,-1,-1
6466,sub-S11983_ses-E23475_run-1_bp-chest_vp-ap_cr.png,-1,-1
6467,sub-S11986_ses-E25464_run-1_bp-chest_vp-pa_dx.png,-1,-1
6468,sub-S11987_ses-E23487_run-1_bp-chest_vp-ap_cr.png,-1,-1
6469,sub-S11987_ses-E23934_run-1_bp-chest_vp-ap_cr.png,-1,-1
6470,sub-S11987_ses-E24384_run-1_bp-chest_vp-pa_dx.png,-1,-1
6471,sub-S11988_ses-E23488_run-2_bp-chest_vp-ap_dx.png,-1,-1
6472,sub-S11989_ses-E23490_run-1_bp-chest_vp-ap_cr.png,-1,-1
6473,sub-S11989_ses-E25639_acq-1_run-1_bp-chest_vp-pa_cr.png,-1,-1
6474,sub-S11991_ses-E25657_run-1_bp-chest_vp-pa_dx.png,-1,-1
6475,sub-S11992_ses-E23499_run-1_bp-chest_vp-ap_dx.png,-1,-1
6476,sub-S11992_ses-E25478_acq-1_run-1_bp-chest_vp-pa_dx.png,-1,-1
6477,sub-S11992_ses-E25645_run-1_bp-chest_vp-ap_cr.png,-1,-1
6478,sub-S11993_ses-E23503_run-1_bp-chest_vp-ap_dx.png,-1,-1
6479,sub-S11996_ses-E23511_run-1_bp-chest_vp-ap_cr.png,-1,-1
6480,sub-S11997_ses-E23513_acq-2_run-1_bp-chest_vp-pa_cr.png,-1,-1
6481,sub-S12001_ses-E23521_run-1_bp-chest_vp-pa_cr.png,-1,-1
6482,sub-S12001_ses-E25095_run-1_bp-chest_vp-pa_cr.png,-1,-1
6483,sub-S12001_ses-E25315_run-1_bp-chest_vp-pa_cr.png,-1,-1
6484,sub-S12003_ses-E23529_acq-1_run-1_bp-chest_vp-ll_cr.png,-1,-1
6485,sub-S12007_ses-E23554_run-1_bp-chest_vp-ap_dx.png,-1,-1
6486,sub-S12008_ses-E25721_run-1_bp-chest_vp-pa_dx.png,-1,-1
6487,sub-S12010_ses-E23561_run-1_bp-chest_vp-ap_dx.png,-1,-1
6488,sub-S12010_ses-E24813_acq-1_run-1_bp-chest_vp-ll_dx.png,-1,-1
6489,sub-S12010_ses-E25720_run-1_bp-chest_vp-ap_dx.png,-1,-1
6490,sub-S12011_ses-E23562_acq-1_run-1_bp-chest_vp-pa_cr.png,-1,-1
6491,sub-S12012_ses-E23565_run-1_bp-chest_vp-ap_dx.png,-1,-1
6492,sub-S12012_ses-E24024_run-1_bp-chest_vp-ap_dx.png,-1,-1
6493,sub-S12012_ses-E24827_run-1_bp-chest_vp-ap_cr.png,-1,-1
6494,sub-S12012_ses-E24937_acq-2_run-1_bp-chest_vp-pa_dx.png,-1,-1
6495,sub-S12014_ses-E23570_run-1_bp-chest_vp-pa_dx.png,-1,-1
6496,sub-S12015_ses-E23571_run-2_bp-chest_vp-ll_dx.png,-1,-1
6497,sub-S12016_ses-E23572_run-1_bp-chest_vp-ap_dx.png,-1,-1
6498,sub-S12016_ses-E23998_run-1_bp-chest_vp-ap_dx.png,-1,-1
6499,sub-S12016_ses-E25367_run-1_bp-chest_vp-ap_dx.png,-1,-1
6500,sub-S12017_ses-E23578_run-1_bp-chest_vp-ap_dx.png,-1,-1
6501,sub-S12017_ses-E25516_acq-1_run-1_bp-chest_vp-ll_dx.png,-1,-1
6502,sub-S12018_ses-E23582_run-1_bp-chest_vp-ap_cr.png,-1,-1
6503,sub-S12019_ses-E23585_run-1_bp-chest_vp-ap_dx.png,-1,-1
6504,sub-S12020_ses-E23592_run-1_bp-chest_vp-ap_dx.png,-1,-1
6505,sub-S12020_ses-E25167_run-1_bp-chest_vp-pa_dx.png,-1,-1
6506,sub-S12021_ses-E23593_run-1_bp-chest_vp-ap_dx.png,-1,-1
6507,sub-S12021_ses-E23739_run-1_bp-chest_vp-ap_dx.png,-1,-1
6508,sub-S12021_ses-E24933_run-1_bp-chest_vp-ap_dx.png,-1,-1
6509,sub-S12022_ses-E24942_acq-1_run-1_bp-chest_vp-ll_dx.png,-1,-1
6510,sub-S12022_ses-E25519_run-1_bp-chest_vp-ap_cr.png,-1,-1
6511,sub-S12023_ses-E23608_run-1_bp-chest_vp-pa_dx.png,-1,-1
6512,sub-S12024_ses-E23610_run-1_bp-chest_vp-ap_dx.png,-1,-1
6513,sub-S12025_ses-E23612_run-1_bp-chest_vp-ap_dx.png,-1,-1
6514,sub-S12025_ses-E26097_run-1_bp-chest_cr.png,-1,-1
6515,sub-S12025_ses-E26488_run-1_bp-chest_vp-ap_dx.png,-1,-1
6516,sub-S12026_ses-E23623_run-1_bp-chest_vp-ap_cr.png,-1,-1
6517,sub-S12027_ses-E23624_run-1_bp-chest_vp-ap_cr.png,-1,-1
6518,sub-S12028_ses-E23625_run-1_bp-chest_vp-ap_dx.png,-1,-1
6519,sub-S12028_ses-E26308_run-1_bp-chest_vp-ap_dx.png,-1,-1
6520,sub-S12029_ses-E23629_run-1_bp-chest_vp-ap_cr.png,-1,-1
6521,sub-S12030_ses-E23632_run-1_bp-chest_vp-pa_cr.png,-1,-1
6522,sub-S12030_ses-E25229_run-1_bp-chest_vp-pa_cr.png,-1,-1
6523,sub-S12032_ses-E23641_run-2_bp-chest_vp-ll_dx.png,-1,-1
6524,sub-S12033_ses-E23642_run-1_bp-chest_vp-ap_cr.png,-1,-1
6525,sub-S12033_ses-E24084_run-1_bp-chest_vp-pa_cr.png,-1,-1
6526,sub-S12033_ses-E25775_run-1_bp-chest_vp-ap_cr.png,-1,-1
6527,sub-S12035_ses-E23645_run-1_bp-chest_vp-ap_cr.png,-1,-1
6528,sub-S12035_ses-E24506_acq-1_run-1_bp-chest_vp-ll_dx.png,-1,-1
6529,sub-S12037_ses-E23647_run-1_bp-chest_vp-ap_dx.png,-1,-1
6530,sub-S12037_ses-E25177_run-1_bp-chest_vp-ap_cr.png,-1,-1
6531,sub-S12038_ses-E23650_run-1_bp-chest_vp-ap_dx.png,-1,-1
6532,sub-S12038_ses-E24070_run-1_bp-chest_vp-ap_dx.png,-1,-1
6533,sub-S12038_ses-E24505_acq-1_run-1_bp-chest_vp-ap_dx.png,-1,-1
6534,sub-S12038_ses-E25179_run-1_bp-chest_vp-ap_dx.png,-1,-1
6535,sub-S12038_ses-E26112_run-1_bp-chest_vp-ap_dx.png,-1,-1
6536,sub-S12039_ses-E23652_run-1_bp-chest_vp-ap_cr.png,-1,-1
6537,sub-S12039_ses-E24106_run-1_bp-chest_vp-ap_dx.png,-1,-1
6538,sub-S12039_ses-E24852_run-1_bp-chest_vp-ap_cr.png,-1,-1
6539,sub-S12039_ses-E25212_run-1_bp-chest_vp-ap_cr.png,-1,-1
6540,sub-S12040_ses-E25522_acq-2_run-1_bp-chest_vp-ll_dx.png,-1,-1
6541,sub-S12041_ses-E23656_run-1_bp-chest_vp-pa_cr.png,-1,-1
6542,sub-S12041_ses-E25220_run-1_bp-chest_vp-pa_cr.png,-1,-1
6543,sub-S12043_ses-E23663_run-1_bp-chest_vp-ap_dx.png,-1,-1
6544,sub-S12043_ses-E25426_acq-1_run-1_bp-chest_vp-pa_dx.png,-1,-1
6545,sub-S12045_ses-E23669_run-1_bp-chest_vp-pa_dx.png,-1,-1
6546,sub-S12050_ses-E26222_acq-1_run-1_bp-chest_vp-ll_dx.png,-1,-1
6547,sub-S12051_ses-E23683_run-2_bp-chest_vp-ap_dx.png,-1,-1
6548,sub-S12051_ses-E24133_run-2_bp-chest_vp-ap_dx.png,-1,-1
6549,sub-S12051_ses-E24278_acq-1_run-1_bp-chest_vp-ll_dx.png,-1,-1
6550,sub-S12052_ses-E24532_run-1_bp-chest_vp-ap_dx.png,-1,-1
6551,sub-S12052_ses-E24844_run-1_bp-chest_vp-ap_dx.png,-1,-1
6552,sub-S12052_ses-E25803_run-1_bp-chest_vp-ap_dx.png,-1,-1
6553,sub-S12055_ses-E23694_run-1_bp-chest_vp-pa_cr.png,-1,-1
6554,sub-S12055_ses-E23784_run-1_bp-chest_vp-ap_cr.png,-1,-1
6555,sub-S12056_ses-E23695_run-1_bp-chest_vp-ap_cr.png,-1,-1
6556,sub-S12059_ses-E23706_run-1_bp-chest_vp-pa_dx.png,-1,-1
6557,sub-S12061_ses-E23711_run-1_bp-chest_vp-pa_cr.png,-1,-1
6558,sub-S12061_ses-E24421_run-1_bp-chest_vp-ap_cr.png,-1,-1
6559,sub-S12063_ses-E23713_run-1_bp-chest_vp-ap_cr.png,-1,-1
6560,sub-S12064_ses-E23714_run-1_bp-chest_vp-pa_dx.png,-1,-1
6561,sub-S12064_ses-E24793_run-1_bp-chest_vp-pa_dx.png,-1,-1
6562,sub-S12064_ses-E25314_run-1_bp-chest_vp-ap_dx.png,-1,-1
6563,sub-S12064_ses-E25665_run-1_bp-chest_vp-ap_dx.png,-1,-1
6564,sub-S12066_ses-E23717_run-1_bp-chest_vp-ap_cr.png,-1,-1
6565,sub-S12069_ses-E23724_run-1_bp-chest_vp-ap_cr.png,-1,-1
6566,sub-S12071_ses-E23728_run-1_bp-chest_vp-ap_dx.png,-1,-1
6567,sub-S12071_ses-E23799_run-1_bp-chest_vp-ap_dx.png,-1,-1
6568,sub-S12071_ses-E24935_run-1_bp-chest_vp-ap_dx.png,-1,-1
6569,sub-S12073_ses-E23735_run-1_bp-chest_vp-pa_cr.png,-1,-1
6570,sub-S12075_ses-E23742_run-1_bp-chest_vp-ap_cr.png,-1,-1
6571,sub-S12075_ses-E24029_run-1_bp-chest_vp-pa_cr.png,-1,-1
6572,sub-S12078_ses-E23755_run-1_bp-chest_vp-ap_dx.png,-1,-1
6573,sub-S12078_ses-E24186_run-1_bp-chest_vp-ap_cr.png,-1,-1
6574,sub-S12078_ses-E24967_run-1_bp-chest_vp-ap_cr.png,-1,-1
6575,sub-S12079_ses-E23756_run-1_bp-chest_vp-ap_cr.png,-1,-1
6576,sub-S12079_ses-E26544_run-1_bp-chest_vp-ap_cr.png,-1,-1
6577,sub-S12082_ses-E23771_run-1_bp-chest_vp-pa_cr.png,-1,-1
6578,sub-S12084_ses-E23774_run-1_bp-chest_vp-pa_cr.png,-1,-1
6579,sub-S12085_ses-E26166_run-1_bp-chest_vp-ap_dx.png,-1,-1
6580,sub-S12087_ses-E23779_run-1_bp-chest_vp-pa_cr.png,-1,-1
6581,sub-S12087_ses-E24248_run-1_bp-chest_vp-ap_cr.png,-1,-1
6582,sub-S12087_ses-E25671_run-1_bp-chest_vp-pa_cr.png,-1,-1
6583,sub-S12087_ses-E26538_run-1_bp-chest_vp-ap_cr.png,-1,-1
6584,sub-S12089_ses-E23782_run-1_bp-chest_vp-pa_cr.png,-1,-1
6585,sub-S12091_ses-E23786_run-1_bp-chest_vp-ap_cr.png,-1,-1
6586,sub-S12091_ses-E24868_run-1_bp-chest_vp-ap_cr.png,-1,-1
6587,sub-S12091_ses-E24965_run-1_bp-chest_vp-ap_cr.png,-1,-1
6588,sub-S12091_ses-E25813_run-1_bp-chest_vp-pa_cr.png,-1,-1
6589,sub-S12092_ses-E23788_run-1_bp-chest_vp-ap_dx.png,-1,-1
6590,sub-S12092_ses-E26170_run-1_bp-chest_vp-ap_dx.png,-1,-1
6591,sub-S12094_ses-E23790_run-1_bp-chest_vp-ap_cr.png,-1,-1
6592,sub-S12096_ses-E23795_run-1_bp-chest_vp-ap_dx.png,-1,-1
6593,sub-S12098_ses-E23801_run-1_bp-chest_vp-ap_dx.png,-1,-1
6594,sub-S12098_ses-E25760_run-1_bp-chest_vp-ap_dx.png,-1,-1
6595,sub-S12099_ses-E26293_acq-1_run-1_bp-chest_vp-pa_dx.png,-1,-1
6596,sub-S12100_ses-E24893_run-1_bp-chest_vp-ap_dx.png,-1,-1
6597,sub-S12101_ses-E23822_run-1_bp-chest_vp-ap_cr.png,-1,-1
6598,sub-S12102_ses-E25305_run-1_bp-chest_vp-ap_cr.png,-1,-1
6599,sub-S12102_ses-E25969_run-1_bp-chest_vp-ap_cr.png,-1,-1
6600,sub-S12103_ses-E24255_run-1_bp-chest_vp-pa_cr.png,-1,-1
6601,sub-S12106_ses-E23835_run-1_bp-chest_vp-ap_cr.png,-1,-1
6602,sub-S12106_ses-E24981_run-1_bp-chest_vp-ap_cr.png,-1,-1
6603,sub-S12108_ses-E23840_run-1_bp-chest_vp-ap_cr.png,-1,-1
6604,sub-S12110_ses-E23847_run-1_bp-chest_vp-pa_dx.png,-1,-1
6605,sub-S12111_ses-E23852_acq-2_run-1_bp-chest_vp-ap_dx.png,-1,-1
6606,sub-S12112_ses-E23853_run-1_bp-chest_vp-pa_cr.png,-1,-1
6607,sub-S12112_ses-E25841_run-1_bp-chest_vp-pa_cr.png,-1,-1
6608,sub-S12114_ses-E23861_run-1_bp-chest_vp-pa_cr.png,-1,-1
6609,sub-S12114_ses-E26327_run-1_bp-chest_vp-ap_cr.png,-1,-1
6610,sub-S12115_ses-E23864_run-1_bp-chest_vp-ap_dx.png,-1,-1
6611,sub-S12115_ses-E24328_run-1_bp-chest_vp-pa_cr.png,-1,-1
6612,sub-S12115_ses-E25001_run-1_bp-chest_vp-ap_dx.png,-1,-1
6613,sub-S12115_ses-E25863_run-1_bp-chest_vp-ap_dx.png,-1,-1
6614,sub-S12115_ses-E26344_run-1_bp-chest_vp-ap_dx.png,-1,-1
6615,sub-S12116_ses-E23870_run-1_bp-chest_vp-ap_dx.png,-1,-1
6616,sub-S12116_ses-E25451_run-1_bp-chest_vp-ap_cr.png,-1,-1
6617,sub-S12116_ses-E26693_run-1_bp-chest_vp-ap_cr.png,-1,-1
6618,sub-S12117_ses-E23873_acq-1_run-1_bp-chest_vp-ll_dx.png,-1,-1
6619,sub-S12117_ses-E25905_run-1_bp-chest_vp-ap_cr.png,-1,-1
6620,sub-S12118_ses-E23877_run-1_bp-chest_vp-ap_cr.png,-1,-1
6621,sub-S12118_ses-E25280_run-1_bp-chest_vp-ap_cr.png,-1,-1
6622,sub-S12118_ses-E25592_run-1_bp-chest_vp-ap_dx.png,-1,-1
6623,sub-S12119_ses-E23878_acq-1_run-1_bp-chest_vp-ll_dx.png,-1,-1
6624,sub-S12120_ses-E23880_run-1_bp-chest_vp-pa_cr.png,-1,-1
6625,sub-S12120_ses-E25045_run-1_bp-chest_vp-ap_dx.png,-1,-1
6626,sub-S12120_ses-E26363_run-1_bp-chest_vp-ap_dx.png,-1,-1
6627,sub-S12121_ses-E25870_run-1_bp-chest_vp-ap_dx.png,-1,-1
6628,sub-S12123_ses-E23888_run-1_bp-chest_cr.png,-1,-1
6629,sub-S12125_ses-E23895_run-1_bp-chest_vp-pa_cr.png,-1,-1
6630,sub-S12127_ses-E23899_run-1_bp-chest_vp-ap_cr.png,-1,-1
6631,sub-S12127_ses-E24360_run-1_bp-chest_vp-ap_cr.png,-1,-1
6632,sub-S12127_ses-E24769_run-1_bp-chest_vp-pa_cr.png,-1,-1
6633,sub-S12128_ses-E23905_acq-1_run-1_bp-chest_vp-ll_dx.png,-1,-1
6634,sub-S12129_ses-E23909_acq-1_run-1_bp-chest_vp-pa_cr.png,-1,-1
6635,sub-S12130_ses-E23912_run-1_bp-chest_vp-ap_dx.png,-1,-1
6636,sub-S12130_ses-E25050_run-1_bp-chest_cr.png,-1,-1
6637,sub-S12132_ses-E23924_run-1_bp-chest_vp-ap_dx.png,-1,-1
6638,sub-S12132_ses-E25462_acq-2_run-1_bp-chest_vp-pa_dx.png,-1,-1
6639,sub-S12134_ses-E23935_acq-1_run-1_bp-chest_vp-pa_cr.png,-1,-1
6640,sub-S12135_ses-E23936_run-1_bp-chest_cr.png,-1,-1
6641,sub-S12135_ses-E24390_acq-1_run-1_bp-chest_vp-ap_dx.png,-1,-1
6642,sub-S12135_ses-E25073_run-1_bp-chest_vp-ap_dx.png,-1,-1
6643,sub-S12136_ses-E23939_run-1_bp-chest_vp-ap_cr.png,-1,-1
6644,sub-S12137_ses-E23941_run-1_bp-chest_vp-pa_cr.png,-1,-1
6645,sub-S12137_ses-E25630_run-1_bp-chest_vp-pa_cr.png,-1,-1
6646,sub-S12138_ses-E23946_run-1_bp-chest_vp-ap_dx.png,-1,-1
6647,sub-S12138_ses-E25304_acq-2_run-1_bp-chest_vp-ap_dx.png,-1,-1
6648,sub-S12138_ses-E26177_run-1_bp-chest_vp-ap_cr.png,-1,-1
6649,sub-S12141_ses-E23953_run-1_bp-chest_vp-pa_cr.png,-1,-1
6650,sub-S12141_ses-E24543_run-1_bp-chest_vp-ap_cr.png,-1,-1
6651,sub-S12141_ses-E24921_run-1_bp-chest_vp-pa_cr.png,-1,-1
6652,sub-S12141_ses-E26279_run-1_bp-chest_vp-ap_cr.png,-1,-1
6653,sub-S12143_ses-E23958_run-1_bp-chest_vp-ap_dx.png,-1,-1
6654,sub-S12144_ses-E23961_run-1_bp-chest_vp-ap_cr.png,-1,-1
6655,sub-S12145_ses-E24244_acq-1_run-1_bp-chest_vp-pa_dx.png,-1,-1
6656,sub-S12147_ses-E23973_run-1_bp-chest_vp-ap_dx.png,-1,-1
6657,sub-S12147_ses-E24247_run-1_bp-chest_vp-ap_cr.png,-1,-1
6658,sub-S12147_ses-E25683_run-1_bp-chest_vp-ap_dx.png,-1,-1
6659,sub-S12149_ses-E23986_run-1_bp-chest_vp-ap_dx.png,-1,-1
6660,sub-S12149_ses-E24243_run-1_bp-chest_vp-ap_dx.png,-1,-1
6661,sub-S12150_ses-E23987_run-1_bp-chest_vp-pa_cr.png,-1,-1
6662,sub-S12151_ses-E24643_run-1_bp-chest_vp-pa_dx.png,-1,-1
6663,sub-S12153_ses-E23990_run-1_bp-chest_vp-pa_cr.png,-1,-1
6664,sub-S12154_ses-E23995_run-1_bp-chest_vp-ap_cr.png,-1,-1
6665,sub-S12154_ses-E26275_acq-1_run-1_bp-chest_vp-ll_dx.png,-1,-1
6666,sub-S12155_ses-E25499_run-1_bp-chest_vp-pa_cr.png,-1,-1
6667,sub-S12156_ses-E24008_run-1_bp-chest_vp-ap_dx.png,-1,-1
6668,sub-S12160_ses-E24260_run-1_bp-chest_vp-ap_cr.png,-1,-1
6669,sub-S12160_ses-E26183_run-1_bp-chest_vp-ap_cr.png,-1,-1
6670,sub-S12161_ses-E24021_run-1_bp-chest_vp-ap_cr.png,-1,-1
6671,sub-S12161_ses-E24809_run-1_bp-chest_vp-pa_cr.png,-1,-1
6672,sub-S12162_ses-E24022_run-1_bp-chest_cr.png,-1,-1
6673,sub-S12162_ses-E24461_run-1_bp-chest_vp-ap_dx.png,-1,-1
6674,sub-S12162_ses-E25147_run-1_bp-chest_vp-ap_dx.png,-1,-1
6675,sub-S12163_ses-E24023_run-1_bp-chest_vp-pa_dx.png,-1,-1
6676,sub-S12164_ses-E25716_run-1_bp-chest_vp-ap_cr.png,-1,-1
6677,sub-S12165_ses-E24027_run-2_bp-chest_vp-ap_dx.png,-1,-1
6678,sub-S12165_ses-E26285_run-1_bp-chest_vp-ap_cr.png,-1,-1
6679,sub-S12167_ses-E24036_run-1_bp-chest_vp-ap_cr.png,-1,-1
6680,sub-S12167_ses-E25378_run-1_bp-chest_vp-pa_cr.png,-1,-1
6681,sub-S12167_ses-E26070_run-1_bp-chest_vp-pa_cr.png,-1,-1
6682,sub-S12167_ses-E26455_run-1_bp-chest_vp-pa_cr.png,-1,-1
6683,sub-S12168_ses-E24041_run-1_bp-chest_vp-pa_cr.png,-1,-1
6684,sub-S12168_ses-E24837_run-1_bp-chest_vp-pa_cr.png,-1,-1
6685,sub-S12169_ses-E24045_run-1_bp-chest_vp-ap_dx.png,-1,-1
6686,sub-S12169_ses-E25528_run-1_bp-chest_vp-pa_dx.png,-1,-1
6687,sub-S12170_ses-E24046_run-1_bp-chest_vp-ap_dx.png,-1,-1
6688,sub-S12170_ses-E24053_run-1_bp-chest_cr.png,-1,-1
6689,sub-S12170_ses-E25762_run-1_bp-chest_cr.png,-1,-1
6690,sub-S12171_ses-E24047_run-1_bp-chest_vp-ap_dx.png,-1,-1
6691,sub-S12172_ses-E24048_run-1_bp-chest_vp-ap_cr.png,-1,-1
6692,sub-S12172_ses-E24268_run-1_bp-chest_vp-pa_cr.png,-1,-1
6693,sub-S12172_ses-E25387_run-1_bp-chest_vp-ap_cr.png,-1,-1
6694,sub-S12174_ses-E24054_run-1_bp-chest_vp-ap_dx.png,-1,-1
6695,sub-S12174_ses-E24182_run-1_bp-chest_vp-ap_dx.png,-1,-1
6696,sub-S12174_ses-E26483_run-1_bp-chest_vp-pa_dx.png,-1,-1
6697,sub-S12175_ses-E24058_run-1_bp-chest_vp-pa_dx.png,-1,-1
6698,sub-S12175_ses-E24686_run-1_bp-chest_vp-ap_dx.png,-1,-1
6699,sub-S12175_ses-E26475_run-1_bp-chest_vp-ap_dx.png,-1,-1
6700,sub-S12176_ses-E24061_run-1_bp-chest_vp-ap_dx.png,-1,-1
6701,sub-S12178_ses-E24677_run-1_bp-chest_vp-ap_dx.png,-1,-1
6702,sub-S12180_ses-E25771_run-1_bp-chest_vp-ap_dx.png,-1,-1
6703,sub-S12182_ses-E24081_run-1_bp-chest_vp-pa_cr.png,-1,-1
6704,sub-S12182_ses-E24513_run-1_bp-chest_vp-ap_cr.png,-1,-1
6705,sub-S12182_ses-E26304_run-1_bp-chest_vp-pa_cr.png,-1,-1
6706,sub-S12184_ses-E24095_run-1_bp-chest_vp-pa_dx.png,-1,-1
6707,sub-S12186_ses-E24100_acq-1_run-1_bp-chest_vp-ll_dx.png,-1,-1
6708,sub-S12188_ses-E24113_acq-2_run-1_bp-chest_vp-ll_dx.png,-1,-1
6709,sub-S12189_ses-E24116_run-1_bp-chest_vp-ap_cr.png,-1,-1
6710,sub-S12189_ses-E25789_run-1_bp-chest_vp-ap_cr.png,-1,-1
6711,sub-S12190_ses-E24119_run-1_bp-chest_vp-ap_cr.png,-1,-1
6712,sub-S12190_ses-E25796_run-1_bp-chest_vp-ap_dx.png,-1,-1
6713,sub-S12191_ses-E24120_run-2_bp-chest_vp-ap_cr.png,-1,-1
6714,sub-S12193_ses-E24124_run-1_bp-chest_vp-ap_cr.png,-1,-1
6715,sub-S12193_ses-E25437_run-1_bp-chest_vp-pa_dx.png,-1,-1
6716,sub-S12195_ses-E24137_run-1_bp-chest_vp-ap_dx.png,-1,-1
6717,sub-S12196_ses-E24129_run-1_bp-chest_vp-ap_dx.png,-1,-1
6718,sub-S12197_ses-E24132_run-1_bp-chest_vp-ap_cr.png,-1,-1
6719,sub-S12197_ses-E24753_run-1_bp-chest_vp-ap_cr.png,-1,-1
6720,sub-S12197_ses-E24904_run-1_bp-chest_vp-ap_cr.png,-1,-1
6721,sub-S12197_ses-E25278_run-1_bp-chest_vp-ap_cr.png,-1,-1
6722,sub-S12197_ses-E26523_run-1_bp-chest_vp-ap_cr.png,-1,-1
6723,sub-S12198_ses-E24142_run-1_bp-chest_vp-pa_cr.png,-1,-1
6724,sub-S12203_ses-E24150_run-1_bp-chest_vp-ap_cr.png,-1,-1
6725,sub-S12203_ses-E24561_run-1_bp-chest_vp-ap_cr.png,-1,-1
6726,sub-S12203_ses-E24905_run-1_bp-chest_vp-pa_cr.png,-1,-1
6727,sub-S12205_ses-E24622_run-1_bp-chest_vp-ap_dx.png,-1,-1
6728,sub-S12205_ses-E24766_acq-1_run-1_bp-chest_vp-pa_dx.png,-1,-1
6729,sub-S12206_ses-E24159_run-1_bp-chest_vp-ap_dx.png,-1,-1
6730,sub-S12206_ses-E24198_run-1_bp-chest_vp-ap_cr.png,-1,-1
6731,sub-S12207_ses-E24161_run-1_bp-chest_vp-ap_cr.png,-1,-1
6732,sub-S12207_ses-E24200_run-1_bp-chest_vp-pa_cr.png,-1,-1
6733,sub-S12207_ses-E26155_run-1_bp-chest_vp-ap_cr.png,-1,-1
6734,sub-S12211_ses-E24179_run-1_bp-chest_vp-ap_cr.png,-1,-1
6735,sub-S12212_ses-E24180_run-1_bp-chest_vp-pa_cr.png,-1,-1
6736,sub-S12212_ses-E24257_run-1_bp-chest_vp-ap_cr.png,-1,-1
6737,sub-S12213_ses-E25399_run-1_bp-chest_vp-ap_cr.png,-1,-1
6738,sub-S12214_ses-E24184_run-1_bp-chest_vp-ap_dx.png,-1,-1
6739,sub-S12214_ses-E24546_run-1_bp-chest_vp-pa_dx.png,-1,-1
6740,sub-S12214_ses-E24877_run-1_bp-chest_vp-ap_dx.png,-1,-1
6741,sub-S12215_ses-E24189_run-1_bp-chest_vp-ap_cr.png,-1,-1
6742,sub-S12216_ses-E24193_run-1_bp-chest_vp-ap_cr.png,-1,-1
6743,sub-S12217_ses-E24194_run-1_bp-chest_vp-pa_cr.png,-1,-1
6744,sub-S12217_ses-E24974_run-1_bp-chest_vp-pa_cr.png,-1,-1
6745,sub-S12219_ses-E24199_run-1_bp-chest_vp-ap_cr.png,-1,-1
6746,sub-S12219_ses-E26231_run-1_bp-chest_vp-ap_cr.png,-1,-1
6747,sub-S12220_ses-E24203_acq-1_run-1_bp-chest_vp-ll_cr.png,-1,-1
6748,sub-S12221_ses-E24211_run-1_bp-chest_vp-pa_dx.png,-1,-1
6749,sub-S12222_ses-E24212_run-1_bp-chest_vp-ap_dx.png,-1,-1
6750,sub-S12224_ses-E24219_run-1_bp-chest_vp-ap_dx.png,-1,-1
6751,sub-S12224_ses-E24765_run-1_bp-chest_vp-ap_dx.png,-1,-1
6752,sub-S12224_ses-E24770_run-1_bp-chest_vp-ap_dx.png,-1,-1
6753,sub-S12225_ses-E24220_run-1_bp-chest_vp-ap_cr.png,-1,-1
6754,sub-S12225_ses-E24222_run-1_bp-chest_vp-ap_cr.png,-1,-1
6755,sub-S12225_ses-E26382_acq-1_run-1_bp-chest_cr.png,-1,-1
6756,sub-S12227_ses-E24228_run-1_bp-chest_vp-ap_dx.png,-1,-1
6757,sub-S12229_ses-E24232_run-1_bp-chest_vp-pa_cr.png,-1,-1
6758,sub-S12230_ses-E24233_run-1_bp-chest_vp-ap_cr.png,-1,-1
6759,sub-S12232_ses-E24238_acq-1_run-1_bp-chest_vp-ll_cr.png,-1,-1
6760,sub-S12232_ses-E24611_run-1_bp-chest_vp-ap_cr.png,-1,-1
6761,sub-S12232_ses-E25086_run-1_bp-chest_vp-ap_cr.png,-1,-1
6762,sub-S12233_ses-E24241_run-1_bp-chest_vp-pa_cr.png,-1,-1
6763,sub-S12233_ses-E26261_run-1_bp-chest_vp-pa_cr.png,-1,-1
6764,sub-S12234_ses-E24651_run-1_bp-chest_vp-ap_cr.png,-1,-1
6765,sub-S12234_ses-E24777_run-1_bp-chest_vp-ap_cr.png,-1,-1
6766,sub-S12234_ses-E25308_run-1_bp-chest_vp-ap_cr.png,-1,-1
6767,sub-S12237_ses-E24253_acq-1_run-1_bp-chest_vp-pa_dx.png,-1,-1
6768,sub-S12238_ses-E25144_run-1_bp-chest_vp-ap_cr.png,-1,-1
6769,sub-S12239_ses-E24265_acq-1_run-1_bp-chest_vp-pa_dx.png,-1,-1
6770,sub-S12239_ses-E25764_run-1_bp-chest_vp-ap_dx.png,-1,-1
6771,sub-S12239_ses-E26087_run-1_bp-chest_vp-ap_dx.png,-1,-1
6772,sub-S12240_ses-E24270_run-1_bp-chest_vp-ap_cr.png,-1,-1
6773,sub-S12243_ses-E24276_run-1_bp-chest_cr.png,-1,-1
6774,sub-S12243_ses-E24979_run-1_bp-chest_vp-ap_cr.png,-1,-1
6775,sub-S12245_ses-E25827_run-1_bp-chest_vp-ap_cr.png,-1,-1
6776,sub-S12248_ses-E24289_run-1_bp-chest_vp-ap_cr.png,-1,-1
6777,sub-S12249_ses-E24290_run-1_bp-chest_vp-ap_cr.png,-1,-1
6778,sub-S12250_ses-E24291_run-1_bp-chest_vp-ap_cr.png,-1,-1
6779,sub-S12250_ses-E24519_run-1_bp-chest_vp-ap_dx.png,-1,-1
6780,sub-S12254_ses-E24304_acq-1_run-1_bp-chest_vp-ll_cr.png,-1,-1
6781,sub-S12254_ses-E25242_acq-1_run-1_bp-chest_vp-ll_cr.png,-1,-1
6782,sub-S12258_ses-E24318_acq-1_run-1_bp-chest_vp-ll_cr.png,-1,-1
6783,sub-S12260_ses-E24324_run-1_bp-chest_vp-ap_dx.png,-1,-1
6784,sub-S12260_ses-E25871_run-1_bp-chest_vp-ap_dx.png,-1,-1
6785,sub-S12261_ses-E24329_run-1_bp-chest_vp-pa_cr.png,-1,-1
6786,sub-S12261_ses-E25561_run-1_bp-chest_vp-pa_cr.png,-1,-1
6787,sub-S12261_ses-E26219_run-1_bp-chest_vp-pa_cr.png,-1,-1
6788,sub-S12262_ses-E24334_run-1_bp-chest_vp-ap_dx.png,-1,-1
6789,sub-S12262_ses-E25264_run-1_bp-chest_vp-ap_cr.png,-1,-1
6790,sub-S12262_ses-E25877_run-1_bp-chest_vp-ap_dx.png,-1,-1
6791,sub-S12262_ses-E26357_run-1_bp-chest_vp-ap_dx.png,-1,-1
6792,sub-S12263_ses-E24756_acq-1_run-1_bp-chest_vp-pa_dx.png,-1,-1
6793,sub-S12267_ses-E24343_run-1_bp-chest_vp-ap_cr.png,-1,-1
6794,sub-S12269_ses-E24352_run-1_bp-chest_vp-ap_cr.png,-1,-1
6795,sub-S12269_ses-E25036_run-1_bp-chest_vp-ap_dx.png,-1,-1
6796,sub-S12269_ses-E26238_run-1_bp-chest_vp-ap_dx.png,-1,-1
6797,sub-S12271_ses-E24356_run-1_bp-chest_vp-ap_cr.png,-1,-1
6798,sub-S12271_ses-E25472_run-1_bp-chest_vp-ap_cr.png,-1,-1
6799,sub-S12272_ses-E24358_run-1_bp-chest_vp-ap_dx.png,-1,-1
6800,sub-S12273_ses-E24366_run-1_bp-chest_vp-pa_dx.png,-1,-1
6801,sub-S12274_ses-E24370_acq-1_run-1_bp-chest_vp-pa_cr.png,-1,-1
6802,sub-S12274_ses-E25933_run-1_bp-chest_vp-ap_cr.png,-1,-1
6803,sub-S12276_ses-E24374_run-1_bp-chest_vp-pa_cr.png,-1,-1
6804,sub-S12277_ses-E24376_run-1_bp-chest_vp-ap_cr.png,-1,-1
6805,sub-S12278_ses-E24377_run-1_bp-chest_vp-ap_cr.png,-1,-1
6806,sub-S12278_ses-E24780_acq-1_run-1_bp-chest_vp-pa_dx.png,-1,-1
6807,sub-S12282_ses-E24396_run-1_bp-chest_cr.png,-1,-1
6808,sub-S12282_ses-E24610_run-1_bp-chest_vp-ap_cr.png,-1,-1
6809,sub-S12283_ses-E24397_run-1_bp-chest_vp-pa_cr.png,-1,-1
6810,sub-S12285_ses-E24415_run-1_bp-chest_vp-ap_cr.png,-1,-1
6811,sub-S12285_ses-E24786_acq-1_run-1_bp-chest_vp-ll_dx.png,-1,-1
6812,sub-S12286_ses-E25663_run-1_bp-chest_vp-ap_dx.png,-1,-1
6813,sub-S12288_ses-E25117_run-1_bp-chest_vp-pa_cr.png,-1,-1
6814,sub-S12289_ses-E24427_run-1_bp-chest_vp-ap_cr.png,-1,-1
6815,sub-S12290_ses-E24430_run-1_bp-chest_vp-ap_dx.png,-1,-1
6816,sub-S12293_ses-E24445_run-1_bp-chest_vp-ap_cr.png,-1,-1
6817,sub-S12295_ses-E24450_run-1_bp-chest_vp-ap_dx.png,-1,-1
6818,sub-S12295_ses-E25352_run-1_bp-chest_vp-ap_dx.png,-1,-1
6819,sub-S12295_ses-E26273_run-2_bp-chest_vp-ap_dx.png,-1,-1
6820,sub-S12297_ses-E24464_run-1_bp-chest_vp-ap_dx.png,-1,-1
6821,sub-S12298_ses-E24466_run-1_bp-chest_vp-ap_cr.png,-1,-1
6822,sub-S12298_ses-E25158_run-1_bp-chest_vp-ap_cr.png,-1,-1
6823,sub-S12301_ses-E24469_run-1_bp-chest_vp-pa_dx.png,-1,-1
6824,sub-S12302_ses-E26056_run-1_bp-chest_vp-ap_dx.png,-1,-1
6825,sub-S12304_ses-E24475_run-1_bp-chest_vp-pa_cr.png,-1,-1
6826,sub-S12307_ses-E24487_run-1_bp-chest_vp-ap_dx.png,-1,-1
6827,sub-S12307_ses-E26107_run-1_bp-chest_vp-pa_dx.png,-1,-1
6828,sub-S12308_ses-E24489_run-1_bp-chest_vp-ap_cr.png,-1,-1
6829,sub-S12308_ses-E24692_run-1_bp-chest_vp-ap_dx.png,-1,-1
6830,sub-S12308_ses-E24692_run-2_bp-chest_vp-ap_dx.png,-1,-1
6831,sub-S12309_ses-E24494_run-1_bp-chest_cr.png,-1,-1
6832,sub-S12313_ses-E24512_run-1_bp-chest_vp-pa_cr.png,-1,-1
6833,sub-S12314_ses-E24514_run-1_bp-chest_vp-ap_dx.png,-1,-1
6834,sub-S12315_ses-E24518_run-1_bp-chest_vp-ap_dx.png,-1,-1
6835,sub-S12317_ses-E24523_run-1_bp-chest_vp-pa_cr.png,-1,-1
6836,sub-S12319_ses-E24527_run-1_bp-chest_vp-ap_cr.png,-1,-1
6837,sub-S12319_ses-E26540_acq-1_run-1_bp-chest_vp-pa_dx.png,-1,-1
6838,sub-S12320_ses-E24529_run-2_bp-chest_vp-pa_dx.png,-1,-1
6839,sub-S12321_ses-E24539_run-1_bp-chest_vp-ap_dx.png,-1,-1
6840,sub-S12323_ses-E24553_run-1_bp-chest_vp-ap_cr.png,-1,-1
6841,sub-S12323_ses-E24555_run-1_bp-chest_vp-ap_cr.png,-1,-1
6842,sub-S12324_ses-E24556_run-1_bp-chest_vp-ap_cr.png,-1,-1
6843,sub-S12324_ses-E25828_run-1_bp-chest_vp-ap_cr.png,-1,-1
6844,sub-S12325_ses-E24560_run-1_bp-chest_vp-ap_cr.png,-1,-1
6845,sub-S12325_ses-E25253_acq-1_run-1_bp-chest_vp-pa_cr.png,-1,-1
6846,sub-S12326_ses-E24562_run-1_bp-chest_vp-ap_cr.png,-1,-1
6847,sub-S12326_ses-E25012_acq-1_run-1_bp-chest_vp-ll_cr.png,-1,-1
6848,sub-S12327_ses-E24565_run-1_bp-chest_vp-ap_cr.png,-1,-1
6849,sub-S12328_ses-E24572_run-1_bp-chest_vp-ap_dx.png,-1,-1
6850,sub-S12329_ses-E24574_run-1_bp-chest_vp-ap_dx.png,-1,-1
6851,sub-S12329_ses-E25270_acq-1_run-1_bp-chest_vp-ll_dx.png,-1,-1
6852,sub-S12330_ses-E24579_run-1_bp-chest_vp-ap_dx.png,-1,-1
6853,sub-S12331_ses-E24581_run-1_bp-chest_vp-ap_dx.png,-1,-1
6854,sub-S12331_ses-E25276_acq-1_run-1_bp-chest_vp-ll_dx.png,-1,-1
6855,sub-S12332_ses-E24583_run-1_bp-chest_vp-ap_cr.png,-1,-1
6856,sub-S12332_ses-E25029_acq-1_run-1_bp-chest_vp-pa_cr.png,-1,-1
6857,sub-S12333_ses-E24585_run-1_bp-chest_vp-ap_cr.png,-1,-1
6858,sub-S12335_ses-E24602_run-1_bp-chest_vp-ap_dx.png,-1,-1
6859,sub-S12335_ses-E25075_run-1_bp-chest_vp-ap_dx.png,-1,-1
6860,sub-S12337_ses-E24620_run-1_bp-chest_vp-pa_cr.png,-1,-1
6861,sub-S12338_ses-E24627_run-1_bp-chest_vp-ap_cr.png,-1,-1
6862,sub-S12339_ses-E24631_run-1_bp-chest_vp-pa_cr.png,-1,-1
6863,sub-S12339_ses-E25123_run-1_bp-chest_vp-pa_cr.png,-1,-1
6864,sub-S12340_ses-E24635_run-1_bp-chest_vp-ap_cr.png,-1,-1
6865,sub-S12341_ses-E24637_run-1_bp-chest_vp-ap_dx.png,-1,-1
6866,sub-S12342_ses-E24638_run-1_bp-chest_vp-ap_dx.png,-1,-1
6867,sub-S12344_ses-E24640_run-1_bp-chest_vp-ap_dx.png,-1,-1
6868,sub-S12344_ses-E25106_run-1_bp-chest_vp-ap_dx.png,-1,-1
6869,sub-S12344_ses-E25327_run-1_bp-chest_vp-pa_dx.png,-1,-1
6870,sub-S12345_ses-E24641_run-1_bp-chest_vp-ap_cr.png,-1,-1
6871,sub-S12345_ses-E25667_run-1_bp-chest_vp-ap_cr.png,-1,-1
6872,sub-S12346_ses-E24644_run-1_bp-chest_vp-ap_dx.png,-1,-1
6873,sub-S12348_ses-E24658_run-1_bp-chest_vp-pa_dx.png,-1,-1
6874,sub-S12349_ses-E24665_run-1_bp-chest_vp-pa_cr.png,-1,-1
6875,sub-S12352_ses-E24687_run-1_bp-chest_vp-ap_cr.png,-1,-1
6876,sub-S12354_ses-E24693_run-1_bp-chest_vp-ap_cr.png,-1,-1
6877,sub-S12354_ses-E25209_run-1_bp-chest_vp-ap_cr.png,-1,-1
6878,sub-S12354_ses-E25401_run-1_bp-chest_vp-ap_cr.png,-1,-1
6879,sub-S12356_ses-E24709_run-1_bp-chest_vp-ap_cr.png,-1,-1
6880,sub-S12356_ses-E24939_run-1_bp-chest_vp-ap_cr.png,-1,-1
6881,sub-S12362_ses-E24730_run-1_bp-chest_dx.png,-1,-1
6882,sub-S12363_ses-E24733_run-1_bp-chest_vp-ap_cr.png,-1,-1
6883,sub-S12365_ses-E24738_run-2_bp-chest_vp-ap_dx.png,-1,-1
6884,sub-S12365_ses-E26233_run-2_bp-chest_vp-ap_dx.png,-1,-1
6885,sub-S12367_ses-E24742_acq-1_run-1_bp-chest_vp-ll_dx.png,-1,-1
6886,sub-S12367_ses-E25558_run-1_bp-chest_vp-ap_dx.png,-1,-1
6887,sub-S12368_ses-E24743_run-1_bp-chest_vp-pa_dx.png,-1,-1
6888,sub-S12368_ses-E25436_run-1_bp-chest_vp-ap_dx.png,-1,-1
6889,sub-S12370_ses-E24748_acq-1_run-1_bp-chest_vp-ll_dx.png,-1,-1
6890,sub-S12372_ses-E24755_run-1_bp-chest_vp-pa_cr.png,-1,-1
6891,sub-S12372_ses-E25265_run-1_bp-chest_vp-ap_cr.png,-1,-1
6892,sub-S12373_ses-E24757_run-1_bp-chest_vp-pa_dx.png,-1,-1
6893,sub-S12374_ses-E24759_run-1_bp-chest_vp-pa_cr.png,-1,-1
6894,sub-S12377_ses-E24767_run-1_bp-chest_vp-pa_dx.png,-1,-1
6895,sub-S12378_ses-E24771_run-1_bp-chest_vp-pa_cr.png,-1,-1
6896,sub-S12379_ses-E26570_run-1_bp-chest_vp-pa_dx.png,-1,-1
6897,sub-S12381_ses-E24778_run-1_bp-chest_vp-ap_cr.png,-1,-1
6898,sub-S12382_ses-E24782_run-1_bp-chest_vp-pa_dx.png,-1,-1
6899,sub-S12384_ses-E24788_run-1_bp-chest_vp-ap_cr.png,-1,-1
6900,sub-S12386_ses-E24790_run-1_bp-chest_vp-ap_cr.png,-1,-1
6901,sub-S12389_ses-E24803_run-1_bp-chest_vp-ap_cr.png,-1,-1
6902,sub-S12389_ses-E26190_run-1_bp-chest_vp-pa_cr.png,-1,-1
6903,sub-S12390_ses-E24804_run-1_bp-chest_vp-ap_dx.png,-1,-1
6904,sub-S12391_ses-E24805_acq-1_run-1_bp-chest_vp-pa_dx.png,-1,-1
6905,sub-S12391_ses-E25341_run-1_bp-chest_vp-ap_dx.png,-1,-1
6906,sub-S12393_ses-E24808_acq-1_run-1_bp-chest_vp-pa_dx.png,-1,-1
6907,sub-S12395_ses-E24823_run-1_bp-chest_vp-ap_cr.png,-1,-1
6908,sub-S12395_ses-E26466_run-1_bp-chest_vp-ap_cr.png,-1,-1
6909,sub-S12397_ses-E24826_run-1_bp-chest_vp-pa_dx.png,-1,-1
6910,sub-S12402_ses-E24843_run-1_bp-chest_vp-pa_dx.png,-1,-1
6911,sub-S12404_ses-E24851_acq-1_run-1_bp-chest_vp-ll_cr.png,-1,-1
6912,sub-S12405_ses-E25526_run-1_bp-chest_vp-ap_dx.png,-1,-1
6913,sub-S12408_ses-E24862_run-1_bp-chest_vp-ap_cr.png,-1,-1
6914,sub-S12408_ses-E24960_run-1_bp-chest_vp-ap_cr.png,-1,-1
6915,sub-S12408_ses-E25422_run-1_bp-chest_vp-ap_cr.png,-1,-1
6916,sub-S12408_ses-E25811_run-1_bp-chest_vp-ap_cr.png,-1,-1
6917,sub-S12408_ses-E26135_run-1_bp-chest_vp-ap_cr.png,-1,-1
6918,sub-S12408_ses-E26542_run-1_bp-chest_vp-pa_cr.png,-1,-1
6919,sub-S12409_ses-E24864_run-1_bp-chest_vp-ap_dx.png,-1,-1
6920,sub-S12414_ses-E24887_run-1_bp-chest_vp-pa_cr.png,-1,-1
6921,sub-S12415_ses-E24901_run-1_bp-chest_vp-ap_dx.png,-1,-1
6922,sub-S12417_ses-E24903_run-1_bp-chest_vp-pa_cr.png,-1,-1
6923,sub-S12417_ses-E25606_run-1_bp-chest_vp-ap_cr.png,-1,-1
6924,sub-S12418_ses-E25219_run-1_bp-chest_vp-pa_cr.png,-1,-1
6925,sub-S12422_ses-E25361_run-1_bp-chest_vp-pa_cr.png,-1,-1
6926,sub-S12422_ses-E25507_run-1_bp-chest_vp-pa_cr.png,-1,-1
6927,sub-S12422_ses-E26433_run-1_bp-chest_vp-pa_cr.png,-1,-1
6928,sub-S12426_ses-E24945_acq-1_run-1_bp-chest_vp-pa_cr.png,-1,-1
6929,sub-S12427_ses-E25535_run-1_bp-chest_vp-pa_dx.png,-1,-1
6930,sub-S12435_ses-E24970_run-1_bp-chest_vp-pa_cr.png,-1,-1
6931,sub-S12436_ses-E24973_run-1_bp-chest_vp-ap_cr.png,-1,-1
6932,sub-S12438_ses-E24976_run-1_bp-chest_vp-ap_cr.png,-1,-1
6933,sub-S12442_ses-E24993_acq-1_run-1_bp-chest_vp-pa_dx.png,-1,-1
6934,sub-S12443_ses-E24994_run-1_bp-chest_vp-pa_dx.png,-1,-1
6935,sub-S12443_ses-E25854_run-1_bp-chest_vp-ap_dx.png,-1,-1
6936,sub-S12446_ses-E25005_run-1_bp-chest_vp-pa_dx.png,-1,-1
6937,sub-S12447_ses-E25010_run-1_bp-chest_vp-pa_cr.png,-1,-1
6938,sub-S12448_ses-E25011_acq-1_run-1_bp-chest_vp-pa_dx.png,-1,-1
6939,sub-S12449_ses-E25016_run-1_bp-chest_vp-ap_cr.png,-1,-1
6940,sub-S12451_ses-E25031_run-1_bp-chest_vp-ap_cr.png,-1,-1
6941,sub-S12452_ses-E25032_run-1_bp-chest_vp-ap_dx.png,-1,-1
6942,sub-S12453_ses-E25033_run-1_bp-chest_vp-ap_cr.png,-1,-1
6943,sub-S12453_ses-E25284_run-1_bp-chest_vp-ap_cr.png,-1,-1
6944,sub-S12454_ses-E25035_run-1_bp-chest_vp-ap_cr.png,-1,-1
6945,sub-S12455_ses-E25037_run-1_bp-chest_vp-pa_dx.png,-1,-1
6946,sub-S12457_ses-E25062_run-1_bp-chest_vp-pa_dx.png,-1,-1
6947,sub-S12459_ses-E25070_run-1_bp-chest_vp-ap_cr.png,-1,-1
6948,sub-S12461_ses-E25076_run-1_bp-chest_vp-ap_cr.png,-1,-1
6949,sub-S12461_ses-E25296_run-1_bp-chest_vp-ap_cr.png,-1,-1
6950,sub-S12465_ses-E25082_run-1_bp-chest_vp-pa_cr.png,-1,-1
6951,sub-S12465_ses-E26411_run-1_bp-chest_vp-pa_cr.png,-1,-1
6952,sub-S12466_ses-E25085_run-1_bp-chest_vp-ap_dx.png,-1,-1
6953,sub-S12466_ses-E25496_run-1_bp-chest_vp-ap_dx.png,-1,-1
6954,sub-S12466_ses-E25646_run-1_bp-chest_vp-ap_dx.png,-1,-1
6955,sub-S12468_ses-E25090_run-1_bp-chest_vp-pa_dx.png,-1,-1
6956,sub-S12468_ses-E25637_run-1_bp-chest_vp-ap_dx.png,-1,-1
6957,sub-S12468_ses-E26408_run-1_bp-chest_vp-ap_dx.png,-1,-1
6958,sub-S12470_ses-E25096_run-1_bp-chest_vp-ap_cr.png,-1,-1
6959,sub-S12472_ses-E25102_run-1_bp-chest_vp-ap_dx.png,-1,-1
6960,sub-S12476_ses-E25118_run-1_bp-chest_vp-pa_cr.png,-1,-1
6961,sub-S12478_ses-E25132_run-1_bp-chest_vp-ap_dx.png,-1,-1
6962,sub-S12480_ses-E25141_acq-1_run-1_bp-chest_vp-ll_dx.png,-1,-1
6963,sub-S12480_ses-E26038_run-1_bp-chest_vp-ap_cr.png,-1,-1
6964,sub-S12481_ses-E25143_run-1_bp-chest_vp-ap_cr.png,-1,-1
6965,sub-S12481_ses-E25356_run-1_bp-chest_vp-ap_cr.png,-1,-1
6966,sub-S12484_ses-E25149_run-1_bp-chest_vp-pa_cr.png,-1,-1
6967,sub-S12485_ses-E25159_acq-1_run-1_bp-chest_vp-pa_cr.png,-1,-1
6968,sub-S12486_ses-E25166_run-1_bp-chest_vp-pa_dx.png,-1,-1
6969,sub-S12487_ses-E25169_run-1_bp-chest_vp-ap_dx.png,-1,-1
6970,sub-S12488_ses-E25171_run-1_bp-chest_vp-pa_dx.png,-1,-1
6971,sub-S12488_ses-E26085_run-1_bp-chest_vp-ap_cr.png,-1,-1
6972,sub-S12489_ses-E25176_run-1_bp-chest_vp-ap_cr.png,-1,-1
6973,sub-S12489_ses-E25394_run-1_bp-chest_vp-ap_cr.png,-1,-1
6974,sub-S12492_ses-E26114_run-1_bp-chest_vp-ap_cr.png,-1,-1
6975,sub-S12493_ses-E25191_run-1_bp-chest_vp-pa_cr.png,-1,-1
6976,sub-S12494_ses-E25196_run-1_bp-chest_vp-ap_dx.png,-1,-1
6977,sub-S12495_ses-E26489_run-1_bp-chest_vp-ap_cr.png,-1,-1
6978,sub-S12496_ses-E25203_run-1_bp-chest_vp-ap_cr.png,-1,-1
6979,sub-S12496_ses-E25402_run-1_bp-chest_vp-pa_cr.png,-1,-1
6980,sub-S12497_ses-E25213_run-1_bp-chest_vp-pa_dx.png,-1,-1
6981,sub-S12498_ses-E25222_run-1_bp-chest_vp-ap_cr.png,-1,-1
6982,sub-S12500_ses-E25259_run-1_bp-chest_vp-pa_dx.png,-1,-1
6983,sub-S12501_ses-E25261_run-1_bp-chest_vp-ap_dx.png,-1,-1
6984,sub-S12503_ses-E25271_run-1_bp-chest_vp-ap_cr.png,-1,-1
6985,sub-S12504_ses-E25272_run-1_bp-chest_vp-ap_cr.png,-1,-1
6986,sub-S12506_ses-E25279_run-1_bp-chest_vp-pa_dx.png,-1,-1
6987,sub-S12507_ses-E25281_run-1_bp-chest_vp-ap_cr.png,-1,-1
6988,sub-S12507_ses-E25282_run-1_bp-chest_vp-ap_cr.png,-1,-1
6989,sub-S12508_ses-E25288_run-1_bp-chest_vp-pa_dx.png,-1,-1
6990,sub-S12508_ses-E25929_run-1_bp-chest_vp-ap_dx.png,-1,-1
6991,sub-S12510_ses-E25295_acq-1_run-1_bp-chest_vp-pa_cr.png,-1,-1
6992,sub-S12511_ses-E25298_acq-1_run-1_bp-chest_vp-pa_dx.png,-1,-1
6993,sub-S12514_ses-E25319_run-1_bp-chest_vp-pa_dx.png,-1,-1
6994,sub-S12516_ses-E25333_run-1_bp-chest_vp-pa_cr.png,-1,-1
6995,sub-S12516_ses-E26429_run-1_bp-chest_vp-ap_cr.png,-1,-1
6996,sub-S12517_ses-E25336_run-1_bp-chest_vp-pa_cr.png,-1,-1
6997,sub-S12519_ses-E25340_run-1_bp-chest_vp-pa_cr.png,-1,-1
6998,sub-S12520_ses-E25346_run-1_bp-chest_vp-ap_dx.png,-1,-1
6999,sub-S12521_ses-E25350_run-2_bp-chest_vp-pa_dx.png,-1,-1
7000,sub-S12522_ses-E25363_run-1_bp-chest_vp-pa_dx.png,-1,-1
7001,sub-S12522_ses-E25731_run-1_bp-chest_vp-ap_dx.png,-1,-1
7002,sub-S12526_ses-E25386_run-1_bp-chest_vp-ap_dx.png,-1,-1
7003,sub-S12526_ses-E26203_run-1_bp-chest_vp-ap_cr.png,-1,-1
7004,sub-S12527_ses-E25388_acq-1_run-1_bp-chest_vp-pa_dx.png,-1,-1
7005,sub-S12528_ses-E25391_acq-1_run-1_bp-chest_vp-pa_cr.png,-1,-1
7006,sub-S12529_ses-E25392_acq-2_run-1_bp-chest_vp-ap_cr.png,-1,-1
7007,sub-S12530_ses-E25406_run-1_bp-chest_vp-ap_dx.png,-1,-1
7008,sub-S12533_ses-E25417_run-1_bp-chest_vp-pa_dx.png,-1,-1
7009,sub-S12534_ses-E25418_run-1_bp-chest_vp-pa_dx.png,-1,-1
7010,sub-S12535_ses-E25421_run-1_bp-chest_vp-pa_cr.png,-1,-1
7011,sub-S12536_ses-E25430_acq-1_run-1_bp-chest_vp-ll_cr.png,-1,-1
7012,sub-S12537_ses-E25431_acq-1_run-1_bp-chest_vp-pa_dx.png,-1,-1
7013,sub-S12539_ses-E25438_acq-1_run-1_bp-chest_vp-ll_cr.png,-1,-1
7014,sub-S12540_ses-E25443_run-1_bp-chest_vp-pa_cr.png,-1,-1
7015,sub-S12540_ses-E25608_run-1_bp-chest_vp-pa_cr.png,-1,-1
7016,sub-S12541_ses-E25444_run-1_bp-chest_vp-ap_dx.png,-1,-1
7017,sub-S12542_ses-E25446_run-1_bp-chest_vp-ap_cr.png,-1,-1
7018,sub-S12542_ses-E25887_run-1_bp-chest_vp-ap_cr.png,-1,-1
7019,sub-S12544_ses-E25452_acq-1_run-1_bp-chest_vp-pa_cr.png,-1,-1
7020,sub-S12547_ses-E25467_run-1_bp-chest_vp-pa_dx.png,-1,-1
7021,sub-S12550_ses-E25476_run-1_bp-chest_vp-pa_dx.png,-1,-1
7022,sub-S12551_ses-E25480_run-1_bp-chest_vp-pa_cr.png,-1,-1
7023,sub-S12551_ses-E25629_run-1_bp-chest_vp-pa_cr.png,-1,-1
7024,sub-S12552_ses-E25485_run-1_bp-chest_vp-pa_cr.png,-1,-1
7025,sub-S12554_ses-E25490_run-1_bp-chest_vp-ap_cr.png,-1,-1
7026,sub-S12556_ses-E25492_run-1_bp-chest_vp-ap_cr.png,-1,-1
7027,sub-S12559_ses-E25505_run-1_bp-chest_vp-ap_dx.png,-1,-1
7028,sub-S12561_ses-E25517_run-1_bp-chest_vp-pa_dx.png,-1,-1
7029,sub-S12566_ses-E25538_run-1_bp-chest_vp-pa_cr.png,-1,-1
7030,sub-S12566_ses-E25794_run-1_bp-chest_vp-pa_cr.png,-1,-1
7031,sub-S12568_ses-E25549_run-1_bp-chest_vp-pa_dx.png,-1,-1
7032,sub-S12568_ses-E25806_run-1_bp-chest_vp-ap_dx.png,-1,-1
7033,sub-S12570_ses-E25554_acq-1_run-1_bp-chest_vp-ap_cr.png,-1,-1
7034,sub-S12571_ses-E25560_run-1_bp-chest_vp-ap_cr.png,-1,-1
7035,sub-S12571_ses-E26215_run-2_bp-chest_vp-ap_cr.png,-1,-1
7036,sub-S12572_ses-E25564_run-1_bp-chest_vp-ap_dx.png,-1,-1
7037,sub-S12573_ses-E25565_run-1_bp-chest_vp-pa_cr.png,-1,-1
7038,sub-S12574_ses-E25570_run-1_bp-chest_vp-pa_cr.png,-1,-1
7039,sub-S12574_ses-E25869_run-1_bp-chest_vp-pa_cr.png,-1,-1
7040,sub-S12578_ses-E25588_run-1_bp-chest_vp-pa_cr.png,-1,-1
7041,sub-S12579_ses-E25593_run-1_bp-chest_vp-pa_dx.png,-1,-1
7042,sub-S12580_ses-E25596_run-1_bp-chest_vp-ap_cr.png,-1,-1
7043,sub-S12582_ses-E25612_run-1_bp-chest_vp-ap_cr.png,-1,-1
7044,sub-S12584_ses-E25621_run-1_bp-chest_cr.png,-1,-1
7045,sub-S12586_ses-E25623_run-1_bp-chest_vp-ap_dx.png,-1,-1
7046,sub-S12588_ses-E25648_run-1_bp-chest_vp-ap_cr.png,-1,-1
7047,sub-S12589_ses-E25649_acq-1_run-1_bp-chest_vp-pa_cr.png,-1,-1
7048,sub-S12591_ses-E25655_run-1_bp-chest_vp-pa_cr.png,-1,-1
7049,sub-S12591_ses-E26172_run-1_bp-chest_vp-pa_cr.png,-1,-1
7050,sub-S12592_ses-E25673_run-1_bp-chest_vp-ap_cr.png,-1,-1
7051,sub-S12593_ses-E25676_acq-1_run-1_bp-chest_vp-ll_cr.png,-1,-1
7052,sub-S12594_ses-E25678_run-1_bp-chest_vp-pa_dx.png,-1,-1
7053,sub-S12594_ses-E25996_run-1_bp-chest_vp-ap_dx.png,-1,-1
7054,sub-S12595_ses-E25679_acq-1_run-1_bp-chest_vp-ll_dx.png,-1,-1
7055,sub-S12595_ses-E26004_run-1_bp-chest_vp-ap_cr.png,-1,-1
7056,sub-S12596_ses-E25684_acq-1_run-1_bp-chest_vp-ll_dx.png,-1,-1
7057,sub-S12597_ses-E25687_run-2_bp-chest_vp-pa_dx.png,-1,-1
7058,sub-S12598_ses-E25704_run-1_bp-chest_vp-ap_dx.png,-1,-1
7059,sub-S12598_ses-E26020_run-1_bp-chest_vp-ap_dx.png,-1,-1
7060,sub-S12598_ses-E26277_run-1_bp-chest_vp-pa_dx.png,-1,-1
7061,sub-S12599_ses-E25706_run-1_bp-chest_vp-pa_cr.png,-1,-1
7062,sub-S12600_ses-E25713_run-1_bp-chest_vp-pa_dx.png,-1,-1
7063,sub-S12603_ses-E25737_acq-1_run-1_bp-chest_vp-ll_cr.png,-1,-1
7064,sub-S12605_ses-E25766_run-1_bp-chest_vp-pa_cr.png,-1,-1
7065,sub-S12605_ses-E26093_run-1_bp-chest_vp-pa_cr.png,-1,-1
7066,sub-S12606_ses-E25772_run-1_bp-chest_vp-ap_cr.png,-1,-1
7067,sub-S12607_ses-E25777_run-1_bp-chest_vp-ap_dx.png,-1,-1
7068,sub-S12609_ses-E25793_run-1_bp-chest_vp-ap_cr.png,-1,-1
7069,sub-S12611_ses-E25821_run-1_bp-chest_vp-ap_dx.png,-1,-1
7070,sub-S12617_ses-E26606_run-1_bp-chest_vp-ap_dx.png,-1,-1
7071,sub-S12619_ses-E25855_run-1_bp-chest_vp-ap_cr.png,-1,-1
7072,sub-S12622_ses-E25906_run-1_bp-chest_vp-ap_dx.png,-1,-1
7073,sub-S12622_ses-E26362_run-1_bp-chest_vp-pa_dx.png,-1,-1
7074,sub-S12625_ses-E25966_acq-1_run-1_bp-chest_vp-pa_cr.png,-1,-1
7075,sub-S12626_ses-E25978_acq-1_run-1_bp-chest_vp-pa_cr.png,-1,-1
7076,sub-S12628_ses-E26041_run-1_bp-chest_vp-ap_dx.png,-1,-1
7077,sub-S12631_ses-E26079_acq-1_run-1_bp-chest_vp-pa_cr.png,-1,-1
7078,sub-S12632_ses-E26095_run-1_bp-chest_vp-ap_dx.png,-1,-1
7079,sub-S12634_ses-E26121_run-1_bp-chest_vp-pa_cr.png,-1,-1
7080,sub-S12636_ses-E26127_run-1_bp-chest_vp-pa_dx.png,-1,-1
7081,sub-S12637_ses-E26142_acq-1_run-1_bp-chest_vp-pa_dx.png,-1,-1
7082,sub-S12638_ses-E26152_run-1_bp-chest_vp-pa_dx.png,-1,-1
7083,sub-S12639_ses-E26153_run-1_bp-chest_vp-pa_cr.png,-1,-1
7084,sub-S12642_ses-E26188_run-1_bp-chest_vp-ap_cr.png,-1,-1
7085,sub-S12643_ses-E26192_acq-1_run-1_bp-chest_vp-pa_cr.png,-1,-1
7086,sub-S12646_ses-E26204_run-1_bp-chest_vp-ap_cr.png,-1,-1
7087,sub-S12649_ses-E26218_run-1_bp-chest_vp-ap_cr.png,-1,-1
7088,sub-S12651_ses-E26235_run-1_bp-chest_vp-ap_cr.png,-1,-1
7089,sub-S12655_ses-E26250_run-1_bp-chest_vp-pa_dx.png,-1,-1
7090,sub-S12656_ses-E26256_run-1_bp-chest_vp-ap_dx.png,-1,-1
7091,sub-S12660_ses-E26431_run-1_bp-chest_vp-ap_dx.png,-1,-1
7092,sub-S12661_ses-E26265_run-1_bp-chest_vp-ap_cr.png,-1,-1
7093,sub-S12662_ses-E26266_run-1_bp-chest_vp-pa_cr.png,-1,-1
7094,sub-S12664_ses-E26269_acq-1_run-1_bp-chest_vp-pa_dx.png,-1,-1
7095,sub-S12665_ses-E26271_run-1_bp-chest_vp-pa_dx.png,-1,-1
7096,sub-S12666_ses-E26272_run-1_bp-chest_vp-ap_cr.png,-1,-1
7097,sub-S12667_ses-E26276_run-1_bp-chest_cr.png,-1,-1
7098,sub-S12678_ses-E26323_run-1_bp-chest_vp-pa_dx.png,-1,-1
7099,sub-S12679_ses-E26328_run-1_bp-chest_vp-ap_dx.png,-1,-1
7100,sub-S12683_ses-E26375_run-1_bp-chest_vp-ap_dx.png,-1,-1
7101,sub-S12687_ses-E26404_run-1_bp-chest_vp-pa_dx.png,-1,-1
7102,sub-S12689_ses-E26414_run-1_bp-chest_vp-pa_dx.png,-1,-1
7103,sub-S12691_ses-E26435_run-1_bp-chest_vp-pa_dx.png,-1,-1
7104,sub-S12692_ses-E26438_run-1_bp-chest_vp-ll_dx.png,-1,-1
7105,sub-S12694_ses-E26454_run-1_bp-chest_vp-ap_dx.png,-1,-1
7106,sub-S12695_ses-E26460_run-1_bp-chest_vp-ap_dx.png,-1,-1
7107,sub-S12696_ses-E26479_run-1_bp-chest_vp-pa_cr.png,-1,-1
7108,sub-S12702_ses-E26513_acq-1_run-1_bp-chest_vp-pa_cr.png,-1,-1
7109,sub-S12703_ses-E26516_run-1_bp-chest_vp-ap_dx.png,-1,-1
7110,sub-S12705_ses-E26524_run-1_bp-chest_vp-pa_cr.png,-1,-1
7111,sub-S12707_ses-E26528_run-1_bp-chest_vp-ap_dx.png,-1,-1
7112,sub-S12714_ses-E26566_run-1_bp-chest_vp-ap_dx.png,-1,-1
7113,sub-S12722_ses-E26600_run-2_bp-chest_vp-ap_dx.png,-1,-1
7114,sub-S12725_ses-E26609_run-1_bp-chest_vp-ap_cr.png,-1,-1
7115,sub-S12725_ses-E27111_run-1_bp-chest_vp-ap_cr.png,-1,-1
7116,sub-S12726_ses-E26614_run-1_bp-chest_vp-pa_dx.png,-1,-1
7117,sub-S12730_ses-E26627_run-1_bp-chest_vp-ap_dx.png,-1,-1
7118,sub-S12733_ses-E26755_run-1_bp-chest_vp-pa_cr.png,-1,-1
7119,sub-S12737_ses-E26644_run-1_bp-chest_vp-pa_cr.png,-1,-1
7120,sub-S12742_ses-E27003_run-1_bp-chest_dx.png,-1,-1
7121,sub-S12743_ses-E26669_run-1_bp-chest_vp-ap_dx.png,-1,-1
7122,sub-S12743_ses-E26852_run-1_bp-chest_vp-ap_dx.png,-1,-1
7123,sub-S12743_ses-E26990_run-1_bp-chest_vp-ap_dx.png,-1,-1
7124,sub-S12743_ses-E26998_run-1_bp-chest_vp-ap_dx.png,-1,-1
7125,sub-S12743_ses-E27055_acq-1_run-1_bp-chest_vp-ap_dx.png,-1,-1
7126,sub-S12744_ses-E26672_run-1_bp-chest_vp-ap_dx.png,-1,-1
7127,sub-S12746_ses-E26677_run-1_bp-chest_vp-pa_dx.png,-1,-1
7128,sub-S12747_ses-E26681_run-1_bp-chest_vp-ap_cr.png,-1,-1
7129,sub-S12757_ses-E26734_run-1_bp-chest_vp-ap_dx.png,-1,-1
7130,sub-S12759_ses-E26745_run-1_bp-chest_vp-ap_dx.png,-1,-1
7131,sub-S12761_ses-E26758_run-1_bp-chest_vp-pa_cr.png,-1,-1
7132,sub-S12761_ses-E27007_run-1_bp-chest_vp-pa_cr.png,-1,-1
7133,sub-S12773_ses-E26873_run-1_bp-chest_vp-ap_dx.png,-1,-1
7134,sub-S12775_ses-E26817_run-1_bp-chest_vp-ap_dx.png,-1,-1
7135,sub-S12788_ses-E26877_run-2_bp-chest_dx.png,-1,-1
7136,sub-S12806_ses-E26975_run-1_bp-chest_vp-ap_cr.png,-1,-1
7137,sub-S12808_ses-E26989_run-1_bp-chest_vp-pa_cr.png,-1,-1
7138,sub-S12811_ses-E27004_run-1_bp-chest_vp-ap_cr.png,-1,-1
7139,sub-S12813_ses-E27011_run-1_bp-chest_vp-ap_cr.png,-1,-1
7140,sub-S12814_ses-E27015_run-1_bp-chest_vp-ap_dx.png,-1,-1
7141,sub-S12825_ses-E27081_run-1_bp-chest_vp-pa_cr.png,-1,-1
7142,sub-S12832_ses-E27129_run-1_bp-chest_vp-ap_cr.png,-1,-1
7143,sub-S12843_ses-E27159_run-1_bp-chest_vp-ap_cr.png,-1,-1
7144,sub-S12844_ses-E27166_run-1_bp-chest_vp-ap_cr.png,-1,-1
